ID,CDSEXE,DTNAIS,MTREV,NBENF,CDSITFAM,DTADH,CDTMT,CDMOTDEM,CDCATCL,BPADH,DTDEM,ISDEM
1,1,,0,0,A,1998-11-30,0,Unknown,98,0,,0
2,2,1939-09-02,0,0,M,1968-02-21,2,Unknown,10,10807,,0
3,3,1941-04-27,1524,0,M,1970-01-20,2,Unknown,10,16807,,0
4,2,1931-03-05,0,0,A,1970-06-15,0,DC,21,10807,,0
5,2,1935-08-25,1722,0,G,1970-06-16,2,Unknown,10,10807,,0
6,3,1937-11-01,0,0,D,1971-05-18,2,Unknown,10,13907,,0
7,3,1934-01-14,0,0,A,1971-08-19,0,Unknown,10,11307,,0
8,2,1933-05-06,0,0,B,1972-07-19,0,DV,21,10807,2001-02-14,1
9,4,1947-09-26,4300,0,C,1977-04-18,2,Unknown,10,16807,,0
10,3,1942-06-14,0,0,A,1980-02-06,0,DV,21,16807,1998-05-25,1
11,3,1944-02-21,1903,0,G,1980-03-14,2,Unknown,10,10807,,0
12,2,1953-06-23,0,3,M,1980-10-06,2,Unknown,10,10807,,0
13,3,1936-04-16,0,0,M,1980-12-15,0,DV,21,11307,2005-12-21,1
14,3,1955-01-01,0,0,A,1981-01-27,0,Unknown,10,11307,,0
15,2,1945-12-21,0,0,A,1981-02-10,0,Unknown,10,11307,,0
16,3,1957-05-11,0,2,M,1981-09-24,2,Unknown,10,10807,,0
17,4,1952-09-07,0,0,C,1981-11-06,2,Unknown,10,10807,,0
18,3,1955-08-28,1738,1,M,1982-09-09,2,Unknown,10,10807,,0
19,4,1954-09-04,0,0,C,1983-07-27,2,Unknown,10,10807,,0
20,2,1924-01-14,0,0,A,1969-11-24,0,Unknown,10,13507,,0
21,2,1946-12-21,4153,1,M,1975-06-05,2,Unknown,10,10107,,0
22,2,1944-12-26,0,0,A,1975-12-01,0,DC,10,10107,,0
23,2,1939-05-21,0,0,M,1976-03-15,0,DC,10,10107,,0
24,2,1940-05-18,2145,1,M,1978-03-21,2,Unknown,10,10307,,0
25,3,1948-07-20,0,0,M,1978-04-12,2,Unknown,10,13507,,0
26,2,1940-11-03,0,0,A,1978-09-19,0,Unknown,10,10307,,0
27,2,1951-12-19,0,0,M,1978-09-20,2,Unknown,10,15807,,0
28,3,1943-11-25,0,0,A,1978-12-14,0,Unknown,10,0,,0
29,3,1945-08-19,0,0,M,1979-02-01,2,Unknown,10,10107,,0
30,3,1948-06-15,0,0,A,1979-03-16,0,Unknown,10,11307,,0
31,2,1944-10-02,1935,1,C,1979-06-01,2,Unknown,10,11307,,0
32,2,1958-03-08,1560,1,M,1979-10-15,2,Unknown,10,10107,,0
33,2,1956-10-29,2506,2,M,1979-11-14,2,Unknown,10,13507,,0
34,2,1948-12-04,2379,2,M,1979-11-27,2,Unknown,10,10107,,0
35,4,1956-07-23,2653,0,C,1980-01-08,2,Unknown,10,13507,,0
36,3,1946-11-21,0,0,A,1980-03-21,0,Unknown,10,18507,,0
37,3,1937-12-02,1829,0,B,1980-07-09,2,Unknown,10,10507,,0
38,2,1961-02-14,0,0,M,1980-07-18,2,Unknown,10,13507,,0
39,3,1940-01-10,0,0,D,1980-09-24,2,Unknown,10,13507,,0
40,3,1950-03-24,1911,2,M,1981-03-16,2,Unknown,10,13507,,0
41,3,1923-01-01,0,0,A,1981-11-16,0,Unknown,10,0,,0
42,3,1935-03-23,0,0,A,1982-06-30,0,Unknown,10,13507,,0
43,2,1945-05-01,2280,0,M,1982-12-22,2,Unknown,10,13507,,0
44,3,1959-02-24,2462,2,E,1983-02-08,2,Unknown,10,10107,,0
45,2,1927-11-14,0,0,M,1965-12-30,2,Unknown,10,17907,,0
46,2,1927-08-06,0,0,V,1966-02-14,2,Unknown,10,12607,,0
47,2,1935-03-30,0,0,M,1968-11-25,2,Unknown,10,11907,,0
48,3,1937-07-06,1691,0,A,1970-06-12,0,Unknown,10,11307,,0
49,3,1937-02-02,1715,0,M,1973-11-15,2,Unknown,10,11907,,0
50,2,1949-05-11,1870,1,M,1975-05-26,2,Unknown,10,11907,,0
51,3,1949-05-11,0,0,M,1976-10-18,2,Unknown,10,11907,,0
52,2,1950-10-05,1946,0,M,1976-12-29,0,Unknown,10,11907,,0
53,3,1920-06-28,0,0,M,1979-09-17,0,Unknown,10,11907,,0
54,2,1947-12-03,0,0,M,1980-11-27,2,Unknown,10,11907,,0
55,2,1941-06-01,0,0,M,1980-12-16,0,DV,21,11907,2006-11-22,1
56,2,1958-01-20,2300,0,C,1981-10-21,2,Unknown,10,11907,,0
57,2,1939-03-18,0,0,A,1982-10-11,0,Unknown,10,11907,,0
58,2,1944-03-19,0,0,A,1982-11-25,2,DC,10,11907,1993-01-27,1
59,2,1913-11-26,0,0,A,1967-05-10,0,DC,10,11307,,0
60,2,1938-09-18,0,0,M,1972-02-15,2,Unknown,10,12807,,0
61,2,1937-09-22,0,0,M,1972-03-01,2,Unknown,10,12807,,0
62,3,1947-01-18,2100,0,M,1972-07-10,2,Unknown,10,12807,,0
63,3,1933-04-18,1830,0,V,1974-06-05,0,Unknown,10,12807,,0
64,2,1931-03-06,0,0,A,1974-12-11,0,Unknown,10,11307,,0
65,2,1913-11-06,0,0,A,1976-01-22,2,DC,21,12807,,0
66,3,1935-02-08,0,0,A,1976-12-24,0,DV,21,11307,2001-01-25,1
67,3,1930-03-11,0,0,M,1977-09-08,2,Unknown,10,12807,,0
68,3,1952-02-26,1766,0,M,1978-01-23,2,Unknown,10,12807,,0
69,4,1959-02-16,2012,1,C,1978-01-31,2,Unknown,10,12807,,0
70,2,1950-02-18,2956,1,E,1978-02-27,2,Unknown,10,12807,,0
71,2,1947-06-19,0,0,S,1979-01-25,2,Unknown,10,12807,,0
72,3,1923-12-07,0,0,A,1980-06-06,0,Unknown,10,12807,,0
73,2,1940-05-27,2193,0,M,1980-07-18,2,Unknown,10,12807,,0
74,3,1945-04-13,0,0,M,1980-10-01,2,Unknown,10,12807,,0
75,2,1936-03-13,0,0,M,1972-09-18,2,Unknown,10,12807,,0
76,3,1961-12-01,0,0,M,1974-01-02,2,Unknown,10,11307,,0
77,2,1947-02-17,1828,0,M,1978-03-08,2,Unknown,10,12807,,0
78,4,1946-01-26,1842,0,C,1982-02-22,2,Unknown,10,12807,,0
79,2,1937-01-04,0,0,A,1971-05-24,0,Unknown,10,11307,,0
80,3,1914-09-25,0,0,A,1972-05-23,0,Unknown,10,11307,,0
81,2,1929-08-01,0,0,A,1973-04-13,0,DV,21,11307,2002-07-12,1
82,2,1946-09-15,0,0,M,1973-07-19,2,Unknown,10,11307,,0
83,2,1945-06-01,1500,0,M,1974-02-22,0,Unknown,10,11307,,0
84,2,1929-10-21,0,0,M,1974-04-22,2,Unknown,10,15607,,0
85,4,1947-04-15,0,0,C,1975-02-03,0,DV,10,0,1991-07-10,1
86,3,1945-06-02,5465,0,C,1975-03-03,2,Unknown,10,15607,,0
87,2,1951-02-23,0,0,A,1977-05-09,0,Unknown,10,11307,,0
88,3,1945-10-12,0,0,A,1977-11-14,0,Unknown,10,11307,,0
89,2,1940-10-01,0,0,A,1977-12-12,0,Unknown,10,11307,,0
90,2,1923-04-24,0,0,A,1977-12-19,0,Unknown,10,11307,,0
91,3,1928-02-16,0,0,M,1978-01-23,2,Unknown,10,15607,,0
92,2,1927-11-22,0,0,A,1978-02-14,0,Unknown,10,11307,,0
93,2,1936-02-05,0,0,A,1978-03-13,0,DC,10,11307,,0
94,3,1940-04-14,0,0,M,1978-11-30,2,Unknown,10,15607,,0
95,3,1959-12-23,0,0,D,1979-06-14,0,DA,21,11307,2002-03-29,1
96,2,1942-07-01,0,0,A,1979-08-08,0,Unknown,10,11307,,0
97,3,1923-10-24,0,0,M,1979-11-12,2,Unknown,10,15607,,0
98,3,1950-09-06,0,0,M,1979-11-05,2,Unknown,10,15607,,0
99,3,1952-05-12,0,0,A,1979-11-26,0,RA,21,15607,2007-02-26,1
100,3,1940-04-03,0,0,A,1980-03-10,0,Unknown,10,11307,,0
101,3,1945-08-28,0,0,A,1980-10-06,0,Unknown,10,11307,,0
102,3,1944-03-02,0,0,A,1980-10-27,2,DC,10,15607,,0
103,3,1954-04-19,0,3,M,1980-11-24,2,Unknown,10,15607,,0
104,2,1956-01-04,0,0,A,1980-12-09,0,DV,21,15607,1999-11-08,1
105,2,1932-12-01,0,0,A,1981-04-02,0,Unknown,10,11307,,0
106,2,1949-12-14,0,0,D,1981-07-21,2,Unknown,10,15607,,0
107,3,1956-03-14,0,0,A,1982-01-19,0,Unknown,10,11307,,0
108,2,1942-06-29,0,0,D,1982-02-08,0,DV,21,15607,2005-01-11,1
109,3,1934-10-25,0,0,M,1982-02-08,2,Unknown,10,15607,,0
110,2,1959-07-17,0,0,C,1982-09-27,2,Unknown,10,15607,,0
111,2,1919-05-16,0,0,A,1983-02-10,0,Unknown,10,15607,,0
112,4,1963-03-06,0,0,C,1983-04-25,0,Unknown,10,11307,,0
113,2,1932-05-23,0,0,M,1983-06-06,0,Unknown,10,15607,,0
114,3,1944-09-24,0,0,D,1983-10-12,0,Unknown,10,11307,,0
115,2,1934-08-09,2050,0,M,1963-08-29,0,DC,21,15707,,0
116,2,1944-12-18,0,0,A,1973-04-19,0,Unknown,10,11307,,0
117,3,1940-01-20,0,0,M,1975-10-29,2,Unknown,10,15707,,0
118,2,1933-07-22,1924,0,M,1975-10-29,2,Unknown,10,15707,,0
119,3,1930-07-22,0,0,M,1975-12-30,2,Unknown,10,12807,,0
120,2,1950-12-06,2880,1,U,1976-10-18,2,Unknown,10,12807,,0
121,2,1946-09-10,0,0,S,1978-09-18,2,Unknown,10,12807,,0
122,3,1934-08-26,0,0,A,1978-11-13,0,Unknown,10,11307,,0
123,3,1949-08-01,0,0,M,1980-01-15,6,Unknown,10,17507,,0
124,3,1957-10-02,0,0,A,1981-05-11,0,Unknown,10,11307,,0
125,3,1944-01-16,0,0,A,1981-11-30,0,Unknown,10,12807,,0
126,3,1956-10-15,1627,1,B,1982-05-12,2,Unknown,10,12807,,0
127,3,1931-02-23,0,0,C,1982-12-22,2,Unknown,10,15707,,0
128,2,1949-01-05,2600,2,M,1976-12-13,2,DC,21,12807,,0
129,2,1952-07-31,2950,2,M,1978-01-27,2,Unknown,10,13607,,0
130,2,1944-04-24,0,0,A,1980-11-18,0,Unknown,10,11307,,0
131,2,1944-04-06,2400,1,B,1980-12-30,2,Unknown,10,13507,,0
132,3,1943-09-06,0,0,A,1973-06-15,0,DV,10,0,1992-06-17,1
133,2,1943-02-25,2474,2,G,1975-11-20,2,Unknown,10,16607,,0
134,2,1931-09-01,0,0,M,1977-05-05,2,Unknown,10,16607,,0
135,3,1952-08-16,2055,1,D,1977-05-06,2,Unknown,10,16607,,0
136,2,1930-06-22,0,0,M,1977-08-08,2,Unknown,10,16607,,0
137,3,1941-09-26,0,0,M,1977-11-28,2,Unknown,10,16607,,0
138,2,1909-06-27,0,0,M,1978-11-27,0,DC,10,0,,0
139,2,1940-05-24,0,0,M,1978-12-14,2,Unknown,10,16607,,0
140,2,1951-04-07,2113,2,M,1979-10-11,2,Unknown,10,16607,,0
141,3,1932-05-05,0,0,V,1979-12-26,0,DC,21,16607,,0
142,3,1939-10-22,0,0,M,1980-09-29,2,Unknown,10,16607,,0
143,2,1947-08-15,0,0,M,1981-11-16,2,Unknown,10,16607,,0
144,2,1936-04-29,0,0,M,1981-11-23,0,Unknown,10,16607,,0
145,2,1937-03-08,4261,0,M,1982-06-14,0,Unknown,10,11307,,0
146,2,1926-08-16,0,0,M,1969-09-29,2,Unknown,10,16807,,0
147,2,1951-04-17,0,0,M,1976-04-12,2,Unknown,10,18507,,0
148,3,1950-02-24,2183,0,G,1977-12-16,2,Unknown,10,12607,,0
149,2,1942-09-05,0,0,M,1979-04-13,2,Unknown,10,18507,,0
150,3,1945-08-20,1010,0,M,1980-02-14,2,Unknown,10,18507,,0
151,2,1936-01-13,0,0,A,1980-06-30,0,Unknown,10,11307,,0
152,2,1959-05-15,0,0,A,1980-10-21,0,DC,10,18507,,0
153,2,1955-10-20,0,0,A,1980-10-29,0,Unknown,10,11307,,0
154,2,1929-03-29,0,0,A,1980-12-19,0,Unknown,10,18507,,0
155,3,1945-12-31,0,0,D,1981-03-09,2,Unknown,10,18507,,0
156,3,1962-03-03,0,0,A,1981-11-17,0,Unknown,10,18507,,0
157,3,1959-10-11,0,2,D,1982-09-09,2,Unknown,10,18507,,0
158,3,1957-11-19,0,0,M,1983-09-05,2,Unknown,10,18507,,0
159,3,1924-11-14,0,0,M,1967-12-11,2,Unknown,10,16607,,0
160,3,1940-02-28,0,0,C,1971-01-15,2,Unknown,10,16607,,0
161,4,1948-11-15,3581,0,C,1971-07-09,2,Unknown,10,11307,,0
162,3,1947-10-15,2430,0,M,1972-05-04,2,Unknown,10,16607,,0
163,3,1938-07-25,0,0,M,1973-06-30,6,Unknown,10,16607,,0
164,3,1934-05-07,0,0,A,1974-04-18,0,Unknown,10,11307,,0
165,3,1941-07-05,2030,0,M,1974-05-04,2,Unknown,10,15707,,0
166,2,1930-09-10,0,0,A,1975-03-06,2,DC,10,0,1992-06-24,1
167,3,1940-02-02,0,0,D,1975-11-04,0,DV,21,16607,2003-04-11,1
168,3,1943-10-19,0,0,M,1976-09-17,2,Unknown,10,16607,,0
169,3,1946-05-30,0,0,D,1977-03-28,2,Unknown,10,16607,,0
170,3,1940-11-22,2617,1,D,1977-05-03,2,Unknown,10,16607,,0
171,3,1942-08-09,0,0,M,1977-06-28,0,Unknown,25,16607,,0
172,4,1949-04-08,0,0,C,1977-07-02,0,Unknown,10,11307,,0
173,2,1939-03-26,0,0,M,1977-07-07,2,Unknown,10,16607,,0
174,2,1954-08-19,0,0,D,1977-10-17,2,Unknown,10,16607,,0
175,3,1945-09-04,0,0,M,1978-02-23,2,Unknown,10,16607,,0
176,2,1938-01-14,2241,0,M,1978-07-18,2,Unknown,10,16607,,0
177,2,1931-05-03,0,0,M,1978-10-24,0,Unknown,10,16607,,0
178,2,1947-11-16,0,0,D,1978-11-29,2,Unknown,10,16607,,0
179,4,1913-08-11,0,0,C,1979-01-23,0,DC,10,16607,1991-12-26,1
180,2,1946-05-02,0,0,M,1979-03-27,2,Unknown,10,10607,,0
181,3,1943-04-01,0,0,M,1979-10-31,6,Unknown,10,16607,,0
182,3,1935-09-03,0,0,M,1980-02-06,2,Unknown,10,16607,,0
183,2,1939-01-10,0,0,M,1980-08-07,2,Unknown,10,16607,,0
184,2,1953-05-24,0,0,A,1984-01-13,0,Unknown,10,11307,,0
185,3,1919-09-08,0,0,A,1971-05-17,0,Unknown,10,11307,,0
186,2,1936-12-06,2400,0,V,1976-03-03,2,Unknown,10,10507,,0
187,3,1952-05-17,0,0,M,1977-05-03,2,Unknown,10,10507,,0
188,3,1942-12-22,2194,0,M,1977-05-18,2,Unknown,10,10507,,0
189,2,1934-11-02,0,0,M,1977-05-18,2,Unknown,10,10507,,0
190,3,1945-09-17,0,0,A,1978-01-09,0,Unknown,10,11307,,0
191,3,1939-11-29,2500,0,C,1978-01-11,2,Unknown,10,10507,,0
192,3,1945-06-12,0,0,A,1978-06-02,0,Unknown,10,10507,,0
193,2,1928-12-04,0,0,M,1978-11-14,2,Unknown,10,10507,,0
194,3,1949-01-29,0,0,A,1978-11-29,0,DV,21,11307,2006-02-27,1
195,4,1949-08-02,3779,0,C,1979-05-21,2,Unknown,10,10507,,0
196,4,1956-03-26,0,0,C,1979-07-20,0,Unknown,10,10507,,0
197,3,1940-10-01,1830,0,B,1979-09-27,2,Unknown,10,10507,,0
198,3,1932-05-21,0,0,A,1980-01-23,0,Unknown,10,10507,,0
199,3,1936-03-07,0,0,A,1980-11-10,0,Unknown,10,10507,,0
200,2,1939-08-03,0,0,A,1981-01-26,0,DC,21,10507,,0
201,2,1952-08-11,3000,0,M,1981-09-22,2,Unknown,10,10507,,0
202,2,1961-02-22,0,0,D,1981-11-09,2,Unknown,10,10507,,0
203,3,1948-12-04,0,0,A,1981-11-26,0,Unknown,10,10507,,0
204,2,1950-05-21,0,0,M,1981-12-29,2,Unknown,10,10507,,0
205,3,1955-10-30,0,0,C,1982-10-07,2,Unknown,10,10507,,0
206,2,1955-04-29,0,0,A,1983-06-07,0,Unknown,10,10507,,0
207,3,1938-04-22,0,0,A,1967-02-06,0,DC,10,0,1993-03-17,1
208,3,1928-08-05,0,0,A,1969-09-26,0,Unknown,10,11307,,0
209,4,1933-03-17,0,0,C,1969-10-31,0,Unknown,10,11307,,0
210,3,1926-05-09,0,0,A,1970-04-09,0,Unknown,10,11307,,0
211,2,1932-08-07,0,0,A,1970-07-10,0,Unknown,10,11307,,0
212,2,1933-03-07,0,0,A,1970-10-22,0,Unknown,10,11307,,0
213,2,1924-04-15,0,0,M,1970-12-19,2,Unknown,10,14607,,0
214,2,1928-08-23,0,0,M,1971-01-14,2,Unknown,10,14607,,0
215,2,1942-01-23,0,0,A,1971-01-16,0,Unknown,10,11307,,0
216,2,1942-06-11,0,0,A,1971-01-19,0,Unknown,10,11307,,0
217,3,1936-10-15,0,0,M,1971-01-30,2,Unknown,10,14607,,0
218,2,1932-10-19,0,0,A,1971-02-04,0,Unknown,10,11307,,0
219,2,1943-02-22,0,0,A,1971-02-16,0,Unknown,10,11307,,0
220,3,1930-03-14,1793,0,M,1971-02-20,2,DV,21,14607,2001-01-31,1
221,3,1938-05-19,3168,0,D,1971-03-04,2,Unknown,10,14607,,0
222,3,1931-03-11,0,0,A,1971-04-15,0,Unknown,10,11307,,0
223,3,1934-10-17,0,0,A,1971-04-30,0,Unknown,10,11307,,0
224,3,1937-10-04,0,0,A,1971-05-15,0,Unknown,10,11307,,0
225,4,1930-08-09,0,0,C,1971-05-27,0,Unknown,10,11307,,0
226,3,1933-03-13,0,0,A,1971-07-31,0,Unknown,10,11307,,0
227,2,1943-03-30,0,0,A,1971-09-16,0,Unknown,10,11307,,0
228,2,1934-04-05,0,0,A,1971-10-07,0,DC,21,11307,,0
229,2,1938-08-03,0,0,A,1971-10-14,0,Unknown,10,11307,,0
230,3,1936-05-09,0,0,A,1971-10-19,0,Unknown,10,11307,,0
231,2,1939-11-12,3104,0,M,1971-11-26,2,Unknown,10,14607,,0
232,3,1943-09-01,0,0,A,1971-12-03,0,Unknown,10,11307,,0
233,3,1921-07-17,0,0,A,1971-12-09,0,Unknown,10,11307,,0
234,2,1936-12-07,0,0,A,1971-12-21,0,Unknown,10,11307,,0
235,3,1923-08-22,0,0,M,1971-12-30,2,Unknown,10,14607,,0
236,3,1941-12-24,2402,0,D,1972-01-27,2,Unknown,10,14607,,0
237,2,1929-05-22,0,0,A,1972-01-29,0,Unknown,10,11307,,0
238,2,1944-07-31,0,0,D,1972-02-08,2,Unknown,10,11307,,0
239,3,1938-08-20,0,0,M,1972-02-08,0,DV,21,14607,2006-10-31,1
240,3,1939-07-11,0,0,A,1972-03-11,0,Unknown,10,11307,,0
241,2,1944-03-16,2035,2,G,1972-03-14,0,Unknown,10,11307,,0
242,2,1945-05-24,0,0,B,1972-03-22,0,Unknown,10,11307,,0
243,2,1911-04-10,0,0,A,1972-04-13,0,Unknown,10,11307,,0
244,3,1938-06-23,8193,0,S,1972-05-24,2,Unknown,10,14607,,0
245,2,1935-10-10,1908,0,B,1972-06-08,2,Unknown,10,14607,,0
246,4,1944-10-30,0,0,C,1972-06-22,0,DV,21,11307,2007-01-03,1
247,2,1922-08-02,0,0,A,1972-06-23,0,DV,21,11307,2000-12-04,1
248,3,1912-01-24,0,0,A,1972-06-30,0,Unknown,10,11307,,0
249,3,1947-06-24,0,0,A,1972-07-29,0,Unknown,10,11307,,0
250,2,1948-03-15,0,0,A,1972-08-19,0,Unknown,10,11307,,0
251,2,1952-05-25,0,0,A,1972-09-02,0,Unknown,10,11307,,0
252,4,1947-03-23,0,0,C,1972-10-28,0,Unknown,10,14607,,0
253,4,1939-12-08,0,0,C,1972-11-08,2,DC,10,14607,,0
254,2,1946-07-19,0,0,A,1972-11-21,0,Unknown,10,11307,,0
255,2,1943-01-01,0,0,C,1972-11-24,2,Unknown,10,14607,,0
256,3,1921-07-18,0,0,A,1972-12-22,0,Unknown,10,11307,,0
257,3,1941-10-25,1000,0,A,1973-01-30,0,Unknown,10,11307,,0
258,2,1943-08-27,0,0,D,1973-07-02,2,Unknown,10,14607,,0
259,4,1949-01-17,0,0,C,1973-07-20,0,Unknown,10,11307,,0
260,3,1919-02-26,0,0,M,1973-10-31,2,Unknown,10,14607,,0
261,2,1946-07-22,3385,2,M,1973-11-23,2,Unknown,10,14607,,0
262,2,1938-05-25,0,0,A,1974-03-26,0,DV,10,11307,2005-09-23,1
263,4,1930-08-08,0,0,C,1974-05-07,0,DC,10,11307,,0
264,3,1940-08-24,0,0,A,1974-05-07,0,DV,21,11307,2000-01-07,1
265,3,1947-03-06,3000,0,M,1974-08-30,0,Unknown,10,11307,,0
266,2,1940-12-17,2300,0,B,1974-09-24,2,Unknown,10,14607,,0
267,2,1930-12-04,0,0,A,1974-11-21,0,Unknown,10,11307,,0
268,3,1938-07-13,0,0,M,1974-10-30,0,Unknown,10,14607,,0
269,4,1973-04-24,0,0,C,1974-12-20,0,Unknown,21,11307,,0
270,4,1943-09-22,0,0,C,1975-01-08,2,Unknown,21,14607,,0
271,2,1924-01-24,0,0,A,1975-02-04,0,Unknown,10,11307,,0
272,3,1933-08-27,0,0,M,1975-03-26,2,Unknown,10,14607,,0
273,2,1943-10-22,0,0,M,1975-04-09,2,Unknown,10,14607,,0
274,2,1942-02-18,3601,0,C,1975-04-24,2,Unknown,10,14607,,0
275,3,1950-04-19,2482,0,E,1975-05-21,2,Unknown,10,14607,,0
276,2,1932-12-10,0,0,M,1975-05-28,0,Unknown,10,15707,,0
277,2,1940-06-01,0,0,A,1975-08-28,0,Unknown,10,11307,,0
278,3,1949-05-13,0,0,A,1975-10-15,0,Unknown,10,11307,,0
279,2,1951-02-16,2224,2,U,1975-12-15,2,Unknown,10,14607,,0
280,3,1921-02-19,0,0,M,1976-01-07,0,Unknown,10,14607,,0
281,2,1941-02-24,1884,0,S,1976-01-29,2,Unknown,10,14607,,0
282,2,1945-11-03,0,0,A,1976-03-03,0,Unknown,10,11307,,0
283,2,1949-11-23,0,0,C,1976-04-07,2,Unknown,10,14607,,0
284,3,1946-01-02,0,0,M,1976-05-05,2,Unknown,10,14607,,0
285,2,1937-08-06,0,0,A,1976-05-20,0,Unknown,10,11307,,0
286,2,1943-11-07,0,0,V,1976-05-31,2,Unknown,10,14607,,0
287,3,1942-11-06,0,0,M,1976-08-03,2,Unknown,10,14607,,0
288,3,1946-02-01,1841,2,M,1976-09-13,2,Unknown,10,14607,,0
289,1,,0,0,A,1976-09-28,0,Unknown,50,11307,,0
290,3,1935-11-02,0,0,A,1976-10-15,0,Unknown,10,11307,,0
291,2,1946-01-29,0,0,M,1976-12-24,2,Unknown,10,14607,,0
292,2,1941-06-05,0,0,M,1977-01-12,2,Unknown,10,14607,,0
293,3,1947-07-16,2454,2,G,1977-03-03,0,Unknown,10,11307,,0
294,2,1943-03-27,0,0,A,1977-04-12,0,Unknown,21,0,,0
295,3,1933-05-12,0,0,A,1977-04-13,0,DV,21,14607,2004-09-23,1
296,3,1929-11-11,0,0,A,1977-07-06,0,Unknown,10,11307,,0
297,2,1943-03-01,0,0,A,1977-07-19,0,Unknown,10,11307,,0
298,4,1925-07-15,0,0,C,1968-05-14,2,Unknown,10,13807,,0
299,2,1940-10-19,3337,0,M,1969-01-23,2,Unknown,10,16707,,0
300,2,1931-08-20,2500,0,G,1969-02-28,2,Unknown,10,10907,,0
301,2,1933-11-05,0,0,M,1969-10-08,0,Unknown,10,11307,,0
302,1,,0,0,A,1971-01-08,0,Unknown,50,10107,,0
303,3,1949-04-21,1948,0,D,1971-03-23,2,Unknown,10,10107,,0
304,2,1921-03-23,0,0,M,1971-12-03,2,Unknown,10,10107,,0
305,3,1935-01-18,2423,0,V,1972-02-29,0,Unknown,10,11307,,0
306,3,1947-07-25,0,0,A,1972-03-21,0,Unknown,10,11307,,0
307,3,1924-12-05,0,0,A,1972-06-26,0,DV,21,11307,2006-06-19,1
308,3,1951-12-02,1504,0,M,1972-06-30,2,Unknown,10,16707,,0
309,3,1922-10-26,0,0,A,1972-07-04,0,DC,21,10107,,0
310,2,1940-01-19,0,0,M,1972-12-22,2,Unknown,10,10107,,0
311,2,1944-04-01,2789,0,D,1974-07-10,2,Unknown,10,10107,,0
312,2,1937-08-12,0,0,A,1975-04-16,0,Unknown,10,11307,,0
313,3,1937-03-08,0,0,V,1975-12-03,2,Unknown,10,10107,,0
314,3,1941-12-16,0,0,A,1976-02-27,0,Unknown,10,11307,,0
315,2,1950-11-30,0,2,M,1976-03-05,2,Unknown,10,16707,,0
316,3,1952-02-05,0,0,A,1976-06-09,0,Unknown,10,10107,,0
317,2,1945-03-21,0,0,A,1976-07-07,0,Unknown,10,11307,,0
318,3,1940-01-20,0,0,M,1976-07-19,2,Unknown,10,11307,,0
319,2,1927-09-09,0,0,M,1977-01-20,2,Unknown,10,10107,,0
320,2,1941-06-13,0,0,A,1977-06-15,0,Unknown,10,11307,,0
321,3,1950-08-03,2439,1,M,1977-07-25,2,Unknown,10,10307,,0
322,3,1942-04-01,0,0,A,1978-01-10,0,DC,10,11307,,0
323,2,1953-04-23,2195,2,M,1978-01-18,2,Unknown,10,10107,,0
324,4,1933-01-01,0,0,C,1978-02-23,2,Unknown,10,10107,,0
325,3,1949-05-18,0,0,A,1978-07-27,0,DV,21,11307,2007-02-16,1
326,2,1945-10-18,0,0,D,1979-04-19,2,Unknown,10,10107,,0
327,2,1940-07-02,0,0,A,1979-05-02,0,Unknown,10,11307,,0
328,2,1952-07-28,0,0,M,1979-06-29,2,Unknown,10,10107,,0
329,3,1940-12-30,0,0,M,1979-07-17,2,Unknown,10,11307,,0
330,3,1947-07-06,1650,0,U,1979-10-12,2,Unknown,10,10107,,0
331,3,1937-02-09,0,0,M,1979-10-29,2,Unknown,10,10107,,0
332,2,1911-02-20,0,0,A,1979-12-03,0,DC,21,11307,,0
333,3,1949-12-24,0,0,A,1979-12-28,0,Unknown,10,11307,,0
334,3,1941-09-29,0,0,M,1980-01-30,2,Unknown,10,10107,,0
335,2,1952-04-26,0,0,A,1980-03-05,0,Unknown,10,11307,,0
336,3,1947-01-31,0,0,A,1980-07-03,2,Unknown,10,10107,,0
337,2,1949-08-20,3000,4,S,1980-09-12,2,Unknown,10,10107,,0
338,3,1950-08-19,0,1,M,1980-11-17,2,Unknown,10,10107,,0
339,3,1973-08-31,0,0,M,1981-04-01,2,Unknown,10,10107,,0
340,3,1946-06-24,2694,0,M,1981-04-06,2,Unknown,10,11307,,0
341,3,1948-07-18,0,0,A,1981-05-20,0,Unknown,10,10107,,0
342,3,1922-10-12,0,0,A,1981-06-04,0,Unknown,10,11307,,0
343,2,1951-11-08,3100,1,M,1981-07-20,2,Unknown,10,10107,,0
344,2,1954-11-05,0,0,A,1981-07-20,0,Unknown,10,10107,,0
345,3,1954-11-16,2987,2,D,1981-09-04,2,Unknown,10,10107,,0
346,3,1945-01-19,2210,0,U,1982-05-10,2,Unknown,10,10107,,0
347,2,1943-04-08,3000,0,M,1982-10-25,2,Unknown,10,10107,,0
348,3,1947-01-15,987,1,M,1983-01-18,2,Unknown,10,10107,,0
349,2,1961-02-04,2879,3,M,1983-01-28,2,Unknown,10,10107,,0
350,2,1960-03-27,0,0,A,1983-03-11,0,Unknown,10,10107,,0
351,2,1955-04-05,0,0,C,1983-03-21,2,Unknown,10,10107,,0
352,3,1958-07-17,3165,3,D,1983-06-23,2,Unknown,10,10107,,0
353,2,1958-01-19,0,0,M,1984-01-06,0,DV,21,10107,2007-01-22,1
354,3,1957-06-09,1768,2,M,1984-01-23,2,Unknown,10,10107,,0
355,2,1938-04-26,0,0,A,1971-11-29,0,Unknown,10,11307,,0
356,2,1930-06-27,0,0,M,1975-09-26,2,Unknown,10,11907,,0
357,2,1931-03-24,0,0,A,1976-02-10,0,DC,21,11907,,0
358,2,1935-01-12,0,0,M,1977-01-25,2,Unknown,10,11907,,0
359,3,1948-12-31,2367,3,D,1979-05-22,2,Unknown,10,11907,,0
360,2,1950-03-14,0,0,A,1979-07-23,0,DV,10,11907,1995-11-29,1
361,3,1951-04-29,0,0,V,1979-10-08,2,Unknown,10,10507,,0
362,3,1960-03-14,0,0,M,1982-02-16,2,Unknown,10,11907,,0
363,2,1932-11-14,0,0,A,1983-02-21,0,DC,10,0,1992-01-08,1
364,3,1914-10-28,0,0,A,1977-12-20,0,Unknown,10,11307,,0
365,3,1940-10-26,0,0,A,1978-06-29,0,Unknown,10,13607,,0
366,3,1956-08-29,0,0,A,1978-10-30,0,Unknown,10,13607,,0
367,3,1944-01-28,0,0,A,1978-12-11,0,Unknown,10,13607,,0
368,3,1939-12-25,2201,0,M,1980-09-12,0,Unknown,10,0,,0
369,2,1916-06-25,0,0,A,1981-02-06,2,DC,10,13607,,0
370,2,1952-03-29,0,0,C,1981-12-16,0,Unknown,10,13607,,0
371,2,1943-03-08,0,1,D,1983-01-13,2,Unknown,10,13607,,0
372,2,1955-04-03,0,0,A,1983-11-02,0,Unknown,21,13607,,0
373,3,1946-04-30,3788,1,M,1976-10-06,2,Unknown,10,15807,,0
374,3,1942-12-18,0,0,M,1977-03-14,2,Unknown,10,15807,,0
375,3,1950-09-15,0,2,D,1977-03-21,2,Unknown,10,15807,,0
376,3,1946-01-22,0,0,M,1977-11-21,2,Unknown,10,15807,,0
377,2,1952-11-09,0,0,M,1978-09-06,2,Unknown,10,15807,,0
378,2,1954-08-11,2636,1,M,1978-09-25,2,Unknown,10,15807,,0
379,3,1928-12-03,0,0,M,1978-11-20,2,Unknown,10,15807,,0
380,2,1949-08-04,0,1,M,1979-02-21,2,Unknown,10,15807,,0
381,2,1944-12-04,0,0,M,1979-12-03,2,Unknown,10,15807,,0
382,3,1951-06-24,1920,1,C,1980-01-22,2,Unknown,10,15807,,0
383,3,1929-10-28,1735,0,V,1980-02-05,2,Unknown,10,15807,,0
384,2,1956-06-17,0,0,M,1980-05-27,0,Unknown,10,15807,,0
385,3,1935-07-02,0,0,D,1980-06-25,2,Unknown,10,15807,,0
386,3,1958-03-20,2036,3,B,1980-07-25,0,Unknown,10,15807,,0
387,3,1956-12-14,0,0,M,1980-09-08,2,Unknown,10,15807,,0
388,3,1953-03-29,2250,0,E,1980-10-20,2,Unknown,10,15807,,0
389,3,1931-06-20,0,0,D,1980-11-20,2,Unknown,10,15807,,0
390,2,1947-03-18,2306,0,M,1981-01-09,2,Unknown,10,15807,,0
391,2,1944-01-27,0,0,M,1981-01-15,2,Unknown,10,15807,,0
392,2,1947-05-16,0,0,A,1981-10-27,0,Unknown,10,11307,,0
393,2,1958-07-14,0,0,S,1981-11-09,2,Unknown,10,15807,,0
394,2,1955-05-05,2576,0,C,1981-12-28,0,Unknown,10,15807,,0
395,3,1942-06-27,0,0,M,1982-02-08,2,Unknown,10,15807,,0
396,3,1911-04-12,0,0,A,1982-05-06,0,Unknown,10,15807,,0
397,2,1957-10-07,2064,1,U,1982-11-10,0,DV,21,10907,2004-12-24,1
398,2,1941-11-08,0,0,A,1983-01-28,0,Unknown,10,15807,,0
399,4,1962-01-25,0,0,C,1983-03-21,0,Unknown,10,15807,,0
400,2,1947-07-19,2300,0,G,1983-03-29,2,Unknown,10,15807,,0
401,4,1961-09-25,1900,3,U,1983-05-24,2,Unknown,10,15807,,0
402,4,1949-03-23,0,0,C,1983-09-20,0,DC,10,15807,,0
403,3,1944-03-23,1843,0,E,1983-11-09,2,Unknown,10,15807,,0
404,3,1942-02-26,0,0,A,1973-07-25,0,Unknown,10,11307,,0
405,2,1947-01-04,0,0,A,1975-08-08,0,Unknown,10,11307,,0
406,2,1950-08-22,2466,2,M,1977-09-02,2,Unknown,10,17907,,0
407,3,1947-08-08,0,0,A,1977-11-02,0,Unknown,10,11307,,0
408,3,1944-03-21,0,0,M,1979-07-05,2,Unknown,10,17907,,0
409,2,1953-04-23,0,0,A,1980-07-25,0,Unknown,10,11307,,0
410,3,1948-04-10,0,0,A,1980-09-26,0,Unknown,10,11307,,0
411,3,1956-03-21,0,0,A,1980-09-30,0,Unknown,10,17907,,0
412,2,1948-05-12,0,0,A,1981-07-27,2,Unknown,10,17907,,0
413,2,1945-07-28,0,0,A,1981-08-20,0,DV,21,17907,2002-01-22,1
414,3,1954-03-11,0,2,M,1981-09-29,2,Unknown,10,17907,,0
415,4,1944-10-30,2121,0,C,1981-12-17,2,Unknown,10,17907,,0
416,2,1930-11-18,0,0,A,1983-04-21,0,Unknown,10,17907,,0
417,2,1919-11-14,0,0,A,1972-10-05,0,DC,10,0,1994-10-20,1
418,3,1946-07-15,0,0,M,1975-12-12,2,Unknown,10,13607,,0
419,2,1943-01-16,0,0,M,1976-02-23,2,Unknown,10,11907,,0
420,3,1948-04-17,0,0,D,1977-01-07,2,Unknown,10,11907,,0
421,2,1936-08-01,0,0,M,1977-05-17,2,Unknown,10,11907,,0
422,2,1945-01-03,0,0,M,1977-09-19,2,Unknown,10,11907,,0
423,2,1947-07-23,2092,0,U,1977-12-12,2,Unknown,10,13607,,0
424,3,1954-02-07,0,0,M,1978-04-26,2,Unknown,10,11907,,0
425,3,1950-03-19,2000,0,G,1979-03-30,2,Unknown,10,13607,,0
426,3,1954-12-22,0,0,M,1979-10-08,2,Unknown,10,11907,,0
427,3,1946-05-01,1575,2,M,1981-04-02,2,Unknown,10,14607,,0
428,4,1948-11-18,0,0,C,1981-10-05,2,Unknown,10,11307,,0
429,3,1950-10-24,0,0,A,1982-06-24,0,Unknown,10,13607,,0
430,3,1943-05-23,0,0,M,1982-06-30,2,Unknown,10,13607,,0
431,3,1965-09-08,1245,2,M,1983-07-04,2,Unknown,10,13607,,0
432,2,1938-01-11,2551,0,G,1983-09-19,2,Unknown,10,13607,,0
433,3,1941-09-26,2206,0,A,1975-09-02,0,Unknown,10,11307,,0
434,3,1944-06-11,0,0,D,1976-06-08,2,Unknown,10,14607,,0
435,1,,0,0,A,1977-01-03,4,Unknown,50,11307,,0
436,3,1922-02-16,0,0,M,1978-05-18,2,Unknown,10,14607,,0
437,2,1949-12-25,0,0,A,1978-07-20,2,Unknown,10,14607,,0
438,2,1930-06-07,0,0,A,1978-10-10,0,Unknown,10,11307,,0
439,2,1938-02-01,1310,0,U,1979-02-19,2,Unknown,10,14607,,0
440,4,1940-08-22,0,0,C,1979-10-15,2,Unknown,10,14607,,0
441,3,1926-01-01,0,0,M,1980-01-28,2,Unknown,10,14607,,0
442,3,1953-06-13,2381,1,M,1980-10-13,2,Unknown,10,14607,,0
443,4,1949-12-23,0,0,C,1982-04-22,2,Unknown,10,14607,,0
444,2,1931-08-28,0,0,M,1982-12-06,2,Unknown,10,14607,,0
445,3,1959-08-30,0,0,M,1983-01-11,2,Unknown,10,14607,,0
446,2,1940-02-25,2893,0,D,1984-01-26,2,Unknown,10,14607,,0
447,3,1928-05-26,0,0,A,1971-11-08,0,DV,21,12607,2004-12-10,1
448,3,1915-03-31,0,0,A,1972-05-15,0,Unknown,10,12607,,0
449,2,1959-10-26,0,0,A,1976-09-13,0,Unknown,21,11307,,0
450,2,1935-12-15,0,0,M,1977-06-07,2,Unknown,10,12607,,0
451,4,1951-03-26,0,0,C,1977-11-02,2,Unknown,10,12607,,0
452,2,1940-02-09,1581,0,M,1977-12-12,2,Unknown,10,12607,,0
453,3,1952-12-05,2644,2,B,1978-10-27,6,Unknown,10,12607,,0
454,3,1955-06-17,0,0,A,1979-03-22,0,Unknown,10,12607,,0
455,2,1951-09-04,0,0,M,1979-04-12,2,Unknown,10,12607,,0
456,3,1935-06-21,0,0,B,1979-04-30,2,Unknown,10,12607,,0
457,2,1929-03-12,0,0,M,1979-04-30,2,Unknown,10,12607,,0
458,2,1951-05-02,0,0,A,1979-08-08,0,Unknown,10,12607,,0
459,2,1950-09-09,0,0,A,1979-09-14,0,Unknown,10,11307,,0
460,2,1935-03-17,0,0,A,1980-04-02,0,DV,21,12607,2002-06-14,1
461,2,1948-04-05,1342,3,M,1981-01-26,2,Unknown,10,12607,,0
462,3,1936-10-02,0,0,D,1981-03-24,2,Unknown,10,12607,,0
463,3,1937-07-01,2288,0,D,1981-08-10,0,Unknown,10,12607,,0
464,2,1944-08-12,0,0,M,1982-01-26,2,Unknown,10,12607,,0
465,3,1933-06-15,0,0,A,1982-02-15,0,Unknown,10,12607,,0
466,3,1948-10-05,2078,1,F,1982-05-06,2,Unknown,10,16807,,0
467,2,1948-05-04,1908,0,M,1982-10-26,2,Unknown,10,12607,,0
468,2,1935-06-06,0,0,D,1982-12-02,2,Unknown,10,15607,,0
469,3,1950-10-07,1304,0,D,1983-03-24,2,Unknown,10,12607,,0
470,2,1946-05-12,0,0,M,1983-05-31,2,Unknown,10,12607,,0
471,3,1961-05-26,1300,0,M,1983-08-03,2,Unknown,10,12607,,0
472,3,1961-02-20,1950,2,G,1983-12-30,2,Unknown,10,12607,,0
473,2,1912-07-12,0,0,A,1969-10-13,2,Unknown,10,16707,,0
474,3,1940-03-26,0,0,A,1969-11-24,0,Unknown,10,11307,,0
475,3,1939-02-23,0,0,A,1971-12-31,0,Unknown,10,11307,,0
476,2,1940-11-17,0,0,A,1970-04-07,0,Unknown,10,11307,,0
477,2,1933-04-17,0,0,A,1970-04-23,0,Unknown,10,11307,,0
478,2,1936-07-25,0,0,A,1971-09-15,0,Unknown,10,11307,,0
479,2,1937-03-19,0,0,A,1972-01-26,0,Unknown,10,11307,,0
480,3,1942-12-27,0,0,M,1973-01-15,2,Unknown,10,16707,,0
481,2,1958-02-03,0,0,M,1979-09-07,0,Unknown,10,16707,,0
482,2,1938-09-14,0,0,A,1979-10-30,0,Unknown,10,0,,0
483,2,1954-10-09,1980,1,D,1979-11-23,2,Unknown,10,16707,,0
484,3,1939-12-15,0,0,A,1980-03-19,0,DV,21,16707,2004-05-19,1
485,2,1946-04-25,0,0,A,1980-04-04,0,Unknown,10,0,,0
486,2,1937-08-14,0,0,M,1980-07-03,2,Unknown,10,16707,,0
487,3,1952-01-08,0,0,A,1980-10-09,0,Unknown,10,11307,,0
488,3,1945-05-22,2319,0,D,1981-01-13,2,Unknown,10,16707,,0
489,2,1956-09-06,0,0,U,1981-03-03,0,DV,21,16707,2001-11-21,1
490,3,1923-08-16,0,0,A,1981-06-04,0,Unknown,10,11307,,0
491,3,1939-05-09,0,0,A,1981-09-21,0,Unknown,10,11307,,0
492,2,1945-03-16,0,0,M,1982-06-18,2,Unknown,10,16707,,0
493,3,1939-09-24,2646,0,M,1982-11-08,2,Unknown,10,16707,,0
494,2,1941-12-08,2800,0,M,1976-01-28,2,Unknown,10,13607,,0
495,2,1951-11-24,1163,0,D,1976-06-23,2,Unknown,10,13607,,0
496,3,1952-05-17,3160,2,D,1977-01-03,2,Unknown,10,10207,,0
497,2,1932-03-25,0,0,A,1977-06-21,0,DC,10,11307,,0
498,3,1933-07-07,0,0,C,1977-08-26,2,Unknown,10,13607,,0
499,3,1952-09-22,0,0,M,1978-11-14,2,Unknown,10,11307,,0
500,2,1930-06-06,0,0,M,1980-05-30,2,Unknown,10,13607,,0
501,3,1956-06-13,3378,2,M,1981-02-17,2,Unknown,10,16607,,0
502,2,1934-07-05,0,0,A,1981-05-05,0,DC,10,13607,1992-08-05,1
503,2,1959-07-05,1250,0,M,1982-06-15,2,Unknown,10,13607,,0
504,2,1938-02-09,2136,1,M,1982-12-02,2,Unknown,10,11907,,0
505,3,1958-09-17,1000,1,M,1984-01-19,2,Unknown,10,13607,,0
506,2,1936-08-14,0,0,M,1964-10-10,2,Unknown,10,13607,,0
507,2,1936-04-08,0,0,M,1975-06-27,2,Unknown,10,15707,,0
508,3,1949-01-06,0,1,M,1976-02-26,0,Unknown,10,11307,,0
509,2,1938-12-22,2200,1,G,1976-08-24,2,Unknown,10,13607,,0
510,3,1947-08-29,0,0,B,1977-02-03,2,Unknown,10,13607,,0
511,3,1944-03-16,0,0,C,1977-05-13,2,Unknown,10,13607,,0
512,2,1951-12-14,0,0,A,1977-07-05,0,Unknown,10,11307,,0
513,3,1929-03-16,0,0,M,1978-10-12,2,Unknown,10,13607,,0
514,2,1949-05-18,0,0,M,1978-11-29,2,Unknown,10,13607,,0
515,3,1951-12-10,2135,2,M,1978-12-28,6,Unknown,10,13607,,0
516,3,1943-09-18,0,0,M,1979-05-15,2,Unknown,10,13607,,0
517,3,1921-01-28,0,0,M,1980-01-07,2,Unknown,10,13607,,0
518,4,1953-12-01,2187,1,U,1980-07-15,2,Unknown,10,13607,,0
519,3,1951-01-17,1524,3,A,1980-08-07,0,Unknown,10,11307,,0
520,2,1945-01-04,0,2,M,1980-09-23,2,Unknown,10,13607,,0
521,2,1955-06-03,1784,1,M,1981-03-17,2,Unknown,10,13607,,0
522,3,1952-06-27,0,0,M,1981-04-08,2,Unknown,10,13607,,0
523,3,1954-12-05,2512,0,M,1981-09-14,2,Unknown,10,13607,,0
524,2,1938-06-12,2000,2,M,1982-04-23,2,Unknown,10,13607,,0
525,3,1920-02-13,0,0,A,1982-06-15,0,Unknown,10,13607,,0
526,3,1932-12-29,0,0,D,1982-09-17,2,Unknown,10,13607,,0
527,3,1945-06-26,2210,0,M,1983-05-13,2,Unknown,10,13607,,0
528,3,1901-02-26,0,0,A,1967-03-03,2,DC,10,10807,1995-05-11,1
529,2,1945-08-10,0,0,V,1976-09-22,2,Unknown,10,10807,,0
530,4,1952-12-30,0,0,C,1978-05-31,0,DV,21,10807,2002-11-08,1
531,3,1935-12-12,0,0,A,1979-03-05,0,Unknown,10,11307,,0
532,3,1945-10-02,0,0,M,1979-05-15,2,Unknown,10,10807,,0
533,2,1948-07-30,0,0,A,1979-06-26,0,Unknown,10,10807,,0
534,3,1940-04-16,0,0,M,1979-10-23,2,Unknown,10,12607,,0
535,2,1946-06-25,0,0,A,1979-11-05,0,DV,10,0,1993-05-26,1
536,2,1925-06-23,0,0,A,1979-12-26,0,Unknown,10,10807,,0
537,2,1951-12-02,5300,2,M,1980-01-02,2,Unknown,10,10807,,0
538,3,1957-05-15,2106,0,M,1980-01-02,2,Unknown,10,10807,,0
539,3,1960-01-23,1160,2,M,1980-01-24,2,Unknown,10,10807,,0
540,3,1938-01-07,0,0,M,1980-02-12,2,Unknown,10,10807,,0
541,4,1945-05-08,2804,0,C,1980-02-18,2,Unknown,10,10807,,0
542,2,1939-03-17,0,0,D,1980-02-18,2,Unknown,10,10807,,0
543,2,1943-06-26,2924,2,M,1980-02-18,2,Unknown,10,10807,,0
544,3,1953-08-14,0,1,M,1980-02-18,2,Unknown,10,10807,,0
545,3,1951-08-12,0,0,D,1980-02-29,2,Unknown,10,10807,,0
546,2,1938-04-24,0,0,C,1980-03-04,2,Unknown,10,10807,,0
547,2,1949-11-16,0,0,A,1980-03-18,0,DC,21,10807,,0
548,3,1941-08-07,0,0,D,1980-03-31,2,Unknown,10,10807,,0
549,2,1953-09-22,4954,1,M,1980-04-09,2,Unknown,10,10807,,0
550,2,1947-10-30,0,0,A,1980-04-29,0,DV,21,10807,1997-03-20,1
551,3,1942-02-10,1304,0,M,1980-05-12,2,Unknown,10,10807,,0
552,2,1932-06-06,0,0,M,1980-06-02,2,Unknown,10,10807,,0
553,2,1943-01-09,1182,1,M,1980-06-10,2,Unknown,10,10807,,0
554,3,1958-09-06,2059,1,D,1980-07-28,2,Unknown,10,10807,,0
555,3,1939-03-17,0,0,M,1980-12-11,2,Unknown,10,10807,,0
556,2,1945-06-20,1948,3,M,1980-12-30,2,Unknown,10,10807,,0
557,3,1927-02-13,1500,0,U,1981-01-05,2,Unknown,10,10807,,0
558,3,1935-04-13,0,0,M,1981-02-03,2,Unknown,10,10807,,0
559,2,1939-11-22,2000,0,G,1981-02-03,2,Unknown,10,10807,,0
560,3,1949-09-14,0,1,M,1981-05-05,2,Unknown,10,10807,,0
561,3,1950-01-15,2386,0,G,1981-05-25,2,Unknown,10,10807,,0
562,3,1948-01-13,2000,1,G,1981-06-10,2,Unknown,10,10807,,0
563,3,1943-04-11,2046,0,M,1981-06-25,2,Unknown,10,10807,,0
564,2,1946-10-10,0,0,M,1981-10-27,2,Unknown,10,10807,,0
565,3,1937-11-26,0,0,A,1981-11-24,0,Unknown,10,10807,,0
566,4,1957-08-25,1998,0,C,1982-01-21,0,Unknown,10,11307,,0
567,3,1945-08-24,2186,3,M,1982-04-22,2,Unknown,10,10807,,0
568,3,1948-05-07,2790,1,D,1982-05-06,2,Unknown,10,10807,,0
569,2,1957-08-25,0,0,A,1982-06-14,0,Unknown,10,10807,,0
570,2,1956-03-25,0,0,A,1982-09-29,0,Unknown,10,10807,,0
571,3,1958-07-04,0,0,M,1982-09-29,2,Unknown,10,10807,,0
572,3,1942-01-26,0,0,V,1983-01-28,2,Unknown,10,10807,,0
573,3,1942-05-04,0,0,D,1983-03-09,0,DV,21,10807,2000-06-05,1
574,2,1955-10-03,1450,1,M,1983-03-28,2,Unknown,10,10807,,0
575,3,1958-11-15,2183,2,M,1983-03-29,2,Unknown,10,10807,,0
576,2,1954-12-31,0,0,A,1984-01-10,0,Unknown,10,0,,0
577,3,1949-08-19,2400,0,E,1984-01-17,2,Unknown,10,10807,,0
578,3,1914-05-22,0,0,A,1965-08-09,0,Unknown,10,11307,,0
579,3,1939-03-23,2557,0,D,1971-11-24,2,Unknown,10,12807,,0
580,3,1947-04-10,0,0,M,1972-11-02,2,Unknown,10,16807,,0
581,3,1936-03-29,0,0,A,1975-12-08,2,DV,21,12807,1998-03-30,1
582,2,1943-11-30,0,0,M,1978-03-24,2,Unknown,10,12807,,0
583,2,1946-12-20,0,0,A,1978-05-12,0,Unknown,10,11307,,0
584,2,1948-11-03,0,0,A,1978-06-09,0,Unknown,10,11307,,0
585,3,1946-04-27,0,0,A,1978-07-12,0,Unknown,10,11307,,0
586,3,1945-10-18,0,0,A,1979-02-21,0,Unknown,10,11307,,0
587,2,1944-07-21,3178,0,M,1979-05-17,2,Unknown,10,12807,,0
588,3,1942-03-23,0,0,D,1981-04-03,0,Unknown,10,12807,,0
589,2,1939-12-09,0,0,A,1981-11-16,0,Unknown,10,11307,,0
590,2,1944-02-28,0,0,M,1981-12-04,2,Unknown,10,13907,,0
591,2,1948-03-21,0,0,M,1982-05-14,2,Unknown,25,12807,,0
592,3,1942-02-17,1954,0,M,1983-04-21,2,Unknown,10,12807,,0
593,2,1953-12-24,1452,2,U,1983-08-19,2,Unknown,10,0,,0
594,3,1946-08-01,0,0,M,1983-09-28,2,Unknown,10,12807,,0
595,2,1935-12-20,0,0,M,1967-12-14,2,Unknown,10,10107,,0
596,2,1920-06-19,0,0,A,1971-11-10,0,DV,21,11307,2001-05-02,1
597,3,1938-07-27,0,0,A,1972-03-07,0,Unknown,10,10107,,0
598,2,1920-07-02,0,0,A,1974-06-22,0,DC,10,10107,,0
599,2,1940-08-04,0,0,A,1975-06-18,0,Unknown,10,11307,,0
600,3,1952-11-03,0,0,A,1977-01-08,0,Unknown,10,11307,,0
601,3,1931-07-26,0,0,C,1978-02-07,2,Unknown,10,14607,,0
602,2,1935-11-08,0,0,M,1978-06-03,2,Unknown,10,10107,,0
603,2,1957-04-04,1600,2,M,1979-07-07,2,Unknown,10,10107,,0
604,3,1951-04-06,0,0,A,1980-10-29,0,Unknown,10,11307,,0
605,3,1948-04-03,0,0,A,1980-07-04,0,Unknown,10,10107,,0
606,2,1949-08-11,0,0,D,1980-10-01,2,Unknown,10,10107,,0
607,3,1938-08-20,0,0,A,1980-11-28,0,Unknown,10,0,,0
608,3,1959-01-19,0,0,M,1981-05-21,0,DV,21,10107,2006-01-19,1
609,2,1949-07-29,0,0,A,1981-09-28,0,DC,10,0,1994-09-08,1
610,3,1952-12-29,0,0,M,1982-03-17,2,Unknown,10,10107,,0
611,3,1958-11-02,2040,2,D,1982-03-29,2,Unknown,10,10107,,0
612,2,1922-03-31,0,0,M,1983-05-31,2,Unknown,10,10107,,0
613,2,1960-07-11,0,0,A,1983-12-09,0,Unknown,10,11307,,0
614,2,1950-08-21,2016,2,M,1984-01-05,2,Unknown,10,10107,,0
615,3,1921-07-28,0,0,A,1969-05-27,2,DC,10,0,1993-04-07,1
616,2,1913-04-30,0,0,A,1970-04-22,2,DC,10,0,1993-02-03,1
617,3,1946-04-14,0,0,B,1972-01-06,2,Unknown,10,18707,,0
618,3,1934-05-26,0,0,M,1975-11-13,2,Unknown,10,18707,,0
619,3,1946-01-09,1704,0,M,1976-03-16,2,Unknown,10,18707,,0
620,4,1952-11-16,2709,0,C,1976-08-06,2,Unknown,10,18707,,0
621,2,1934-10-20,2032,0,M,1977-06-01,2,Unknown,10,18707,,0
622,3,1946-12-27,2208,0,B,1977-06-21,2,Unknown,10,18707,,0
623,2,1950-01-12,3529,1,M,1978-07-13,2,Unknown,10,18707,,0
624,2,1929-03-15,0,0,V,1978-09-29,2,Unknown,10,18707,,0
625,3,1947-06-27,2117,0,M,1978-10-25,2,Unknown,10,18707,,0
626,2,1948-07-06,2420,2,M,1978-12-19,2,Unknown,10,18707,,0
627,2,1951-08-25,0,0,D,1979-06-05,2,Unknown,10,18707,,0
628,2,1950-01-26,2903,0,M,1980-03-10,2,Unknown,10,18707,,0
629,3,1950-04-20,0,0,A,1980-03-20,0,Unknown,10,11307,,0
630,2,1958-05-21,0,0,M,1980-05-06,2,Unknown,10,17907,,0
631,2,1924-11-18,0,0,A,1980-08-08,0,Unknown,10,0,,0
632,2,1955-10-17,3478,3,M,1980-09-16,2,Unknown,10,18707,,0
633,2,1951-02-07,0,0,M,1981-04-15,2,Unknown,10,18707,,0
634,3,1920-12-31,0,0,D,1981-05-18,0,Unknown,10,18707,,0
635,3,1961-03-30,0,1,M,1981-07-09,2,Unknown,10,18707,,0
636,3,1953-01-25,0,0,A,1981-07-31,0,DV,21,10107,2005-09-02,1
637,3,1958-02-09,0,1,M,1982-02-05,2,Unknown,10,18707,,0
638,3,1961-05-03,0,2,M,1982-10-18,2,Unknown,10,18707,,0
639,2,1935-07-25,0,0,M,1982-10-26,0,Unknown,10,18707,,0
640,2,1942-01-28,0,0,A,1982-11-23,0,Unknown,10,11307,,0
641,3,1944-02-15,0,0,C,1983-03-29,2,Unknown,10,10207,,0
642,2,1944-06-02,2273,4,M,1983-06-21,2,Unknown,10,10907,,0
643,2,1937-03-16,2700,0,M,1969-12-31,2,Unknown,10,16707,,0
644,3,1933-07-10,0,0,V,1971-01-25,0,Unknown,10,13807,,0
645,2,1946-07-06,0,0,A,1971-10-20,0,DV,10,0,1991-12-26,1
646,3,1939-09-15,0,0,A,1971-12-23,0,Unknown,10,11307,,0
647,2,1942-07-06,0,0,A,1972-12-21,0,Unknown,10,13807,,0
648,2,1942-05-05,1964,0,M,1973-05-09,2,Unknown,10,16707,,0
649,3,1932-09-16,0,0,A,1974-04-10,0,Unknown,10,11307,,0
650,3,1949-05-01,4475,2,M,1974-12-30,2,Unknown,10,11307,,0
651,3,1942-06-05,1977,0,M,1975-06-23,2,Unknown,10,13807,,0
652,2,1945-03-10,0,0,D,1976-11-29,2,Unknown,10,16707,,0
653,2,1945-09-08,0,0,M,1977-08-31,2,Unknown,10,16707,,0
654,3,1948-06-13,0,0,A,1977-12-23,0,Unknown,10,11307,,0
655,3,1956-12-27,0,0,M,1978-03-28,2,Unknown,10,16707,,0
656,3,1941-09-03,0,0,A,1978-05-17,0,Unknown,10,11307,,0
657,2,1923-04-06,0,0,A,1978-11-27,0,DC,10,0,1991-10-02,1
658,3,1950-05-28,0,0,S,1979-07-23,0,DV,21,16707,2006-09-21,1
659,3,1949-12-09,0,0,M,1979-08-01,2,Unknown,10,13807,,0
660,3,1935-01-15,2710,0,D,1979-10-18,2,Unknown,10,16707,,0
661,4,1929-03-26,0,0,C,1979-12-19,2,Unknown,10,16707,,0
662,3,1942-01-06,0,0,M,1980-02-18,2,Unknown,10,13807,,0
663,3,1957-02-14,6000,1,M,1980-02-25,2,Unknown,10,16707,,0
664,3,1927-01-26,0,0,A,1980-03-12,0,DC,10,13807,,0
665,2,1947-07-28,0,0,M,1980-10-13,2,Unknown,10,16707,,0
666,2,1948-11-05,4416,0,M,1981-01-06,2,Unknown,10,16707,,0
667,3,1947-08-21,2202,1,D,1981-01-06,2,Unknown,10,16707,,0
668,2,1931-06-27,0,0,A,1981-06-17,2,DC,10,0,,0
669,2,1956-06-20,0,0,M,1981-09-22,2,Unknown,10,16707,,0
670,3,1955-01-17,0,0,C,1981-09-25,0,Unknown,10,13807,,0
671,3,1957-06-08,0,0,C,1982-02-01,2,Unknown,10,13807,,0
672,3,1955-01-20,0,0,M,1982-01-28,2,Unknown,10,16707,,0
673,4,1956-04-04,1950,0,C,1982-02-04,2,Unknown,10,13807,,0
674,3,1945-10-30,4097,0,D,1982-06-18,2,Unknown,10,15707,,0
675,3,1943-01-01,2913,0,D,1983-03-15,2,Unknown,10,13807,,0
676,4,1964-01-05,0,0,C,1983-12-16,2,Unknown,10,16707,,0
677,2,1934-05-04,0,0,M,1964-04-15,2,Unknown,10,15707,,0
678,2,1918-03-01,0,0,A,1972-01-26,0,Unknown,10,11307,,0
679,2,1936-09-11,0,0,M,1972-05-03,0,DV,21,15707,2006-07-03,1
680,3,1939-04-28,0,0,A,1973-04-09,0,Unknown,10,11307,,0
681,3,1947-02-27,0,0,M,1974-10-11,2,Unknown,10,11307,,0
682,3,1930-02-01,1300,0,V,1975-05-26,2,Unknown,10,15707,,0
683,2,1941-01-25,0,0,A,1975-06-17,0,Unknown,10,11307,,0
684,3,1933-02-28,2272,0,D,1976-02-09,2,Unknown,10,15707,,0
685,2,1929-08-05,0,0,A,1977-05-03,0,DV,21,11307,2000-02-14,1
686,3,1936-07-10,0,0,M,1977-11-28,2,Unknown,10,15707,,0
687,3,1937-05-28,0,0,C,1978-04-17,2,Unknown,10,15707,,0
688,4,1937-04-21,0,0,C,1978-08-17,2,Unknown,10,15707,,0
689,4,1946-03-11,0,0,C,1978-09-06,0,Unknown,10,11307,,0
690,3,1937-11-17,0,0,M,1978-10-30,0,Unknown,10,15707,,0
691,2,1955-04-13,0,0,C,1978-12-26,2,Unknown,10,15707,,0
692,3,1942-09-03,0,0,M,1979-04-10,0,DV,21,15707,2007-03-29,1
693,2,1946-07-07,0,0,A,1979-06-11,0,Unknown,10,0,,0
694,3,1944-06-20,0,0,A,1979-06-27,0,DV,21,15707,2004-07-08,1
695,3,1941-04-11,0,0,M,1979-09-07,2,Unknown,10,15707,,0
696,3,1957-10-10,1965,2,G,1980-03-06,2,Unknown,10,15707,,0
697,3,1943-04-02,0,0,D,1980-03-10,2,Unknown,10,15707,,0
698,3,1947-08-25,0,0,D,1980-09-23,2,Unknown,10,10107,,0
699,3,1951-10-27,0,0,M,1980-11-14,2,Unknown,10,15707,,0
700,3,1949-03-15,0,0,A,1980-11-19,0,Unknown,10,11307,,0
701,3,1943-04-13,1905,1,M,1981-01-05,2,Unknown,10,15707,,0
702,3,1946-01-02,0,0,A,1981-03-12,0,Unknown,10,11307,,0
703,3,1942-04-29,1560,0,M,1981-03-12,2,Unknown,10,15707,,0
704,3,1947-03-16,0,0,C,1981-04-06,2,Unknown,10,15707,,0
705,3,1940-04-04,0,0,M,1981-04-23,2,Unknown,10,15707,,0
706,2,1937-12-05,0,0,M,1981-05-25,2,Unknown,10,15707,,0
707,4,1960-01-27,0,0,C,1981-05-29,0,Unknown,10,11307,,0
708,3,1948-12-14,0,0,A,1982-08-04,2,DV,10,0,1991-12-04,1
709,2,1938-04-30,0,0,A,1982-08-04,0,Unknown,10,11307,,0
710,2,1935-02-17,0,0,A,1982-12-08,0,DC,21,11307,,0
711,2,1961-07-08,3100,2,M,1983-08-04,2,Unknown,10,15707,,0
712,2,1950-08-16,2500,0,S,1983-09-29,2,Unknown,10,15707,,0
713,2,1929-05-19,2235,0,M,1964-09-11,2,Unknown,10,17807,,0
714,3,1943-07-17,1810,0,D,1972-04-20,2,Unknown,10,17807,,0
715,3,1944-08-25,0,0,A,1972-04-25,0,DV,21,11307,2006-09-01,1
716,2,1928-06-16,0,0,M,1972-05-24,2,Unknown,10,17807,,0
717,3,1940-10-09,1729,0,M,1972-06-29,2,Unknown,10,17807,,0
718,2,1946-07-30,0,0,A,1973-01-26,0,Unknown,10,11307,,0
719,3,1951-07-20,1705,1,M,1973-02-27,2,Unknown,10,17807,,0
720,3,1946-04-10,0,0,A,1973-05-30,0,Unknown,10,11307,,0
721,3,1923-04-20,0,0,A,1973-11-20,0,Unknown,10,11307,,0
722,3,1947-05-05,920,1,G,1973-12-12,2,Unknown,10,17807,,0
723,3,1946-01-05,0,0,A,1975-03-20,0,Unknown,10,17807,,0
724,3,1941-07-07,0,0,M,1975-05-30,0,DC,10,17807,,0
725,2,1934-01-20,0,0,A,1975-12-08,0,DV,21,11307,2000-01-25,1
726,3,1942-12-25,2365,0,M,1975-12-10,2,Unknown,10,17807,,0
727,2,1943-11-07,0,0,D,1975-12-19,2,Unknown,10,17807,,0
728,3,1927-08-02,0,0,A,1975-12-31,2,DC,10,17807,1993-07-20,1
729,2,1943-03-21,0,0,M,1976-02-03,2,Unknown,10,17807,,0
730,2,1935-12-04,0,0,M,1976-04-15,0,Unknown,10,11307,,0
731,3,1929-11-28,0,0,M,1976-05-10,2,Unknown,10,17807,,0
732,3,1942-08-22,0,0,M,1976-05-28,2,Unknown,10,17807,,0
733,4,1938-04-28,0,0,C,1976-07-08,0,Unknown,10,11307,,0
734,2,1927-03-08,0,0,A,1976-07-15,0,Unknown,10,11307,,0
735,3,1941-12-16,0,0,M,1976-07-29,2,Unknown,10,17807,,0
736,2,1948-05-23,5192,0,M,1976-08-18,2,Unknown,10,17807,,0
737,2,1945-02-17,0,0,D,1976-10-06,2,Unknown,10,11307,,0
738,3,1935-10-06,0,0,A,1976-10-21,0,Unknown,10,17907,,0
739,4,1952-06-30,0,0,C,1976-12-20,0,Unknown,10,13807,,0
740,3,1945-08-11,2456,0,M,1977-04-07,2,Unknown,10,17807,,0
741,4,1975-05-10,0,0,C,1977-06-10,0,DV,21,11307,1996-06-27,1
742,3,1942-10-27,0,0,A,1977-07-18,0,DV,21,17807,2003-12-22,1
743,3,1928-08-25,0,0,A,1977-09-21,0,Unknown,10,11307,,0
744,3,1933-11-28,0,0,M,1978-01-03,2,Unknown,10,17807,,0
745,3,1944-11-15,1890,0,M,1978-02-13,2,Unknown,10,17807,,0
746,1,,0,0,A,1978-02-16,0,Unknown,50,17807,,0
747,3,1946-05-11,1058,0,M,1978-02-28,2,Unknown,10,17807,,0
748,3,1947-03-26,0,0,M,1978-04-10,2,Unknown,10,11307,,0
749,3,1948-05-11,0,0,M,1978-05-17,2,Unknown,10,17807,,0
750,2,1933-09-03,0,0,M,1978-06-02,2,Unknown,10,17807,,0
751,2,1940-08-18,2400,0,M,1978-06-16,2,Unknown,10,17807,,0
752,4,1961-06-19,0,0,C,1978-06-19,0,Unknown,21,0,,0
753,2,1948-12-16,2775,2,M,1978-07-10,2,Unknown,10,17807,,0
754,3,1930-12-08,0,0,A,1978-08-28,0,DV,21,17807,1999-10-21,1
755,4,1955-10-14,0,0,C,1978-09-20,2,Unknown,10,17807,,0
756,2,1921-07-06,0,0,A,1978-10-18,0,DC,21,17807,,0
757,2,1950-06-01,0,0,A,1978-12-11,0,Unknown,10,13607,,0
758,2,1942-02-21,0,0,A,1978-12-11,0,Unknown,10,11307,,0
759,3,1944-04-07,2698,0,D,1978-12-22,0,Unknown,10,11307,,0
760,2,1942-04-27,3516,0,B,1979-04-25,2,Unknown,10,17807,,0
761,3,1932-08-14,0,0,A,1979-05-21,0,Unknown,10,0,,0
762,3,1933-05-29,0,0,M,1979-06-13,2,Unknown,10,17807,,0
763,4,1941-04-21,0,0,C,1979-08-13,2,Unknown,10,17807,,0
764,3,1944-02-02,758,0,M,1979-08-14,2,Unknown,10,17807,,0
765,3,1954-06-28,0,0,A,1979-09-04,0,Unknown,10,11307,,0
766,3,1945-04-21,0,0,A,1979-09-24,0,Unknown,10,11307,,0
767,2,1942-07-28,0,0,A,1979-11-15,0,Unknown,10,11307,,0
768,3,1949-07-01,0,0,M,1979-11-19,2,Unknown,10,17807,,0
769,3,1941-10-14,0,0,A,1980-01-14,0,Unknown,10,0,,0
770,3,1945-04-02,0,0,A,1980-03-21,0,Unknown,10,11307,,0
771,2,1944-04-14,0,0,M,1980-04-17,2,Unknown,10,17807,,0
772,2,1946-10-02,0,0,A,1980-05-18,0,Unknown,21,17807,,0
773,2,1932-05-15,0,0,A,1980-04-22,0,Unknown,10,17807,,0
774,2,1941-08-25,1850,2,E,1980-04-25,2,Unknown,10,17807,,0
775,3,1928-02-18,0,0,A,1980-06-16,0,Unknown,10,17807,,0
776,3,1939-08-07,0,0,M,1980-07-01,2,Unknown,10,17807,,0
777,2,1950-10-16,0,1,B,1980-10-13,2,Unknown,10,17807,,0
778,4,1944-04-28,0,0,C,1980-10-28,2,Unknown,10,17807,,0
779,2,1941-07-25,0,0,A,1980-10-28,0,Unknown,10,17807,,0
780,3,1954-05-25,0,0,A,1980-11-10,0,Unknown,10,17807,,0
781,2,1934-03-13,0,0,M,1980-11-21,2,Unknown,10,17807,,0
782,3,1935-08-24,0,0,M,1981-01-05,2,Unknown,10,17807,,0
783,4,1924-03-22,0,0,C,1981-01-16,2,Unknown,10,17807,,0
784,2,1933-10-13,0,0,A,1981-02-05,0,Unknown,10,17807,,0
785,2,1949-07-13,4200,1,E,1981-02-12,2,Unknown,10,17807,,0
786,2,1932-01-14,0,0,M,1981-03-05,2,Unknown,10,17807,,0
787,3,1951-08-13,0,0,A,1981-03-16,2,Unknown,10,17807,,0
788,3,1927-09-14,0,0,M,1981-03-16,2,Unknown,10,17807,,0
789,3,1957-09-26,0,0,M,1981-03-18,0,Unknown,10,17807,,0
790,3,1936-05-07,0,0,M,1981-03-20,2,Unknown,10,17807,,0
791,2,1948-10-21,4209,2,M,1981-03-20,2,Unknown,10,17807,,0
792,2,1926-09-17,0,0,A,1981-04-03,0,Unknown,10,17807,,0
793,2,1948-08-19,0,0,M,1981-04-08,2,Unknown,10,17807,,0
794,3,1947-04-14,0,0,M,1981-04-10,2,Unknown,10,17807,,0
795,2,1942-08-17,2400,0,B,1981-05-26,2,Unknown,10,17807,,0
796,2,1939-03-29,0,0,M,1981-06-22,2,Unknown,10,17807,,0
797,3,1947-01-11,0,0,D,1981-06-29,2,Unknown,10,17807,,0
798,2,1937-08-17,3168,2,M,1981-07-31,2,Unknown,10,17807,,0
799,2,1953-03-10,2128,1,M,1981-08-14,2,Unknown,10,17807,,0
800,3,1931-06-05,0,0,A,1981-09-08,0,Unknown,10,17807,,0
801,2,1961-10-26,0,0,A,1981-10-29,0,Unknown,10,17807,,0
802,2,1935-12-08,0,0,A,1981-11-06,0,Unknown,10,17807,,0
803,2,1945-01-19,0,0,C,1981-11-13,2,Unknown,10,17807,,0
804,2,1928-03-16,0,0,A,1981-11-17,0,DV,21,17807,1998-06-29,1
805,3,1937-08-28,950,0,D,1981-12-10,2,Unknown,10,17807,,0
806,4,1931-07-14,0,0,C,1982-02-03,0,Unknown,10,17807,,0
807,3,1941-10-09,0,0,A,1982-03-04,0,Unknown,10,17807,,0
808,3,1942-09-28,0,0,A,1982-03-04,2,DC,10,0,,0
809,2,1938-07-22,2441,0,G,1982-03-17,2,Unknown,10,17807,,0
810,2,1943-09-02,0,0,D,1982-03-24,2,Unknown,10,17807,,0
811,3,1914-04-19,0,0,A,1982-04-21,0,Unknown,10,17807,,0
812,2,1931-01-19,0,0,M,1982-07-02,2,Unknown,10,17807,,0
813,2,1951-01-11,0,0,A,1982-08-11,0,Unknown,10,17807,,0
814,3,1930-01-21,0,0,M,1982-08-26,2,Unknown,10,17807,,0
815,2,1938-12-10,0,0,M,1967-06-02,2,Unknown,10,17807,,0
816,2,1921-04-24,0,0,M,1972-10-30,0,DC,21,17807,,0
817,2,1931-06-26,0,0,A,1978-03-13,2,DV,10,0,1994-02-23,1
818,4,1933-09-06,0,0,C,1978-10-20,2,Unknown,10,17807,,0
819,2,1931-08-07,2574,0,M,1978-11-24,2,Unknown,10,17807,,0
820,2,1955-11-01,0,0,A,1979-04-09,0,Unknown,10,17807,,0
821,2,1935-12-17,1743,0,M,1979-04-26,2,Unknown,10,17807,,0
822,2,1942-09-22,0,0,A,1980-03-12,2,DC,10,0,1991-11-13,1
823,4,1959-05-25,0,0,C,1980-09-08,2,Unknown,10,17807,,0
824,2,1936-11-30,2838,0,B,1980-09-25,2,DC,10,17807,,0
825,2,1951-02-13,1700,0,G,1980-11-05,2,Unknown,10,17807,,0
826,2,1942-05-13,0,0,M,1980-11-25,2,Unknown,10,17807,,0
827,3,1943-05-01,2173,0,D,1980-12-17,2,Unknown,10,17807,,0
828,3,1953-08-06,1737,1,D,1981-02-17,2,Unknown,10,17807,,0
829,3,1920-02-24,0,0,V,1981-06-01,2,Unknown,10,17807,,0
830,2,1914-07-08,0,0,M,1981-06-01,2,Unknown,10,17807,,0
831,3,1953-05-27,0,0,A,1981-07-28,0,Unknown,10,11307,,0
832,2,1927-02-11,0,1,A,1982-01-19,0,Unknown,10,0,,0
833,2,1926-02-04,0,0,A,1982-07-06,2,DC,10,0,1993-03-24,1
834,2,1951-06-16,2800,1,D,1983-03-14,2,Unknown,10,17807,,0
835,2,1938-06-17,0,0,A,1964-05-08,0,Unknown,10,11307,,0
836,2,1937-04-21,1531,0,M,1970-12-14,2,Unknown,10,11307,,0
837,2,1933-07-19,0,0,A,1971-05-06,0,Unknown,10,11307,,0
838,3,1946-05-21,0,0,A,1972-10-16,0,Unknown,10,11307,,0
839,3,1935-08-24,0,0,A,1974-03-19,0,Unknown,10,11307,,0
840,4,1923-01-01,0,0,C,1975-09-08,2,Unknown,10,10907,,0
841,3,1939-10-27,0,0,M,1975-12-29,2,Unknown,10,11307,,0
842,3,1934-04-04,0,0,A,1976-04-15,0,Unknown,10,10907,,0
843,3,1949-09-02,0,0,A,1976-05-17,0,Unknown,10,11307,,0
844,3,1949-03-28,0,0,M,1978-01-20,0,Unknown,10,10907,,0
845,3,1948-05-15,2260,1,M,1978-04-07,2,Unknown,10,10907,,0
846,2,1946-11-06,0,0,A,1978-06-16,0,Unknown,10,11307,,0
847,2,1948-05-04,0,0,D,1978-06-26,2,Unknown,10,10907,,0
848,3,1957-10-30,0,0,A,1978-06-26,0,Unknown,10,10907,,0
849,3,1919-03-04,0,0,A,1978-09-21,0,DV,21,10907,2000-11-16,1
850,4,1946-03-21,0,0,C,1978-09-25,0,DC,10,10907,,0
851,2,1958-07-26,4588,3,D,1978-11-02,2,Unknown,10,10907,,0
852,2,1957-08-14,0,0,M,1978-12-14,2,Unknown,10,11307,,0
853,2,1959-05-09,1800,2,M,1979-01-08,2,Unknown,10,10907,,0
854,3,1937-05-08,1591,0,M,1979-04-02,2,Unknown,10,10907,,0
855,2,1947-11-13,2000,0,C,1979-05-09,2,Unknown,10,13607,,0
856,3,1935-09-25,0,0,M,1979-05-21,2,Unknown,10,10907,,0
857,2,1956-03-15,0,0,M,1979-06-07,2,Unknown,10,10907,,0
858,3,1955-10-22,1911,3,M,1979-06-14,2,Unknown,10,10907,,0
859,2,1949-12-02,0,0,A,1979-07-09,0,Unknown,10,11307,,0
860,2,1945-12-22,2041,0,M,1979-08-23,2,Unknown,10,11307,,0
861,3,1944-10-01,1350,0,M,1979-09-17,0,DC,21,10907,,0
862,3,1957-06-02,0,0,A,1979-11-21,0,Unknown,10,0,,0
863,2,1947-05-12,1542,2,M,1980-02-25,2,Unknown,10,10907,,0
864,3,1943-11-20,0,0,M,1980-03-10,2,Unknown,10,10907,,0
865,3,1928-05-21,0,0,A,1980-04-02,0,Unknown,10,11307,,0
866,2,1943-04-30,0,0,M,1980-04-17,2,Unknown,10,10907,,0
867,2,1928-12-28,0,0,M,1980-06-02,2,Unknown,10,10907,,0
868,2,1950-08-14,0,0,A,1980-06-03,0,Unknown,10,11307,,0
869,2,1951-09-22,0,0,A,1980-07-30,0,Unknown,10,11307,,0
870,2,1954-10-18,0,0,A,1980-07-30,0,Unknown,10,11307,,0
871,4,1959-03-26,0,0,C,1980-09-11,0,Unknown,10,10907,,0
872,3,1946-04-15,0,0,A,1980-09-23,0,Unknown,10,11307,,0
873,3,1952-10-26,0,2,M,1980-10-14,2,Unknown,10,13607,,0
874,3,1944-07-17,0,0,A,1980-11-18,0,DV,21,10907,2003-10-23,1
875,2,1952-04-22,0,0,A,1980-11-18,0,Unknown,10,11307,,0
876,3,1960-10-02,2164,1,D,1980-12-09,2,Unknown,10,10907,,0
877,3,1951-09-15,0,0,M,1980-12-11,2,Unknown,10,10907,,0
878,3,1954-05-16,0,0,M,1980-12-24,2,Unknown,10,10907,,0
879,2,1958-08-09,1962,3,M,1981-01-22,2,Unknown,10,10907,,0
880,3,1946-09-22,0,0,A,1981-02-02,0,Unknown,10,0,,0
881,3,1955-07-04,1341,1,M,1981-03-09,2,Unknown,10,10907,,0
882,3,1948-06-30,0,0,A,1981-04-15,0,Unknown,10,11307,,0
883,4,1936-12-19,0,0,C,1981-10-06,2,Unknown,10,10907,,0
884,2,1933-10-20,0,3,M,1981-11-17,0,Unknown,10,10907,,0
885,3,1955-09-28,1500,1,G,1981-12-08,2,Unknown,10,10907,,0
886,3,1955-03-21,2271,1,D,1981-12-21,2,Unknown,10,10907,,0
887,3,1934-02-08,0,0,V,1982-02-05,2,Unknown,10,10907,,0
888,2,1953-08-23,0,0,A,1982-02-05,0,Unknown,10,10907,,0
889,2,1954-12-08,2288,2,M,1982-05-06,0,Unknown,10,11307,,0
890,2,1946-06-25,0,0,C,1982-05-19,2,Unknown,10,10907,,0
891,2,1924-08-28,0,0,M,1982-06-07,2,Unknown,10,10907,,0
892,2,1949-05-05,0,0,A,1982-07-08,0,Unknown,10,11307,,0
893,3,1950-06-03,1771,1,D,1982-07-08,2,Unknown,10,10907,,0
894,2,1955-09-28,0,0,C,1982-08-06,2,Unknown,10,10907,,0
895,3,1940-10-20,1348,0,M,1982-09-09,2,Unknown,10,10907,,0
896,3,1959-04-13,0,0,D,1982-09-21,2,Unknown,10,11907,,0
897,3,1934-09-14,0,0,A,1983-01-25,0,DV,21,11307,1999-01-04,1
898,4,1953-03-29,0,0,C,1983-04-14,2,Unknown,10,10907,,0
899,2,1946-11-17,2877,2,B,1983-05-27,0,Unknown,10,10907,,0
900,4,1955-10-15,0,1,B,1984-01-17,0,Unknown,10,10907,,0
901,2,1936-03-04,0,0,M,1967-11-20,2,Unknown,10,15707,,0
902,3,1911-11-26,0,0,V,1970-11-30,2,Unknown,10,15707,,0
903,2,1941-10-24,3304,1,D,1970-12-14,0,Unknown,10,11307,,0
904,2,1947-03-19,0,0,A,1971-06-09,0,Unknown,10,11307,,0
905,2,1943-03-28,0,0,A,1971-07-07,0,Unknown,10,11307,,0
906,3,1929-07-26,0,0,A,1971-08-04,0,DC,10,15707,,0
907,3,1922-08-25,0,0,V,1971-12-27,2,Unknown,10,15707,,0
908,4,1917-01-01,0,0,C,1972-01-17,0,DC,21,15707,,0
909,3,1928-05-10,0,0,A,1972-03-07,0,Unknown,10,0,,0
910,3,1933-02-19,0,0,A,1972-06-26,0,Unknown,10,11307,,0
911,3,1961-11-14,0,0,M,1973-06-20,2,Unknown,10,17807,,0
912,3,1920-12-25,0,0,A,1973-10-22,0,DC,21,11307,,0
913,3,1941-11-02,0,0,A,1973-12-17,0,DV,21,11307,2002-10-11,1
914,4,1963-07-20,0,0,C,1974-03-20,0,Unknown,21,0,,0
915,3,1944-11-23,0,0,A,1975-01-30,0,Unknown,10,11307,,0
916,3,1931-03-29,0,0,V,1975-10-09,2,Unknown,10,15707,,0
917,2,1932-04-13,0,0,A,1975-10-28,0,DC,21,15707,,0
918,3,1937-08-07,0,0,B,1975-11-27,0,Unknown,10,16707,,0
919,2,1943-06-22,3281,2,D,1975-12-29,2,Unknown,10,15707,,0
920,2,1918-02-02,0,0,A,1976-01-27,0,DC,21,11307,,0
921,2,1939-10-24,0,0,A,1976-03-01,0,Unknown,10,11307,,0
922,3,1947-04-21,0,0,A,1976-04-28,0,Unknown,10,11307,,0
923,2,1910-11-08,0,0,A,1976-10-18,0,DC,21,11307,,0
924,3,1930-05-29,2700,0,M,1978-06-05,2,Unknown,10,15707,,0
925,2,1936-11-28,0,0,M,1978-07-06,2,Unknown,10,15707,,0
926,2,1931-12-10,0,0,A,1978-07-21,0,Unknown,21,0,,0
927,2,1926-07-07,0,0,A,1978-12-18,0,DC,10,15707,,0
928,4,1945-02-13,0,0,C,1980-01-24,2,Unknown,10,15707,,0
929,3,1948-12-13,0,0,M,1980-03-21,0,Unknown,10,15707,,0
930,3,1920-06-26,0,0,A,1980-04-02,0,DC,10,15707,,0
931,2,1925-09-26,0,0,A,1980-05-16,0,Unknown,10,11307,,0
932,3,1937-07-18,0,0,M,1980-06-19,2,Unknown,10,16607,,0
933,3,1943-03-17,0,0,M,1980-12-31,2,Unknown,10,15707,,0
934,3,1945-08-20,2135,0,M,1981-03-12,0,Unknown,10,11307,,0
935,2,1949-09-28,2750,2,M,1981-04-14,2,Unknown,10,15707,,0
936,2,1916-06-07,0,0,A,1981-10-14,0,Unknown,10,11307,,0
937,2,1947-10-03,0,0,M,1981-10-30,2,Unknown,10,15707,,0
938,2,1941-08-22,0,0,M,1981-11-27,2,Unknown,10,15707,,0
939,3,1938-03-12,0,0,V,1981-12-23,0,Unknown,10,15707,,0
940,2,1949-12-04,0,0,C,1982-01-28,2,Unknown,10,15707,,0
941,2,1949-09-08,2865,2,V,1982-02-01,2,Unknown,10,15707,,0
942,3,1929-06-17,0,0,M,1982-02-03,2,Unknown,10,15707,,0
943,2,1944-06-02,0,1,M,1982-02-10,2,Unknown,10,15707,,0
944,2,1932-01-21,0,0,M,1982-09-03,2,DC,21,15707,,0
945,3,1942-09-14,1407,0,D,1982-12-22,2,Unknown,10,15707,,0
946,4,1961-11-26,0,0,C,1983-05-10,2,Unknown,10,15707,,0
947,3,1938-08-27,0,0,M,1983-05-17,2,Unknown,10,15707,,0
948,3,1954-05-19,1304,1,A,1984-01-26,2,Unknown,10,10807,,0
949,3,1934-08-27,0,0,M,1967-12-18,0,DC,21,11307,,0
950,2,1924-01-28,0,0,M,1968-02-07,2,Unknown,10,16707,,0
951,2,1934-05-11,0,0,A,1969-12-05,0,Unknown,10,16707,,0
952,2,1941-06-07,0,0,A,1970-03-12,0,DC,10,0,1995-03-29,1
953,3,1941-01-22,0,0,D,1970-10-05,2,Unknown,10,10107,,0
954,3,1942-07-01,1581,3,M,1971-02-01,2,Unknown,10,16707,,0
955,2,1932-07-10,0,0,A,1972-03-23,0,Unknown,10,11307,,0
956,2,1939-07-27,0,0,A,1976-02-26,0,DV,21,13807,1998-06-15,1
957,2,1945-06-30,0,0,A,1977-07-20,0,Unknown,10,11307,,0
958,2,1953-02-13,0,0,M,1978-06-12,2,Unknown,10,13807,,0
959,3,1941-07-01,0,0,A,1978-06-29,0,Unknown,10,11307,,0
960,2,1942-05-28,2100,0,M,1978-11-23,2,Unknown,10,16707,,0
961,3,1954-01-10,0,0,S,1978-11-23,2,Unknown,10,16707,,0
962,2,1947-09-20,0,0,A,1979-06-18,0,Unknown,10,11307,,0
963,3,1945-03-31,0,0,M,1979-06-19,0,DV,21,16707,2003-02-11,1
964,3,1935-12-04,0,0,M,1979-11-08,2,Unknown,10,16707,,0
965,2,1939-09-23,3035,0,M,1979-11-26,2,Unknown,10,16707,,0
966,2,1942-08-03,2735,0,B,1980-01-23,2,Unknown,10,16707,,0
967,2,1949-10-16,1970,2,M,1980-11-14,2,Unknown,10,16707,,0
968,2,1952-11-18,3075,1,U,1981-04-21,2,Unknown,10,16707,,0
969,2,1951-01-28,0,2,M,1981-05-08,2,Unknown,10,16707,,0
970,3,1955-11-09,1537,0,G,1981-05-08,2,Unknown,10,16707,,0
971,2,1939-05-25,0,0,M,1982-01-11,2,Unknown,10,16707,,0
972,3,1932-09-28,0,0,A,1982-01-11,0,Unknown,10,11307,,0
973,2,1938-07-09,2840,0,M,1982-03-10,2,Unknown,10,16707,,0
974,2,1941-06-22,0,0,A,1982-09-28,0,Unknown,10,16707,,0
975,3,1951-01-05,0,0,M,1982-09-28,2,Unknown,10,16707,,0
976,2,1951-08-02,0,0,M,1982-11-22,0,Unknown,10,16707,,0
977,3,1949-11-03,0,0,M,1983-02-02,2,Unknown,10,16707,,0
978,2,1947-05-06,3615,2,M,1983-09-12,2,Unknown,10,16707,,0
979,3,1952-05-20,4276,1,D,1983-12-12,2,Unknown,10,16707,,0
980,3,1915-02-13,0,0,A,1958-01-16,0,Unknown,10,11307,,0
981,2,1914-04-12,0,0,A,1963-02-19,0,DC,10,11307,,0
982,2,1936-12-10,0,0,M,1965-05-18,2,Unknown,10,17907,,0
983,2,1923-12-18,0,0,A,1971-12-31,0,Unknown,10,11307,,0
984,3,1919-10-17,0,0,V,1971-04-21,2,Unknown,10,11307,,0
985,2,1921-03-21,0,0,A,1972-02-25,0,Unknown,10,11307,,0
986,2,1924-02-18,0,0,V,1973-02-27,2,Unknown,10,17907,,0
987,2,1937-06-18,0,0,A,1973-03-27,0,Unknown,10,11307,,0
988,2,1947-06-22,0,0,C,1975-12-26,2,Unknown,10,17907,,0
989,4,1930-09-01,0,0,C,1977-07-12,0,Unknown,10,17907,,0
990,2,1954-05-20,0,0,A,1980-02-25,0,Unknown,10,17907,,0
991,2,1954-01-23,1867,1,M,1981-09-24,0,Unknown,10,17907,,0
992,3,1956-11-01,0,0,A,1981-10-29,0,DC,21,17907,,0
993,3,1950-01-02,0,0,M,1981-11-04,2,Unknown,10,17907,,0
994,2,1962-02-15,0,2,C,1982-07-26,2,Unknown,10,17907,,0
995,3,1949-07-23,0,0,A,1983-07-27,0,Unknown,10,17907,,0
996,2,1915-03-04,0,0,A,1962-05-18,0,Unknown,10,17907,,0
997,2,1922-11-04,0,0,A,1963-02-08,0,DV,10,0,1993-03-31,1
998,2,1918-03-22,0,0,A,1966-04-21,0,DV,21,17907,1996-11-13,1
999,2,1933-04-07,0,0,A,1970-10-12,0,DC,10,0,1993-06-09,1
1000,2,1948-04-01,0,2,M,1973-02-08,0,Unknown,10,11307,,0
1001,3,1924-02-07,0,0,A,1974-01-24,0,Unknown,10,17907,,0
1002,2,1940-05-24,0,0,D,1976-05-11,2,Unknown,10,17907,,0
1003,3,1949-05-04,1820,0,D,1976-07-19,2,Unknown,10,17907,,0
1004,2,1950-02-10,2775,0,M,1977-11-07,2,Unknown,10,17907,,0
1005,3,1945-04-04,0,0,A,1978-11-20,0,Unknown,10,11307,,0
1006,2,1948-11-08,3275,2,M,1979-05-07,2,Unknown,10,17907,,0
1007,3,1945-07-18,0,0,A,1980-04-08,0,Unknown,10,11307,,0
1008,2,1956-11-03,0,0,C,1980-05-08,2,Unknown,10,17907,,0
1009,3,1935-10-31,0,0,A,1980-09-18,2,DC,10,17907,,0
1010,3,1945-05-02,0,0,S,1980-09-18,2,Unknown,10,17907,,0
1011,3,1934-09-17,0,0,M,1980-12-08,2,Unknown,21,17907,,0
1012,4,1944-08-10,0,0,C,1981-03-10,2,Unknown,10,10107,,0
1013,2,1950-04-07,0,0,M,1981-06-16,2,Unknown,10,17907,,0
1014,3,1959-06-08,2300,2,M,1982-03-03,2,Unknown,10,17907,,0
1015,3,1952-07-10,2187,0,M,1982-07-08,2,Unknown,10,17907,,0
1016,3,1961-10-14,0,0,M,1983-01-18,2,Unknown,10,17907,,0
1017,3,1936-12-06,1804,0,M,1983-03-29,2,Unknown,10,17907,,0
1018,2,1952-06-08,2340,0,D,1983-10-10,2,Unknown,10,16607,,0
1019,3,1947-10-26,0,0,V,1984-01-11,2,Unknown,10,17907,,0
1020,3,1931-12-22,0,0,M,1971-03-10,2,DC,10,12807,,0
1021,3,1937-03-02,1981,0,M,1971-11-22,2,Unknown,10,12807,,0
1022,2,1941-03-13,0,0,A,1973-03-29,0,Unknown,10,11307,,0
1023,3,1942-08-31,0,0,M,1974-01-09,2,Unknown,10,12807,,0
1024,2,1915-11-29,0,0,A,1974-01-15,0,Unknown,10,11307,,0
1025,3,1948-09-22,2000,2,M,1974-04-26,2,Unknown,10,14607,,0
1026,3,1946-07-04,0,0,M,1975-06-04,2,Unknown,10,13907,,0
1027,2,1946-05-08,3028,0,M,1975-07-28,2,Unknown,10,13907,,0
1028,3,1941-02-17,2000,0,G,1976-01-26,2,Unknown,10,12807,,0
1029,3,1943-09-22,0,0,A,1976-06-21,0,Unknown,10,11307,,0
1030,2,1934-12-20,0,0,M,1976-11-22,2,Unknown,10,12807,,0
1031,3,1933-12-25,0,0,M,1977-06-06,2,Unknown,10,12807,,0
1032,2,1947-07-18,3964,1,M,1977-07-06,2,Unknown,10,12807,,0
1033,2,1943-01-12,0,0,A,1977-09-30,0,DV,10,12807,1994-11-02,1
1034,3,1950-05-15,2009,1,B,1977-10-25,2,Unknown,10,12807,,0
1035,2,1946-08-19,0,0,A,1977-10-25,0,Unknown,10,11307,,0
1036,3,1953-09-10,0,0,A,1977-10-25,0,Unknown,10,11307,,0
1037,2,1944-04-06,0,0,A,1978-02-28,0,Unknown,10,11307,,0
1038,2,1941-06-07,2400,2,M,1978-04-10,2,Unknown,10,13907,,0
1039,2,1943-12-02,0,0,A,1978-04-17,0,Unknown,10,11307,,0
1040,2,1942-09-26,0,0,C,1978-05-19,0,DV,21,12807,2006-02-28,1
1041,2,1947-03-17,0,2,M,1978-07-05,2,Unknown,10,12807,,0
1042,2,1943-06-07,0,0,A,1978-10-25,0,DV,21,11307,2000-06-05,1
1043,3,1937-12-15,0,0,A,1978-11-06,0,DV,21,11307,1999-12-21,1
1044,4,1939-08-31,0,1,C,1979-03-20,2,Unknown,10,11307,,0
1045,3,1932-02-23,0,0,A,1979-05-03,0,Unknown,10,11307,,0
1046,2,1946-10-08,0,0,M,1979-07-24,2,DC,21,12807,,0
1047,3,1946-03-03,0,0,M,1979-08-28,2,Unknown,10,12807,,0
1048,3,1952-09-05,0,0,A,1979-09-24,0,DV,21,11307,2002-07-15,1
1049,3,1913-11-17,0,0,A,1979-10-09,0,Unknown,10,11307,,0
1050,3,1935-06-20,0,0,A,1979-10-30,0,Unknown,10,0,,0
1051,2,1923-12-23,0,0,M,1979-11-05,2,Unknown,10,12807,,0
1052,4,1955-05-23,0,0,C,1979-11-28,0,Unknown,10,11307,,0
1053,3,1952-10-09,0,0,M,1980-02-12,2,Unknown,10,12807,,0
1054,3,1953-10-15,1140,2,M,1980-06-20,2,Unknown,10,12807,,0
1055,3,1948-02-16,0,0,M,1980-07-08,2,Unknown,10,12807,,0
1056,2,1948-05-26,0,0,A,1980-09-08,2,DC,10,13907,,0
1057,3,1936-04-06,0,0,A,1980-09-26,0,Unknown,10,11307,,0
1058,2,1948-11-01,2866,0,C,1981-01-28,2,Unknown,10,13907,,0
1059,3,1943-06-29,2426,0,M,1981-02-17,2,Unknown,10,11307,,0
1060,3,1949-10-18,0,0,A,1981-03-09,0,Unknown,10,12807,,0
1061,2,1937-01-23,2190,0,M,1981-04-17,2,Unknown,10,12807,,0
1062,4,1953-03-25,2176,0,U,1981-04-17,2,Unknown,10,12807,,0
1063,3,1955-04-07,0,1,M,1981-08-03,2,Unknown,10,12807,,0
1064,3,1947-01-02,0,0,V,1981-10-13,2,Unknown,10,12807,,0
1065,3,1947-07-15,2715,0,D,1982-01-27,2,Unknown,10,12807,,0
1066,3,1946-07-22,0,1,M,1982-02-11,0,Unknown,10,11307,,0
1067,3,1941-11-11,7000,0,D,1982-03-26,2,Unknown,10,12807,,0
1068,3,1955-02-09,1905,2,M,1982-07-12,2,Unknown,10,13907,,0
1069,2,1957-01-08,0,0,A,1982-12-22,2,DV,10,0,1993-02-03,1
1070,4,1959-10-03,0,0,C,1983-03-31,0,Unknown,10,11307,,0
1071,3,1963-08-01,0,0,C,1983-05-18,2,Unknown,10,12807,,0
1072,3,1930-10-28,1800,0,D,1983-06-24,2,Unknown,10,12807,,0
1073,2,1960-02-21,0,0,M,1983-11-03,2,Unknown,10,12807,,0
1074,3,1930-11-24,1524,0,C,1983-12-05,0,DV,21,12807,1999-06-29,1
1075,3,1953-01-01,0,1,M,1983-12-02,2,Unknown,10,12807,,0
1076,2,1947-07-13,2720,1,M,1979-10-10,2,Unknown,10,10807,,0
1077,3,1941-01-05,1100,0,M,1979-12-07,2,Unknown,10,10807,,0
1078,3,1943-09-19,0,0,M,1979-12-17,2,Unknown,10,10807,,0
1079,3,1933-01-14,0,0,M,1979-12-27,2,Unknown,10,10807,,0
1080,2,1946-06-20,0,0,M,1980-01-14,2,Unknown,10,10807,,0
1081,2,1937-03-05,0,0,A,1980-01-22,0,Unknown,10,10807,,0
1082,3,1945-04-04,0,0,A,1980-01-31,0,Unknown,10,0,,0
1083,2,1938-05-07,0,0,M,1980-02-21,2,Unknown,10,10807,,0
1084,2,1918-05-22,0,0,M,1980-02-27,6,Unknown,10,10807,,0
1085,2,1947-02-26,2094,1,M,1980-03-31,2,Unknown,10,10807,,0
1086,3,1934-06-03,0,0,A,1980-07-11,0,Unknown,10,10807,,0
1087,2,1920-10-01,0,0,M,1980-09-15,2,Unknown,10,10807,,0
1088,3,1952-11-10,0,0,M,1980-09-24,2,Unknown,10,10807,,0
1089,3,1942-12-27,600,0,M,1980-10-03,2,Unknown,10,10807,,0
1090,3,1934-05-29,0,0,A,1980-10-20,0,Unknown,10,10807,,0
1091,2,1954-12-31,0,1,M,1980-10-23,2,Unknown,10,10807,,0
1092,3,1944-11-13,0,0,M,1980-12-02,2,Unknown,10,10807,,0
1093,2,1936-03-04,0,0,D,1981-03-25,2,Unknown,10,10807,,0
1094,2,1927-03-13,0,0,M,1981-04-15,0,DC,21,10807,,0
1095,2,1935-12-16,0,0,M,1981-06-05,2,Unknown,10,10807,,0
1096,3,1959-04-13,2380,2,D,1982-09-29,2,Unknown,10,10807,,0
1097,2,1936-05-19,0,0,C,1972-11-02,2,Unknown,10,10907,,0
1098,2,1938-01-18,2200,0,M,1976-01-13,2,Unknown,10,10907,,0
1099,2,1948-02-22,0,0,A,1976-11-22,0,DC,10,10907,,0
1100,3,1948-07-08,0,0,A,1977-06-24,0,Unknown,10,11307,,0
1101,3,1942-12-20,2153,0,G,1978-06-26,2,Unknown,10,10907,,0
1102,4,1957-09-09,0,0,C,1978-12-18,0,Unknown,10,11307,,0
1103,3,1958-09-08,0,0,M,1980-04-18,2,Unknown,10,10907,,0
1104,3,1949-03-09,0,0,A,1980-05-05,0,Unknown,10,11307,,0
1105,2,1942-01-14,0,0,A,1980-06-13,0,Unknown,10,0,,0
1106,3,1956-06-06,0,0,M,1980-11-24,2,Unknown,10,10907,,0
1107,2,1953-10-02,0,0,M,1980-12-09,2,Unknown,10,10907,,0
1108,3,1938-06-07,1472,0,G,1981-04-06,2,Unknown,10,10907,,0
1109,2,1949-11-03,0,0,A,1981-04-15,0,Unknown,10,11307,,0
1110,3,1939-12-26,0,0,M,1981-12-01,2,Unknown,10,10907,,0
1111,2,1958-04-30,0,1,C,1977-11-08,2,Unknown,10,11307,,0
1112,3,1952-06-15,0,0,A,1978-04-14,0,Unknown,10,17807,,0
1113,3,1941-07-24,0,0,M,1978-04-27,2,Unknown,10,17907,,0
1114,2,1936-10-23,0,0,A,1978-10-02,0,Unknown,10,17907,,0
1115,3,1930-05-11,0,0,A,1979-12-17,0,Unknown,10,17907,,0
1116,2,1926-09-22,0,0,A,1980-01-03,0,DC,21,17907,,0
1117,3,1945-09-21,1700,0,M,1980-03-18,2,Unknown,10,17907,,0
1118,2,1948-05-29,0,0,A,1980-04-08,0,Unknown,10,17907,,0
1119,3,1957-04-30,2232,2,M,1980-06-09,2,Unknown,10,17907,,0
1120,2,1953-10-23,0,0,M,1981-05-22,2,Unknown,10,17907,,0
1121,3,1954-10-30,0,0,D,1981-06-09,2,Unknown,10,17907,,0
1122,2,1960-03-07,0,0,A,1982-05-28,0,Unknown,10,17907,,0
1123,3,1956-09-05,2220,1,D,1983-01-19,2,Unknown,10,17907,,0
1124,4,1958-09-11,0,0,C,1983-03-09,0,Unknown,10,17907,,0
1125,2,1931-10-10,0,0,M,1967-06-12,2,Unknown,10,13907,,0
1126,3,1936-07-31,0,0,A,1967-10-16,0,Unknown,10,11307,,0
1127,2,1921-01-05,0,0,M,1970-03-13,2,Unknown,10,17507,,0
1128,2,1933-11-03,0,0,M,1971-02-19,0,DV,21,17507,2001-06-08,1
1129,2,1939-12-04,2267,0,M,1980-06-01,2,Unknown,10,17507,,0
1130,2,1934-11-11,0,0,A,1973-06-12,0,Unknown,10,11307,,0
1131,3,1951-10-11,2574,0,V,1975-05-15,2,Unknown,10,17507,,0
1132,2,1940-05-19,0,0,M,1976-03-15,2,Unknown,10,17507,,0
1133,4,1951-01-08,0,0,C,1976-12-03,0,Unknown,10,11307,,0
1134,2,1952-11-10,0,0,M,1977-02-18,2,Unknown,10,17507,,0
1135,2,1940-11-15,0,0,M,1978-02-17,2,Unknown,10,17507,,0
1136,2,1946-05-16,0,0,V,1978-04-14,2,Unknown,10,17507,,0
1137,3,1950-11-04,0,0,A,1978-06-16,0,Unknown,21,0,,0
1138,2,1954-04-08,0,0,M,1978-09-19,2,Unknown,10,17507,,0
1139,3,1946-07-15,0,0,M,1978-09-27,2,Unknown,10,11307,,0
1140,2,1957-01-03,0,0,A,1979-02-01,0,Unknown,10,11307,,0
1141,2,1939-10-04,1930,0,M,1979-04-25,0,Unknown,10,17507,,0
1142,3,1939-04-22,0,0,A,1979-06-05,0,Unknown,10,17507,,0
1143,2,1952-05-05,0,0,M,1979-09-07,2,Unknown,10,17507,,0
1144,3,1949-04-12,0,0,A,1979-12-05,0,Unknown,10,17507,,0
1145,3,1940-08-10,2028,0,M,1979-12-26,2,Unknown,10,17507,,0
1146,2,1944-07-26,0,0,M,1980-05-28,2,Unknown,10,17507,,0
1147,3,1953-03-18,3334,1,M,1980-10-15,2,Unknown,10,17507,,0
1148,3,1958-11-15,0,0,M,1980-10-13,2,Unknown,10,17507,,0
1149,2,1947-06-23,0,0,C,1980-11-10,2,Unknown,10,17507,,0
1150,3,1944-04-11,0,0,M,1980-11-18,2,Unknown,10,17507,,0
1151,2,1949-07-27,0,0,A,1981-01-05,0,Unknown,10,11907,,0
1152,2,1960-07-22,1475,2,M,1981-03-09,2,Unknown,10,17507,,0
1153,3,1934-04-21,0,0,A,1981-03-18,0,Unknown,10,0,,0
1154,4,1939-06-19,0,0,C,1981-03-30,2,Unknown,10,17507,,0
1155,2,1925-05-24,0,0,A,1981-03-30,0,Unknown,10,17507,,0
1156,3,1942-05-10,0,0,M,1981-06-02,2,Unknown,10,17507,,0
1157,2,1961-09-14,2228,1,D,1982-05-28,2,Unknown,10,17507,,0
1158,2,1947-03-06,1700,0,G,1983-09-06,2,Unknown,10,17507,,0
1159,2,1931-05-19,0,0,C,1970-03-10,2,Unknown,10,15707,,0
1160,2,1948-02-17,2310,0,M,1976-12-16,2,Unknown,10,11907,,0
1161,2,1956-10-07,0,0,A,1977-04-01,0,Unknown,10,11307,,0
1162,1,,0,0,A,1980-03-18,0,Unknown,50,11307,,0
1163,3,1958-02-10,0,0,M,1980-11-28,2,Unknown,10,11907,,0
1164,2,1956-03-25,0,0,C,1981-04-22,0,Unknown,10,11907,,0
1165,3,1927-08-02,0,0,A,1964-06-15,0,DC,10,13807,,0
1166,2,1926-11-24,0,0,A,1965-11-09,0,Unknown,10,15607,,0
1167,2,1929-11-23,0,0,A,1969-10-09,0,DC,10,11307,,0
1168,2,1929-02-25,0,0,A,1970-09-28,0,Unknown,10,11307,,0
1169,3,1946-10-08,3568,0,D,1981-11-01,2,Unknown,10,13807,,0
1170,3,1945-05-06,2000,0,M,1972-01-31,2,Unknown,10,11307,,0
1171,2,1937-03-07,0,0,M,1972-02-29,0,DV,21,13807,2005-10-19,1
1172,2,1917-09-29,0,0,A,1972-05-15,0,DC,21,11307,,0
1173,3,1946-12-31,3521,2,V,1973-09-13,2,Unknown,10,11307,,0
1174,3,1926-08-26,0,0,A,1974-02-15,0,DV,21,11307,1999-11-08,1
1175,2,1946-07-29,0,0,A,1974-03-07,0,Unknown,10,11307,,0
1176,3,1939-04-19,0,0,M,1975-06-19,2,Unknown,10,13807,,0
1177,2,1946-11-13,1350,0,M,1975-11-28,2,Unknown,10,11307,,0
1178,3,1920-02-09,0,0,A,1975-12-08,0,Unknown,10,11307,,0
1179,4,1947-05-29,0,0,C,1976-02-03,0,Unknown,10,0,,0
1180,2,1947-05-25,3107,0,M,1976-02-25,2,Unknown,10,13807,,0
1181,2,1952-05-27,0,2,M,1976-06-02,2,Unknown,10,13807,,0
1182,3,1955-09-07,0,0,D,1976-07-02,0,Unknown,10,13807,,0
1183,3,1939-03-20,1954,0,M,1977-03-29,2,Unknown,10,11307,,0
1184,2,1932-04-28,0,0,M,1977-10-24,2,Unknown,10,13807,,0
1185,3,1937-11-26,0,0,D,1977-12-07,2,Unknown,10,14607,,0
1186,2,1939-11-30,0,0,A,1978-02-08,0,Unknown,10,11307,,0
1187,2,1935-03-08,0,0,A,1978-05-02,0,Unknown,10,11307,,0
1188,3,1937-10-31,0,0,A,1978-06-16,0,Unknown,10,13807,,0
1189,2,1949-09-07,0,0,M,1978-08-08,2,Unknown,10,13807,,0
1190,3,1945-02-22,0,0,A,1978-09-06,0,DV,21,13507,2000-10-11,1
1191,3,1947-07-02,0,0,A,1979-02-02,0,Unknown,10,11307,,0
1192,2,1947-11-05,3015,1,M,1980-05-13,2,Unknown,10,13807,,0
1193,2,1939-03-10,0,0,D,1980-09-25,2,Unknown,10,13807,,0
1194,3,1948-03-14,1320,0,M,1980-10-28,2,Unknown,10,13807,,0
1195,2,1938-07-03,0,0,M,1980-11-10,2,Unknown,10,13807,,0
1196,2,1942-07-26,0,0,A,1980-11-17,0,DC,10,15807,,0
1197,2,1944-10-25,1920,1,E,1981-03-16,2,Unknown,10,10907,,0
1198,2,1959-09-18,0,2,M,1982-03-04,2,Unknown,10,13807,,0
1199,3,1951-10-04,0,0,M,1982-04-01,2,Unknown,10,13807,,0
1200,2,1946-03-15,2890,1,M,1982-07-08,2,Unknown,10,11307,,0
1201,3,1949-01-10,600,2,M,1982-06-23,2,Unknown,10,13807,,0
1202,2,1953-03-24,2952,1,E,1982-12-22,2,Unknown,10,13807,,0
1203,2,1931-08-31,0,0,D,1983-04-11,2,Unknown,10,13807,,0
1204,2,1957-10-05,2725,3,G,1983-07-08,2,Unknown,10,13807,,0
1205,4,1965-03-03,0,0,C,1983-10-26,2,Unknown,10,13807,,0
1206,2,1941-09-07,0,0,M,1972-07-28,2,Unknown,10,17907,,0
1207,3,1940-11-23,0,0,A,1973-09-17,0,Unknown,10,11307,,0
1208,2,1952-12-17,1492,2,E,1978-12-07,2,Unknown,10,11307,,0
1209,3,1941-08-11,0,0,A,1979-05-21,0,Unknown,10,17907,,0
1210,2,1939-05-08,2161,0,C,1979-11-15,2,Unknown,10,17907,,0
1211,3,1949-03-14,1750,0,M,1981-03-12,2,Unknown,10,17907,,0
1212,2,1948-05-21,0,0,A,1981-04-10,0,Unknown,10,17907,,0
1213,3,1955-05-07,2000,2,M,1981-05-21,2,Unknown,10,17907,,0
1214,2,1932-01-07,0,0,M,1981-06-18,2,Unknown,10,10107,,0
1215,3,1945-01-01,0,0,A,1981-10-12,0,Unknown,10,11307,,0
1216,3,1914-07-17,0,0,D,1981-11-19,2,Unknown,10,17907,,0
1217,3,1946-04-17,0,0,A,1983-01-18,0,DC,21,17907,,0
1218,2,1937-03-26,0,0,M,1973-10-29,2,Unknown,10,11607,,0
1219,3,1947-08-29,0,0,M,1975-12-12,2,Unknown,10,11607,,0
1220,2,1935-07-05,0,0,M,1977-03-25,0,Unknown,10,11607,,0
1221,3,1939-02-10,2300,0,D,1977-11-18,2,Unknown,10,11607,,0
1222,3,1948-04-27,0,0,M,1981-03-09,2,Unknown,10,11307,,0
1223,3,1949-10-25,0,0,A,1981-04-03,0,Unknown,10,11607,,0
1224,2,1960-07-25,0,0,M,1982-04-19,2,Unknown,10,11607,,0
1225,2,1929-04-16,0,0,M,1972-11-08,2,Unknown,10,11607,,0
1226,2,1954-01-18,0,0,M,1975-03-17,2,Unknown,10,11607,,0
1227,3,1952-11-10,1299,0,M,1976-09-13,2,Unknown,10,11607,,0
1228,2,1948-04-17,4100,1,M,1976-12-28,0,Unknown,10,11307,,0
1229,3,1948-02-13,0,0,A,1977-03-03,0,Unknown,10,11607,,0
1230,3,1933-02-10,0,0,A,1977-03-22,0,DC,21,11607,,0
1231,3,1939-03-21,1026,0,V,1977-06-06,2,Unknown,10,11607,,0
1232,4,1952-08-19,0,0,C,1978-01-13,0,Unknown,10,11307,,0
1233,2,1947-01-27,0,0,M,1978-01-27,2,Unknown,10,11307,,0
1234,3,1936-04-04,2000,0,V,1978-10-31,2,Unknown,10,11607,,0
1235,2,1951-07-20,0,0,A,1978-11-20,0,Unknown,10,11607,,0
1236,3,1948-11-03,2500,0,M,1979-07-04,2,Unknown,10,11607,,0
1237,3,1952-10-10,0,0,V,1979-08-08,0,Unknown,10,11607,,0
1238,2,1941-11-20,2576,0,M,1980-01-11,2,Unknown,10,11607,,0
1239,4,1951-07-01,0,0,C,1980-02-14,0,Unknown,10,11607,,0
1240,3,1925-06-02,0,0,M,1981-01-23,2,Unknown,10,11607,,0
1241,3,1952-03-23,0,0,V,1981-03-31,2,Unknown,10,11607,,0
1242,2,1941-04-02,5036,0,M,1981-07-27,2,Unknown,10,11307,,0
1243,3,1947-04-20,0,0,M,1981-11-09,2,Unknown,10,11607,,0
1244,3,1943-01-11,1870,1,M,1982-02-22,2,Unknown,10,11607,,0
1245,3,1937-03-11,0,0,A,1982-09-29,2,DV,10,0,1992-05-06,1
1246,3,1949-03-12,1786,0,C,1983-12-16,2,Unknown,10,11607,,0
1247,2,1938-12-25,0,0,A,1972-09-29,0,Unknown,10,11307,,0
1248,4,1945-03-25,0,0,C,1976-09-22,0,Unknown,10,11307,,0
1249,3,1944-12-09,0,0,M,1977-03-28,2,Unknown,10,15707,,0
1250,2,1949-05-23,0,0,A,1979-02-27,0,Unknown,10,11307,,0
1251,3,1959-05-19,0,0,M,1982-11-18,2,Unknown,10,15707,,0
1252,2,1955-03-13,0,2,M,1983-08-03,2,Unknown,10,15707,,0
1253,4,1936-08-20,0,0,C,1965-09-01,0,DC,10,10607,,0
1254,2,1940-01-25,1966,0,M,1967-02-24,2,Unknown,10,13507,,0
1255,2,1939-02-23,0,0,A,1974-12-16,0,Unknown,10,11307,,0
1256,3,1944-01-01,0,0,M,1975-10-10,2,Unknown,10,10607,,0
1257,2,1930-03-11,0,0,A,1975-11-26,0,DC,10,10607,,0
1258,2,1944-06-06,0,2,M,1976-04-23,2,Unknown,10,10607,,0
1259,2,1932-01-16,1800,0,M,1977-01-12,2,Unknown,10,10607,,0
1260,2,1940-12-02,0,0,M,1977-12-19,2,Unknown,10,15807,,0
1261,3,1933-11-22,0,0,A,1978-03-13,0,Unknown,10,11307,,0
1262,2,1949-05-18,0,0,A,1978-04-28,0,DC,21,0,,0
1263,3,1938-03-21,2039,0,G,1978-11-20,2,Unknown,10,10607,,0
1264,3,1953-09-28,0,0,A,1979-05-14,0,Unknown,10,11307,,0
1265,2,1934-02-02,0,0,M,1979-06-14,2,Unknown,10,10607,,0
1266,3,1953-06-21,0,0,M,1979-09-11,2,Unknown,10,10607,,0
1267,2,1957-10-07,0,0,A,1979-10-09,0,Unknown,10,11307,,0
1268,3,1921-05-30,0,0,A,1980-03-07,0,DC,10,0,,0
1269,4,1949-03-13,2968,1,C,1980-03-17,2,Unknown,10,10607,,0
1270,2,1947-02-05,0,0,M,1980-03-19,2,Unknown,10,10607,,0
1271,3,1951-01-13,2360,0,D,1980-05-19,2,Unknown,10,10607,,0
1272,2,1942-01-29,0,0,A,1980-09-17,0,Unknown,10,11307,,0
1273,2,1957-03-01,0,0,C,1981-04-15,2,Unknown,10,10607,,0
1274,3,1956-04-20,0,3,D,1981-06-03,2,Unknown,10,10607,,0
1275,3,1950-11-05,0,0,A,1981-06-19,0,Unknown,10,11307,,0
1276,2,1922-09-29,0,0,M,1981-08-14,2,Unknown,10,10607,,0
1277,3,1938-08-17,2854,0,D,1981-09-17,2,Unknown,10,10607,,0
1278,3,1949-07-21,2123,0,G,1981-11-20,2,Unknown,10,10607,,0
1279,3,1960-10-04,0,0,C,1982-04-15,2,Unknown,10,10607,,0
1280,3,1950-10-21,0,0,M,1982-04-20,2,Unknown,10,10607,,0
1281,3,1949-04-09,1578,0,M,1982-05-06,2,Unknown,10,10607,,0
1282,4,1962-08-04,0,0,C,1982-07-07,0,Unknown,10,11307,,0
1283,3,1958-10-19,1526,1,M,1983-05-13,2,Unknown,10,10607,,0
1284,2,1960-09-02,1758,0,C,1983-07-15,0,Unknown,10,10607,,0
1285,4,1960-05-07,0,0,C,1983-11-24,0,Unknown,10,11307,,0
1286,3,1935-03-21,0,0,B,1966-08-29,2,Unknown,10,15707,,0
1287,2,1940-09-27,0,0,A,1972-02-18,0,DC,10,0,,0
1288,3,1924-11-05,0,0,A,1972-05-02,0,Unknown,10,11307,,0
1289,2,1931-08-03,1820,0,M,1973-02-14,2,Unknown,10,16707,,0
1290,2,1940-09-27,0,0,M,1975-09-25,0,Unknown,10,11307,,0
1291,2,1937-01-06,0,0,M,1978-11-27,0,Unknown,10,16707,,0
1292,2,1922-03-16,0,0,A,1978-12-29,0,Unknown,10,11307,,0
1293,3,1942-05-29,2400,1,M,1979-07-18,2,Unknown,10,16707,,0
1294,3,1935-11-18,0,0,M,1979-09-03,2,Unknown,10,16707,,0
1295,2,1945-03-01,2164,0,C,1979-09-28,2,Unknown,10,16707,,0
1296,3,1928-07-05,0,0,M,1981-01-13,2,Unknown,10,16707,,0
1297,3,1947-04-17,3200,0,M,1981-04-30,2,Unknown,10,16707,,0
1298,2,1945-08-12,2284,0,E,1981-11-10,2,Unknown,10,16707,,0
1299,3,1954-01-12,0,0,U,1983-03-29,2,Unknown,10,16707,,0
1300,2,1953-05-02,0,0,A,1983-05-10,0,Unknown,10,11307,,0
1301,3,1936-11-13,0,0,M,1983-08-19,0,DV,21,16707,2007-02-23,1
1302,2,1947-01-31,2350,0,M,1983-11-28,2,Unknown,10,16707,,0
1303,3,1927-10-06,0,0,M,1967-12-11,2,Unknown,10,18507,,0
1304,3,1933-05-30,0,0,A,1970-06-04,0,Unknown,10,11307,,0
1305,3,1941-07-29,1750,0,M,1972-04-06,0,Unknown,10,11307,,0
1306,3,1950-10-02,0,0,M,1975-04-10,0,Unknown,10,11307,,0
1307,2,1952-03-27,2050,1,M,1976-04-16,2,Unknown,10,18507,,0
1308,3,1915-02-19,0,0,A,1976-10-25,0,Unknown,10,18507,,0
1309,2,1946-01-14,0,0,M,1976-11-09,2,Unknown,10,11307,,0
1310,2,1946-12-04,2000,1,M,1977-01-18,2,Unknown,10,12807,,0
1311,3,1948-01-11,0,0,M,1977-08-12,2,Unknown,10,12807,,0
1312,3,1952-12-28,0,0,A,1978-08-01,0,Unknown,10,18507,,0
1313,2,1939-09-26,0,0,C,1979-01-19,2,Unknown,10,18507,,0
1314,3,1954-03-01,0,0,A,1979-01-22,0,Unknown,10,11307,,0
1315,3,1931-10-08,0,0,V,1979-02-26,2,Unknown,10,18507,,0
1316,2,1946-04-21,0,1,M,1979-06-14,2,Unknown,10,18507,,0
1317,3,1954-06-01,1676,2,D,1979-08-03,2,Unknown,10,18507,,0
1318,2,1950-01-09,0,0,A,1979-09-13,0,Unknown,10,18507,,0
1319,3,1936-06-13,0,0,A,1979-09-25,0,Unknown,10,0,,0
1320,3,1951-11-30,0,0,A,1979-09-25,0,Unknown,10,0,,0
1321,3,1951-06-03,0,0,M,1979-10-16,2,Unknown,10,18507,,0
1322,2,1942-06-28,0,0,M,1980-01-03,2,Unknown,10,18507,,0
1323,3,1950-03-21,0,0,A,1980-03-07,0,Unknown,10,11307,,0
1324,3,1949-09-04,0,0,D,1980-04-30,2,Unknown,10,18507,,0
1325,3,1949-05-12,3025,0,A,1980-05-28,0,Unknown,10,18507,,0
1326,2,1935-09-27,0,0,A,1980-07-22,0,Unknown,10,18507,,0
1327,2,1954-03-09,0,0,M,1981-01-29,6,Unknown,10,18507,,0
1328,3,1960-08-12,0,0,M,1981-04-21,2,Unknown,10,18507,,0
1329,3,1948-04-14,0,0,A,1981-08-31,0,Unknown,10,11307,,0
1330,3,1956-10-25,0,0,A,1981-10-01,0,Unknown,10,0,,0
1331,4,1956-10-31,0,0,C,1981-11-17,0,DV,21,18507,2002-03-19,1
1332,2,1957-10-31,0,0,A,1981-12-24,0,Unknown,10,18507,,0
1333,2,1958-10-10,1950,2,G,1982-01-14,2,Unknown,10,18507,,0
1334,2,1948-07-01,2561,0,M,1982-06-17,2,Unknown,10,18507,,0
1335,3,1920-04-11,0,0,M,1982-06-29,2,Unknown,10,18507,,0
1336,3,1944-10-03,1700,0,D,1983-04-18,2,Unknown,10,18507,,0
1337,2,1931-02-15,0,0,M,1983-04-26,2,Unknown,10,18507,,0
1338,3,1944-04-13,0,0,A,1983-06-28,0,Unknown,10,11307,,0
1339,3,1957-03-06,0,0,S,1983-09-28,2,Unknown,21,18507,,0
1340,3,1956-03-19,0,2,D,1983-10-18,2,Unknown,10,18507,,0
1341,2,1948-06-22,0,0,S,1983-11-08,2,Unknown,10,18507,,0
1342,2,1950-02-12,0,0,M,1983-12-16,2,Unknown,10,18507,,0
1343,2,1960-01-15,1280,1,M,1983-12-16,2,Unknown,10,11307,,0
1344,2,1948-08-23,0,0,A,1976-03-05,0,DC,21,11307,,0
1345,3,1951-12-21,2300,2,B,1976-09-20,2,Unknown,10,18507,,0
1346,3,1947-09-02,1963,0,M,1979-05-22,2,Unknown,10,11307,,0
1347,3,1948-09-01,0,0,A,1979-10-03,0,DV,21,11307,2006-02-13,1
1348,2,1943-04-19,0,0,A,1979-11-23,0,Unknown,10,10807,,0
1349,3,1943-09-09,0,1,M,1980-06-09,2,Unknown,10,18507,,0
1350,3,1946-12-18,0,0,M,1981-04-15,2,Unknown,10,0,,0
1351,2,1960-05-05,0,0,M,1982-02-10,2,Unknown,10,18507,,0
1352,2,1958-04-06,0,0,A,1982-11-23,0,DV,21,14707,2000-05-24,1
1353,3,1947-09-03,1810,0,M,1982-12-27,2,Unknown,10,18507,,0
1354,3,1939-09-20,0,0,A,1983-06-07,0,Unknown,10,18507,,0
1355,4,1956-06-08,0,0,C,1984-01-26,0,Unknown,10,14707,,0
1356,2,1933-10-10,0,0,M,1971-10-18,2,Unknown,10,16707,,0
1357,2,1948-10-24,0,0,A,1982-01-18,2,DC,21,16707,,0
1358,3,1953-05-25,0,0,A,1982-11-17,0,Unknown,10,11307,,0
1359,3,1931-05-26,1733,0,M,1983-04-21,2,Unknown,10,16707,,0
1360,3,1958-12-30,1534,3,M,1983-06-02,2,Unknown,10,16707,,0
1361,4,1949-08-02,0,0,C,1984-01-05,2,Unknown,10,16707,,0
1362,2,1921-07-07,0,0,A,1971-12-31,0,Unknown,21,11307,,0
1363,3,1947-02-22,0,0,M,1981-09-24,2,Unknown,10,14707,,0
1364,2,1940-01-15,0,0,M,1981-11-06,2,Unknown,10,14707,,0
1365,3,1957-05-18,0,0,A,1981-11-30,0,Unknown,10,10807,,0
1366,2,1926-07-17,0,0,A,1981-12-10,0,Unknown,10,14707,,0
1367,3,1953-12-16,0,0,S,1982-03-16,2,Unknown,10,14707,,0
1368,4,1946-02-24,0,0,C,1982-08-31,2,Unknown,10,14707,,0
1369,2,1945-03-10,0,0,S,1982-11-17,0,Unknown,10,14707,,0
1370,3,1945-09-10,0,0,M,1982-12-10,2,Unknown,10,14707,,0
1371,2,1957-04-08,0,0,M,1983-03-02,2,Unknown,10,14707,,0
1372,2,1948-03-16,0,0,A,1977-08-03,0,Unknown,21,0,,0
1373,2,1948-11-22,0,0,A,1978-11-21,0,DV,21,14707,2002-03-05,1
1374,2,1945-10-26,1668,2,M,1979-02-09,2,Unknown,10,14707,,0
1375,2,1953-05-21,2173,1,F,1979-07-13,2,Unknown,10,14707,,0
1376,2,1958-04-19,2016,0,D,1979-08-10,2,Unknown,10,14707,,0
1377,3,1950-05-16,0,0,D,1979-09-28,2,Unknown,10,14707,,0
1378,2,1944-05-20,0,0,C,1980-01-09,2,Unknown,10,14707,,0
1379,2,1931-02-25,0,0,A,1980-12-26,0,DV,21,14707,2002-03-22,1
1380,3,1951-09-26,0,0,M,1981-12-28,2,Unknown,10,14707,,0
1381,3,1949-08-08,2400,1,M,1982-01-04,2,Unknown,10,18507,,0
1382,3,1952-10-26,0,0,D,1982-10-07,2,Unknown,10,14707,,0
1383,4,1934-02-11,2326,0,C,1983-10-17,2,Unknown,10,14707,,0
1384,2,1909-11-01,0,0,M,1969-03-10,2,Unknown,10,13807,,0
1385,3,1941-08-08,876,0,G,1972-11-17,2,Unknown,10,13807,,0
1386,3,1929-12-13,0,0,A,1976-06-17,0,Unknown,10,11307,,0
1387,3,1937-07-22,2149,0,V,1976-10-01,0,Unknown,10,13807,,0
1388,2,1953-10-10,0,0,A,1978-01-18,0,Unknown,10,11307,,0
1389,3,1949-10-30,0,0,A,1979-08-09,0,Unknown,10,11307,,0
1390,3,1949-12-28,844,0,M,1980-01-11,2,Unknown,10,16707,,0
1391,3,1924-09-21,0,0,M,1980-03-07,2,Unknown,10,13807,,0
1392,3,1942-03-02,0,0,M,1980-11-28,2,Unknown,10,13807,,0
1393,3,1947-01-31,2334,2,M,1981-03-25,2,Unknown,10,0,,0
1394,3,1942-05-25,0,0,A,1981-05-25,0,DV,21,11307,2003-12-31,1
1395,3,1950-06-14,8449,0,M,1981-07-20,0,Unknown,10,10907,,0
1396,2,1945-11-19,2282,3,M,1981-12-07,2,Unknown,10,10907,,0
1397,2,1935-01-28,0,0,A,1982-11-22,0,Unknown,10,13807,,0
1398,2,1957-11-06,0,0,C,1982-11-05,2,Unknown,10,16707,,0
1399,4,1941-05-12,0,0,C,1981-08-11,0,Unknown,10,14707,,0
1400,2,1930-08-25,0,0,M,1981-11-17,2,Unknown,10,14707,,0
1401,2,1946-12-17,2500,0,D,1981-12-31,2,Unknown,10,14707,,0
1402,3,1947-04-04,0,0,A,1982-03-29,0,Unknown,21,14707,,0
1403,2,1948-12-08,0,0,M,1982-07-06,2,Unknown,10,14707,,0
1404,2,1944-07-22,2200,0,M,1982-10-25,2,Unknown,10,14707,,0
1405,2,1951-07-14,0,0,M,1983-02-11,2,Unknown,21,14707,,0
1406,2,1962-03-07,0,0,C,1983-03-15,2,Unknown,21,14707,,0
1407,4,1952-04-13,0,0,C,1983-06-07,0,Unknown,21,0,,0
1408,3,1923-10-24,0,0,V,1983-12-21,2,Unknown,21,14707,,0
1409,2,1945-06-29,2400,1,G,1979-06-15,2,Unknown,10,0,,0
1410,2,1950-10-18,0,0,A,1980-09-26,0,DC,10,17507,,0
1411,3,1945-12-13,0,0,B,1981-01-23,2,Unknown,10,12607,,0
1412,3,1951-09-01,2218,2,U,1981-07-16,2,Unknown,10,12607,,0
1413,3,1934-04-14,0,0,M,1981-09-11,2,Unknown,10,12607,,0
1414,3,1956-01-17,0,0,A,1982-03-26,2,DV,10,12607,1993-08-04,1
1415,2,1917-08-06,0,0,A,1983-03-14,0,DC,21,12607,,0
1416,4,1953-02-03,0,1,C,1983-03-10,2,Unknown,10,12607,,0
1417,3,1944-12-02,0,0,A,1983-07-04,0,Unknown,10,12607,,0
1418,2,1921-01-03,0,0,A,1964-08-17,0,Unknown,10,11307,,0
1419,3,1968-04-06,2300,1,B,1970-07-17,0,Unknown,10,11307,,0
1420,3,1938-12-05,0,0,A,1971-12-31,0,Unknown,21,11307,,0
1421,3,1941-09-23,895,0,M,1972-01-21,2,Unknown,10,13507,,0
1422,3,1945-05-30,0,0,A,1972-01-28,0,Unknown,10,11307,,0
1423,2,1941-02-18,1793,0,G,1972-04-07,2,Unknown,10,11307,,0
1424,3,1938-12-13,0,0,A,1973-02-01,0,Unknown,10,11307,,0
1425,3,1944-09-10,0,0,D,1974-03-07,0,Unknown,10,0,,0
1426,2,1919-09-24,0,0,A,1974-05-27,0,Unknown,21,11307,,0
1427,3,1928-06-18,0,0,A,1974-05-31,0,Unknown,10,11307,,0
1428,3,1925-01-16,0,0,M,1975-05-26,0,DC,21,13507,,0
1429,3,1941-12-10,0,0,M,1975-06-16,2,Unknown,10,13507,,0
1430,3,1946-12-23,0,0,M,1975-07-01,2,Unknown,10,13507,,0
1431,3,1923-08-28,0,0,A,1975-07-17,0,Unknown,10,13507,,0
1432,3,1940-01-08,1496,0,M,1975-09-04,2,Unknown,10,13507,,0
1433,2,1957-07-26,0,0,A,1975-09-23,0,Unknown,10,11307,,0
1434,3,1940-02-07,0,0,A,1975-10-10,0,DV,21,11307,2004-12-29,1
1435,2,1942-06-23,0,0,A,1975-10-28,0,Unknown,10,11307,,0
1436,2,1947-12-28,0,0,A,1976-02-04,0,DV,10,0,1993-03-03,1
1437,2,1949-05-31,0,0,A,1976-02-23,0,Unknown,10,11307,,0
1438,3,1939-10-07,0,0,A,1976-03-11,0,Unknown,10,11307,,0
1439,2,1930-09-05,0,0,M,1976-03-19,2,Unknown,10,13507,,0
1440,3,1925-05-18,0,0,M,1976-04-15,2,Unknown,10,13507,,0
1441,2,1940-11-26,0,0,A,1976-05-13,0,DC,21,0,,0
1442,3,1935-03-01,250,0,M,1976-05-13,2,Unknown,10,13507,,0
1443,3,1947-03-12,0,0,M,1976-05-13,2,Unknown,10,11307,,0
1444,3,1948-09-04,0,0,S,1976-05-13,2,Unknown,10,10907,,0
1445,3,1936-05-30,0,0,M,1976-07-23,2,Unknown,10,11307,,0
1446,3,1934-01-03,0,0,A,1976-09-24,0,Unknown,10,13507,,0
1447,2,1942-05-18,0,0,M,1976-09-24,2,Unknown,10,13507,,0
1448,2,1935-11-25,0,0,A,1976-10-13,0,Unknown,10,13507,,0
1449,3,1934-07-26,0,0,M,1976-10-21,2,Unknown,10,11307,,0
1450,3,1950-05-13,2800,1,M,1977-02-08,2,Unknown,10,13507,,0
1451,2,1953-05-28,2248,0,M,1977-03-04,2,Unknown,10,13507,,0
1452,3,1952-04-05,0,2,M,1977-03-09,2,Unknown,10,10807,,0
1453,2,1941-07-24,0,0,A,1977-05-31,0,Unknown,10,11307,,0
1454,2,1945-12-20,2047,1,M,1977-06-27,2,Unknown,10,13507,,0
1455,3,1932-10-01,0,0,V,1977-07-06,2,Unknown,10,13507,,0
1456,3,1942-01-19,0,0,A,1977-07-19,0,DV,21,11307,2004-02-05,1
1457,3,1947-07-26,0,0,M,1977-09-12,2,Unknown,10,11307,,0
1458,2,1950-11-27,2445,1,U,1977-10-17,2,Unknown,10,13507,,0
1459,4,1949-09-26,0,0,C,1977-12-02,0,Unknown,10,13507,,0
1460,3,1948-03-08,2962,0,G,1978-02-08,2,Unknown,10,13507,,0
1461,3,1949-04-17,0,0,M,1978-02-08,2,Unknown,10,13507,,0
1462,2,1943-02-02,0,0,A,1978-02-21,0,DC,10,13507,,0
1463,2,1951-10-22,2445,2,V,1978-03-02,2,Unknown,10,13507,,0
1464,2,1950-05-20,3217,1,M,1978-03-03,2,Unknown,10,13507,,0
1465,2,1953-03-22,0,0,A,1978-04-20,0,Unknown,10,11307,,0
1466,2,1943-02-08,3500,0,M,1978-05-11,2,Unknown,10,13507,,0
1467,2,1946-08-14,3000,0,M,1978-06-08,2,Unknown,10,11307,,0
1468,2,1943-09-02,2210,0,D,1978-06-13,2,Unknown,10,13507,,0
1469,1,,0,0,A,1978-06-19,0,Unknown,50,11307,,0
1470,2,1939-06-05,0,0,A,1978-07-06,0,Unknown,10,11307,,0
1471,3,1934-10-08,0,0,V,1978-07-13,2,Unknown,10,13507,,0
1472,2,1953-11-10,0,0,V,1978-08-28,2,Unknown,10,13507,,0
1473,2,1955-06-06,0,0,A,1978-08-28,0,DV,21,11307,1999-07-08,1
1474,4,1935-09-23,0,0,C,1978-10-23,2,Unknown,10,13507,,0
1475,3,1949-11-04,3200,0,S,1978-10-23,2,Unknown,10,13507,,0
1476,2,1933-08-18,0,0,V,1978-11-07,0,DC,21,13507,,0
1477,4,1947-07-27,1700,0,D,1978-11-09,2,Unknown,10,13507,,0
1478,2,1954-01-18,0,0,A,1978-11-16,0,Unknown,10,13507,,0
1479,3,1946-07-06,1886,1,M,1978-11-17,0,Unknown,10,13507,,0
1480,3,1951-06-18,0,0,A,1978-11-27,0,Unknown,10,11307,,0
1481,2,1941-03-17,4392,1,E,1978-12-29,2,Unknown,10,13807,,0
1482,2,1938-01-20,0,0,M,1979-02-06,2,Unknown,10,17907,,0
1483,2,1935-12-07,2624,0,M,1979-02-07,2,Unknown,10,13507,,0
1484,3,1934-01-18,0,0,D,1979-02-19,2,Unknown,10,13507,,0
1485,2,1955-02-09,0,0,A,1979-02-27,0,Unknown,10,11307,,0
1486,2,1920-05-05,0,0,A,1979-03-05,2,DV,10,0,1992-06-17,1
1487,3,1948-01-04,0,0,D,1979-03-05,2,Unknown,10,13507,,0
1488,3,1951-08-03,1085,3,M,1979-03-05,2,Unknown,10,13507,,0
1489,4,1956-02-03,0,0,C,1979-04-06,2,Unknown,10,12807,,0
1490,2,1956-11-02,4741,1,M,1979-04-27,2,Unknown,10,13507,,0
1491,3,1921-09-02,0,0,A,1979-05-18,2,DC,10,13507,,0
1492,2,1939-05-21,0,0,A,1979-07-19,2,DC,10,0,1993-03-17,1
1493,3,1945-07-10,0,0,A,1979-07-23,0,Unknown,10,11307,,0
1494,3,1953-01-17,3454,1,V,1979-09-28,2,Unknown,10,13507,,0
1495,3,1938-11-04,0,0,A,1980-02-25,0,DC,10,13507,,0
1496,3,1948-06-20,1189,0,M,1980-03-11,2,Unknown,10,13507,,0
1497,2,1949-12-30,0,0,M,1980-03-20,2,Unknown,10,13507,,0
1498,2,1953-06-15,2884,2,M,1980-04-03,2,Unknown,10,13507,,0
1499,3,1939-02-26,0,0,D,1980-04-03,0,Unknown,10,13507,,0
1500,3,1943-12-10,0,1,D,1980-04-17,2,Unknown,10,13507,,0
1501,3,1943-08-31,0,0,M,1980-05-12,2,Unknown,10,13507,,0
1502,2,1954-04-22,0,2,M,1980-05-19,2,Unknown,10,13507,,0
1503,3,1957-03-14,4755,3,E,1980-06-09,2,Unknown,10,13507,,0
1504,2,1940-10-28,3209,0,M,1980-06-16,2,Unknown,10,13507,,0
1505,3,1949-06-20,0,0,M,1980-07-01,2,Unknown,10,13507,,0
1506,2,1957-02-12,2710,2,M,1980-07-22,2,Unknown,10,13507,,0
1507,4,1953-11-04,0,0,C,1980-09-03,2,Unknown,10,10107,,0
1508,2,1957-11-24,3196,0,M,1980-09-16,2,Unknown,10,13507,,0
1509,2,1951-06-17,0,0,A,1980-11-04,0,DV,21,13507,2003-11-14,1
1510,3,1957-04-23,3130,2,S,1980-11-12,2,Unknown,10,13507,,0
1511,3,1950-05-07,0,2,M,1980-11-18,2,Unknown,10,13507,,0
1512,2,1948-01-01,0,3,M,1980-12-12,2,Unknown,10,13507,,0
1513,1,,0,0,A,1980-12-16,0,Unknown,50,0,,0
1514,2,1951-04-01,0,0,A,1977-08-01,0,Unknown,10,11307,,0
1515,3,1945-05-17,0,0,B,1977-08-26,2,Unknown,10,10307,,0
1516,2,1950-10-01,0,0,M,1977-09-22,2,Unknown,10,11307,,0
1517,3,1948-03-01,0,0,A,1977-09-22,0,Unknown,10,11307,,0
1518,2,1951-07-06,2816,1,M,1977-09-22,2,Unknown,10,10307,,0
1519,3,1954-08-24,0,0,A,1977-11-04,0,Unknown,10,11307,,0
1520,2,1949-01-18,0,1,M,1978-02-27,0,Unknown,10,10307,,0
1521,2,1953-03-16,0,0,A,1978-03-03,0,Unknown,10,11307,,0
1522,2,1949-01-17,0,0,A,1978-05-23,0,Unknown,10,11307,,0
1523,2,1940-03-31,0,0,M,1978-07-27,2,Unknown,10,10307,,0
1524,3,1938-05-12,0,0,A,1978-09-04,0,Unknown,10,11307,,0
1525,2,1947-01-04,0,0,M,1978-09-25,2,Unknown,10,10307,,0
1526,2,1946-02-08,0,0,A,1978-10-30,0,Unknown,10,11307,,0
1527,3,1956-08-08,1998,0,V,1979-01-29,2,Unknown,10,10307,,0
1528,2,1936-04-15,0,0,A,1979-04-26,0,Unknown,10,11307,,0
1529,3,1957-04-24,0,0,A,1979-11-12,0,Unknown,10,11307,,0
1530,3,1953-01-23,3055,1,M,1980-04-23,2,Unknown,10,10307,,0
1531,2,1938-02-16,0,0,M,1980-05-16,2,Unknown,10,11307,,0
1532,3,1949-09-29,1800,2,E,1980-06-09,2,Unknown,10,10307,,0
1533,3,1949-05-25,0,0,M,1980-07-08,2,Unknown,10,10307,,0
1534,2,1957-05-01,2000,2,M,1980-10-09,2,Unknown,10,10307,,0
1535,3,1935-11-28,2272,0,C,1981-01-06,2,Unknown,10,10307,,0
1536,3,1947-09-06,0,0,D,1981-01-14,2,Unknown,10,10307,,0
1537,2,1951-06-12,0,0,A,1981-01-29,0,Unknown,10,11307,,0
1538,2,1933-12-05,0,0,M,1981-02-02,0,Unknown,10,10307,,0
1539,2,1945-04-10,0,0,M,1981-04-23,2,Unknown,10,10307,,0
1540,2,1958-02-15,2100,2,M,1981-07-07,2,Unknown,10,10307,,0
1541,3,1956-01-13,0,0,A,1981-07-29,0,Unknown,10,11307,,0
1542,2,1957-09-23,2220,2,M,1981-09-17,2,Unknown,10,10307,,0
1543,3,1957-08-07,0,0,M,1981-10-28,2,Unknown,10,10307,,0
1544,2,1933-09-19,0,0,A,1981-11-09,0,Unknown,10,11307,,0
1545,3,1958-02-04,0,0,A,1983-03-10,0,Unknown,10,10307,,0
1546,3,1948-09-07,0,1,M,1983-05-13,2,Unknown,10,10307,,0
1547,2,1953-04-04,3698,0,U,1983-11-15,0,Unknown,10,17907,,0
1548,3,1952-07-08,2389,2,M,1983-11-18,2,Unknown,10,10307,,0
1549,3,1938-05-01,0,0,M,1975-09-10,2,Unknown,10,16607,,0
1550,3,1950-09-18,0,0,A,1977-12-06,0,Unknown,10,11307,,0
1551,2,1938-05-30,1664,2,M,1978-03-07,2,Unknown,10,16707,,0
1552,2,1955-02-22,0,0,A,1978-07-03,0,Unknown,10,11307,,0
1553,2,1950-01-02,0,0,A,1978-07-03,2,DC,10,10107,1992-01-08,1
1554,2,1952-04-24,4293,0,M,1978-10-10,2,Unknown,10,10107,,0
1555,2,1941-05-23,0,0,C,1978-11-14,2,Unknown,10,16707,,0
1556,2,1958-03-03,3500,2,M,1979-03-05,2,Unknown,10,16707,,0
1557,2,1955-06-10,0,3,M,1981-06-30,2,Unknown,10,16707,,0
1558,3,1943-12-15,0,0,M,1981-08-03,2,Unknown,10,16707,,0
1559,2,1948-12-18,2700,2,G,1981-11-16,2,Unknown,10,16707,,0
1560,4,1961-04-10,1749,1,U,1983-07-26,2,Unknown,10,16707,,0
1561,3,1911-04-07,0,0,A,1962-06-26,0,DC,10,11307,,0
1562,2,1935-05-03,0,0,A,1971-12-31,0,Unknown,10,11307,,0
1563,2,1924-05-13,0,0,A,1965-03-26,0,Unknown,10,13507,,0
1564,3,1939-03-21,0,0,A,1966-03-21,0,Unknown,10,10107,,0
1565,3,1942-03-27,0,0,A,1969-04-25,0,DC,21,13507,,0
1566,3,1946-09-17,2233,0,M,1969-10-16,2,Unknown,10,13507,,0
1567,4,1920-05-29,0,0,C,1969-12-01,2,Unknown,10,13507,,0
1568,2,1942-01-23,0,0,A,1970-01-12,0,Unknown,10,11307,,0
1569,3,1969-04-22,1551,2,M,1970-11-05,2,Unknown,10,13507,,0
1570,2,1936-04-26,0,0,A,1970-12-02,0,Unknown,10,11307,,0
1571,3,1951-11-08,2200,1,M,1970-12-24,2,Unknown,10,13507,,0
1572,2,1942-09-24,1706,0,M,1971-01-19,2,Unknown,10,13507,,0
1573,2,1936-03-20,2459,0,G,1971-03-08,2,Unknown,10,13507,,0
1574,2,1938-10-11,0,0,C,1971-05-04,2,Unknown,10,10307,,0
1575,2,1937-01-27,0,0,A,1971-05-14,0,Unknown,10,11307,,0
1576,2,1943-05-04,3048,0,S,1971-09-21,2,Unknown,10,12807,,0
1577,2,1934-07-15,0,0,M,1972-03-14,2,Unknown,10,13507,,0
1578,2,1948-04-11,0,0,A,1972-03-23,0,Unknown,10,11307,,0
1579,4,1947-05-19,0,0,C,1972-05-03,0,Unknown,10,11307,,0
1580,3,1936-02-09,0,0,A,1972-06-14,0,DV,21,13507,1998-03-25,1
1581,2,1943-09-06,2440,0,M,1972-08-22,2,Unknown,10,16807,,0
1582,3,1939-09-07,0,0,A,1973-01-30,0,Unknown,10,11307,,0
1583,2,1938-12-25,0,0,M,1973-03-24,2,Unknown,10,13507,,0
1584,3,1941-12-12,0,0,A,1974-09-09,0,Unknown,10,11307,,0
1585,2,1941-10-06,1750,0,M,1974-10-15,2,Unknown,10,13507,,0
1586,2,1937-05-26,1524,0,M,1975-04-09,2,Unknown,10,15607,,0
1587,2,1956-05-23,0,0,C,1975-05-20,2,Unknown,10,11307,,0
1588,4,1914-10-31,0,0,C,1975-06-16,0,Unknown,10,11307,,0
1589,2,1939-01-29,1865,0,M,1975-10-23,2,Unknown,10,13507,,0
1590,2,1956-01-11,2652,1,M,1975-11-18,2,Unknown,10,13507,,0
1591,3,1956-05-13,0,0,D,1976-07-02,2,Unknown,10,13507,,0
1592,2,1942-11-30,0,0,M,1976-09-02,2,Unknown,10,13507,,0
1593,2,1937-01-30,0,0,A,1976-12-06,0,DC,10,13507,,0
1594,2,1939-08-15,0,0,M,1977-02-18,2,Unknown,10,13507,,0
1595,3,1943-04-14,1981,1,A,1977-07-21,0,Unknown,10,11307,,0
1596,2,1950-02-26,3285,2,M,1977-08-16,2,Unknown,10,10107,,0
1597,3,1952-04-30,1587,1,M,1977-09-13,2,Unknown,10,16707,,0
1598,2,1948-09-21,0,0,M,1977-09-28,0,Unknown,10,11307,,0
1599,3,1939-08-31,2898,0,D,1977-10-19,2,Unknown,10,13507,,0
1600,3,1935-06-02,0,0,M,1977-11-10,2,Unknown,10,13507,,0
1601,3,1929-06-19,0,0,M,1977-11-30,0,DV,21,11307,2001-02-19,1
1602,2,1947-03-04,2050,0,E,1977-11-30,2,Unknown,10,15607,,0
1603,2,1954-04-30,3700,4,M,1978-01-11,2,Unknown,10,11907,,0
1604,2,1934-05-06,0,0,A,1978-03-28,0,Unknown,10,11307,,0
1605,3,1943-03-25,2200,0,M,1978-04-13,2,Unknown,10,13507,,0
1606,3,1946-03-16,0,0,A,1978-09-13,0,Unknown,10,11307,,0
1607,3,1960-09-13,2208,1,A,1978-11-06,0,Unknown,10,11307,,0
1608,3,1944-07-23,0,0,M,1978-11-20,2,Unknown,10,13507,,0
1609,2,1942-11-27,0,0,M,1978-12-28,2,Unknown,10,13507,,0
1610,2,1950-11-16,3300,0,M,1979-04-09,2,Unknown,10,13507,,0
1611,2,1935-06-16,0,0,M,1979-05-17,0,DV,21,13507,2007-04-16,1
1612,3,1935-09-10,0,0,A,1979-05-31,0,DC,21,13507,,0
1613,3,1931-08-14,0,0,M,1979-09-04,2,Unknown,10,13507,,0
1614,4,1958-01-13,0,0,C,1979-10-05,0,Unknown,10,0,,0
1615,2,1937-08-22,0,1,M,1979-10-30,2,Unknown,10,13507,,0
1616,3,1940-04-09,0,0,M,1979-11-08,2,Unknown,10,13507,,0
1617,3,1958-06-11,2019,2,D,1979-11-20,2,Unknown,10,13507,,0
1618,3,1934-09-15,0,0,A,1979-11-27,0,Unknown,10,11307,,0
1619,3,1940-07-09,1865,0,D,1980-05-07,2,Unknown,10,13507,,0
1620,2,1939-07-21,1832,0,D,1980-05-23,2,Unknown,10,13507,,0
1621,3,1939-02-12,0,0,M,1980-09-01,0,Unknown,10,13507,,0
1622,3,1955-09-22,0,0,A,1980-10-06,0,Unknown,10,10307,,0
1623,3,1948-07-06,0,0,A,1980-10-17,0,Unknown,10,11307,,0
1624,2,1922-04-28,0,0,M,1980-10-17,0,DC,21,13507,,0
1625,2,1940-09-03,0,0,A,1980-11-19,0,DC,10,0,,0
1626,2,1944-12-07,2180,0,G,1980-12-11,2,Unknown,10,13507,,0
1627,3,1955-07-11,2134,0,M,1980-12-11,2,Unknown,10,13507,,0
1628,3,1941-07-23,0,0,A,1981-03-30,0,Unknown,10,0,,0
1629,2,1953-03-22,0,2,M,1981-03-30,2,Unknown,10,13507,,0
1630,4,1954-08-31,0,0,C,1981-05-11,0,Unknown,10,11307,,0
1631,3,1951-12-14,0,0,A,1981-05-18,0,Unknown,10,17907,,0
1632,4,1960-07-04,3209,1,D,1981-07-01,0,Unknown,10,11307,,0
1633,3,1951-12-09,3287,0,M,1981-09-28,2,Unknown,10,13507,,0
1634,4,1946-03-14,0,0,C,1981-10-08,2,Unknown,10,11907,,0
1635,3,1947-04-17,0,0,D,1981-11-20,2,Unknown,10,13507,,0
1636,3,1946-02-10,0,0,D,1981-12-03,2,Unknown,10,13507,,0
1637,2,1958-04-16,0,0,M,1981-12-31,2,Unknown,10,13507,,0
1638,2,1956-09-23,0,0,A,1982-01-20,0,Unknown,10,0,,0
1639,2,1957-11-30,0,0,A,1982-01-25,0,DV,21,14607,1997-04-17,1
1640,3,1954-04-16,0,0,D,1982-02-08,2,Unknown,10,13507,,0
1641,2,1928-01-29,0,0,M,1982-02-25,2,Unknown,10,13507,,0
1642,2,1938-07-22,0,0,M,1982-02-25,2,Unknown,10,13507,,0
1643,2,1945-04-21,0,0,M,1982-03-15,2,Unknown,10,13507,,0
1644,3,1951-03-06,0,0,D,1982-06-21,0,DV,21,13507,2005-01-25,1
1645,4,1960-07-14,0,0,C,1982-06-08,0,Unknown,10,13507,,0
1646,2,1952-09-10,0,2,M,1982-08-10,2,Unknown,10,13507,,0
1647,3,1950-09-03,3280,1,G,1982-09-30,2,Unknown,10,13507,,0
1648,2,1949-02-11,4064,1,B,1982-10-20,2,Unknown,10,13507,,0
1649,3,1964-09-05,1620,1,M,1982-10-26,2,Unknown,10,13507,,0
1650,3,1959-02-16,0,1,M,1983-03-02,2,Unknown,10,13507,,0
1651,3,1960-04-23,0,0,M,1983-05-31,2,Unknown,10,13507,,0
1652,3,1960-04-12,4000,2,M,1983-06-08,2,Unknown,10,13507,,0
1653,3,1961-04-24,1800,1,M,1983-10-18,2,Unknown,10,13507,,0
1654,3,1964-10-25,0,0,M,1983-12-08,2,Unknown,10,13507,,0
1655,2,1965-12-02,2700,2,E,1983-12-29,2,Unknown,10,13507,,0
1656,2,1954-08-31,2368,1,G,1984-01-18,0,Unknown,10,11307,,0
1657,3,1931-05-30,0,0,A,1968-11-18,0,Unknown,10,11307,,0
1658,3,1921-01-08,0,0,A,1969-06-05,0,DC,21,11307,,0
1659,3,1917-06-18,0,0,M,1971-09-13,0,DC,21,11907,,0
1660,3,1913-07-17,0,0,A,1972-05-29,0,DV,10,0,1994-06-29,1
1661,2,1939-03-18,0,0,A,1974-05-16,0,Unknown,10,11307,,0
1662,2,1939-06-02,0,0,A,1977-03-31,0,Unknown,10,11307,,0
1663,3,1936-01-10,0,0,A,1977-11-28,0,Unknown,10,11307,,0
1664,3,1948-04-15,2924,3,D,1977-12-16,2,Unknown,10,11907,,0
1665,3,1942-04-26,0,0,S,1978-04-26,2,Unknown,10,11307,,0
1666,2,1930-12-29,0,0,A,1978-05-22,0,Unknown,10,11307,,0
1667,2,1950-12-05,0,1,M,1978-10-27,2,Unknown,10,11907,,0
1668,2,1952-08-22,0,3,M,1979-02-13,2,Unknown,10,11907,,0
1669,2,1949-06-11,0,0,A,1979-02-22,0,Unknown,10,11307,,0
1670,3,1942-10-05,2400,0,M,1980-02-07,2,Unknown,10,11907,,0
1671,2,1949-03-30,0,0,A,1980-05-12,0,Unknown,10,11907,,0
1672,3,1937-11-29,0,0,M,1980-06-23,2,Unknown,10,11907,,0
1673,3,1957-08-21,650,3,M,1980-10-29,2,Unknown,10,11907,,0
1674,2,1944-06-10,1990,0,M,1980-11-10,0,Unknown,10,11907,,0
1675,3,1937-05-15,1402,0,M,1980-11-21,2,Unknown,10,11907,,0
1676,3,1961-03-26,2390,3,M,1981-10-19,2,Unknown,10,11907,,0
1677,2,1959-01-31,0,0,A,1981-11-24,0,Unknown,10,11307,,0
1678,2,1945-07-10,0,0,A,1981-12-01,0,Unknown,10,0,,0
1679,2,1954-04-11,2070,2,M,1982-03-01,2,Unknown,10,11907,,0
1680,2,1947-10-11,0,0,A,1982-10-04,0,Unknown,10,0,,0
1681,2,1953-03-16,0,0,A,1982-12-09,0,Unknown,10,11907,,0
1682,3,1949-03-30,0,0,M,1983-04-11,2,Unknown,10,11907,,0
1683,2,1948-12-22,0,0,M,1983-10-10,2,Unknown,10,11907,,0
1684,2,1931-02-23,0,0,M,1983-12-16,2,Unknown,10,11907,,0
1685,2,1950-08-25,2530,2,M,1984-01-10,2,Unknown,10,11907,,0
1686,3,1936-12-10,0,0,S,1976-03-08,2,Unknown,10,10907,,0
1687,3,1940-06-22,0,0,S,1977-05-04,2,Unknown,10,10907,,0
1688,3,1951-07-20,0,0,M,1977-05-13,2,Unknown,10,10907,,0
1689,2,1920-03-22,0,0,A,1977-06-21,0,DC,21,10907,,0
1690,2,1936-10-05,0,0,C,1977-07-05,2,Unknown,10,10907,,0
1691,3,1943-07-20,1780,0,M,1978-06-16,2,Unknown,10,10907,,0
1692,3,1951-09-09,0,0,M,1979-01-19,2,Unknown,10,10907,,0
1693,2,1951-06-24,1781,0,M,1979-02-23,2,Unknown,10,10907,,0
1694,2,1958-08-19,2515,0,C,1979-02-28,0,Unknown,10,11307,,0
1695,3,1942-11-21,1105,0,M,1979-11-30,2,Unknown,10,10907,,0
1696,1,,0,0,A,1980-05-22,4,Unknown,50,10907,,0
1697,4,1946-11-23,0,0,C,1981-01-12,2,Unknown,10,10907,,0
1698,2,1940-12-04,0,0,M,1981-02-02,0,Unknown,10,10907,,0
1699,2,1944-05-29,0,0,A,1981-03-09,0,DC,21,10907,,0
1700,3,1936-04-11,0,0,M,1981-03-16,2,Unknown,10,10907,,0
1701,3,1954-08-29,0,0,M,1981-05-11,2,Unknown,10,10907,,0
1702,2,1940-08-19,0,0,A,1981-05-18,0,Unknown,10,10907,,0
1703,2,1941-06-03,0,0,A,1981-05-25,0,Unknown,10,10907,,0
1704,3,1948-08-21,1700,0,D,1981-07-06,2,Unknown,10,10907,,0
1705,3,1944-04-04,2423,0,B,1982-02-22,2,Unknown,10,10907,,0
1706,3,1951-05-07,0,0,A,1982-11-23,0,Unknown,10,10907,,0
1707,3,1944-04-15,2596,0,U,1982-12-06,2,Unknown,10,10907,,0
1708,3,1954-10-12,2591,1,M,1983-04-13,2,Unknown,10,10907,,0
1709,2,1952-08-31,0,0,A,1983-10-03,0,Unknown,10,10907,,0
1710,2,1941-05-06,2108,0,M,1974-05-16,2,Unknown,10,17807,,0
1711,2,1931-11-11,0,0,V,1975-12-18,2,Unknown,10,17807,,0
1712,3,1948-06-16,3881,2,D,1976-09-17,2,Unknown,10,17807,,0
1713,2,1912-01-19,0,2,A,1977-03-09,0,Unknown,10,11307,,0
1714,2,1944-01-16,2225,0,M,1978-10-11,2,Unknown,10,17807,,0
1715,3,1940-12-08,0,0,D,1980-07-28,2,Unknown,10,17807,,0
1716,2,1951-04-02,3442,1,U,1980-08-06,2,Unknown,10,17807,,0
1717,2,1943-03-28,0,0,M,1980-12-08,2,DC,10,17807,,0
1718,3,1937-02-06,0,0,M,1981-02-06,2,Unknown,10,17807,,0
1719,3,1928-07-28,0,0,M,1981-02-06,2,Unknown,10,17807,,0
1720,2,1956-03-29,2200,2,G,1981-02-23,2,Unknown,10,17807,,0
1721,3,1941-09-14,0,0,M,1981-05-18,2,Unknown,10,17807,,0
1722,3,1947-01-15,0,0,M,1981-05-26,2,Unknown,10,17807,,0
1723,3,1957-05-06,3662,1,M,1981-08-20,2,Unknown,10,17807,,0
1724,2,1939-04-20,2690,0,M,1981-09-28,0,Unknown,10,0,,0
1725,3,1947-05-08,0,0,S,1981-11-06,0,DV,21,17807,2003-02-14,1
1726,3,1937-01-23,1650,0,M,1982-03-15,2,Unknown,10,17807,,0
1727,3,1943-03-17,0,0,A,1982-06-08,0,Unknown,10,11307,,0
1728,2,1959-10-19,2065,0,D,1983-09-06,2,Unknown,10,17807,,0
1729,2,1942-06-03,1987,0,F,1983-11-04,2,Unknown,10,17807,,0
1730,3,1943-12-03,0,0,M,1971-04-15,2,Unknown,10,16607,,0
1731,2,1921-01-18,0,0,M,1975-07-08,2,Unknown,10,16607,,0
1732,1,,0,0,A,1976-01-02,4,Unknown,50,11307,,0
1733,2,1924-12-11,0,0,M,1976-01-29,2,Unknown,10,16607,,0
1734,2,1953-06-29,0,0,A,1976-02-24,0,Unknown,10,11307,,0
1735,3,1943-11-03,0,0,C,1977-01-12,2,Unknown,10,16607,,0
1736,3,1929-09-14,0,1,D,1977-05-23,2,Unknown,10,16607,,0
1737,3,1928-05-19,0,0,M,1977-06-22,2,Unknown,10,16607,,0
1738,3,1942-04-29,0,0,M,1977-07-08,2,Unknown,10,16607,,0
1739,2,1931-03-31,0,0,M,1977-09-08,2,DV,21,16607,2007-03-02,1
1740,2,1948-06-10,0,0,M,1978-03-10,2,Unknown,10,16607,,0
1741,3,1946-05-08,0,0,M,1978-07-20,2,Unknown,10,16607,,0
1742,2,1946-07-25,3000,1,M,1978-08-17,2,Unknown,10,16607,,0
1743,2,1954-12-12,2100,0,M,1978-10-17,2,Unknown,10,16607,,0
1744,2,1938-06-24,0,0,M,1978-11-23,2,Unknown,10,16607,,0
1745,3,1945-11-20,0,0,M,1978-11-28,6,Unknown,10,16607,,0
1746,2,1946-07-12,0,0,M,1978-12-18,2,Unknown,10,16607,,0
1747,3,1917-12-10,0,0,M,1979-04-24,0,Unknown,10,16607,,0
1748,3,1949-06-15,0,0,C,1979-06-01,2,Unknown,10,16607,,0
1749,2,1960-12-12,0,1,M,1980-02-05,2,Unknown,10,16607,,0
1750,2,1944-01-19,2000,1,M,1980-02-29,2,Unknown,10,16607,,0
1751,3,1951-04-06,1329,0,M,1980-06-06,2,DC,10,16607,,0
1752,3,1948-04-03,1800,0,D,1980-06-27,2,Unknown,10,16607,,0
1753,3,1946-01-05,0,0,M,1980-07-22,2,Unknown,10,16607,,0
1754,3,1934-02-10,0,0,M,1980-08-20,2,Unknown,10,16607,,0
1755,2,1955-10-20,0,1,A,1981-12-11,2,Unknown,10,16607,,0
1756,2,1940-04-20,0,0,M,1982-08-27,0,Unknown,10,16607,,0
1757,2,1931-09-14,0,0,M,1982-09-21,2,Unknown,10,16607,,0
1758,3,1959-08-31,0,0,M,1982-09-30,0,Unknown,10,16607,,0
1759,2,1915-12-04,0,0,D,1982-10-08,2,DC,10,16607,1994-08-10,1
1760,2,1949-08-30,2600,2,M,1983-10-18,2,Unknown,10,16607,,0
1761,3,1947-08-12,0,0,M,1973-06-13,0,DC,10,15707,,0
1762,3,1955-11-11,2604,1,M,1979-09-25,2,Unknown,10,10807,,0
1763,2,1956-11-15,5726,1,M,1979-11-05,2,Unknown,10,10807,,0
1764,3,1956-03-07,0,0,M,1983-05-17,2,Unknown,10,17607,,0
1765,2,1949-09-01,1600,1,U,1983-07-27,2,Unknown,10,13907,,0
1766,2,1958-02-13,0,0,A,1983-11-07,0,Unknown,21,0,,0
1767,3,1956-05-20,0,0,M,1982-02-10,2,Unknown,10,14907,,0
1768,3,1934-12-20,0,0,D,1982-02-12,0,Unknown,10,14907,,0
1769,3,1938-02-06,0,0,D,1982-02-25,2,Unknown,21,14907,,0
1770,2,1948-02-17,0,0,M,1982-03-03,2,Unknown,10,14907,,0
1771,2,1925-10-02,0,0,A,1982-03-25,0,Unknown,21,14907,,0
1772,2,1929-03-24,0,0,A,1982-03-30,0,Unknown,21,0,,0
1773,3,1937-03-19,0,0,M,1982-06-28,2,Unknown,21,14907,,0
1774,2,1933-02-18,0,0,M,1982-09-27,0,Unknown,10,14907,,0
1775,3,1955-09-26,0,0,M,1983-01-27,0,Unknown,21,14907,,0
1776,2,1921-11-26,0,0,A,1983-01-27,0,Unknown,21,14907,,0
1777,3,1952-07-11,2413,0,D,1983-07-21,2,Unknown,10,14907,,0
1778,2,1941-01-02,0,0,D,1966-12-22,2,Unknown,10,13907,,0
1779,2,1933-10-27,1675,0,M,1967-05-12,0,Unknown,10,11307,,0
1780,2,1913-04-11,0,0,A,1970-05-26,0,Unknown,10,11307,,0
1781,2,1937-07-06,0,0,M,1971-07-02,2,Unknown,10,13907,,0
1782,3,1948-05-14,1952,0,M,1971-12-15,2,Unknown,10,13907,,0
1783,3,1940-08-30,0,0,A,1971-12-17,0,Unknown,10,11307,,0
1784,2,1947-09-05,0,2,M,1972-03-08,2,Unknown,10,13907,,0
1785,3,1949-01-24,2702,0,M,1972-04-04,0,DC,21,13907,,0
1786,3,1935-08-09,0,0,M,1972-06-02,2,Unknown,10,13907,,0
1787,2,1941-04-12,0,0,A,1972-06-15,0,DV,21,11307,2006-02-28,1
1788,2,1936-07-04,0,0,M,1972-09-22,2,Unknown,10,13907,,0
1789,3,1941-06-21,0,0,A,1972-11-09,0,Unknown,10,11307,,0
1790,2,1934-01-17,0,0,A,1973-01-08,2,DV,21,13907,2000-11-03,1
1791,3,1947-02-15,0,1,M,1973-03-02,0,Unknown,10,11307,,0
1792,3,1948-03-04,0,0,A,1973-04-04,0,Unknown,10,11307,,0
1793,3,1939-03-20,0,0,D,1973-11-26,2,Unknown,10,13907,,0
1794,4,1970-02-09,0,0,C,1973-11-26,0,Unknown,21,0,,0
1795,2,1955-08-25,0,0,A,1973-11-26,0,Unknown,21,11307,,0
1796,3,1926-06-28,0,0,A,1974-06-27,0,DV,21,11307,2006-01-03,1
1797,2,1938-07-30,0,0,A,1974-10-30,0,DV,21,13907,1997-05-27,1
1798,2,1946-09-08,2072,1,M,1975-05-26,2,Unknown,10,13907,,0
1799,2,1947-05-27,0,0,M,1975-07-18,2,Unknown,10,13907,,0
1800,2,1947-03-24,3427,1,V,1976-12-20,2,Unknown,10,13907,,0
1801,2,1941-09-06,4184,3,M,1977-01-28,2,Unknown,10,13907,,0
1802,2,1935-03-10,2089,0,M,1977-02-16,2,Unknown,10,13907,,0
1803,3,1926-06-14,0,0,M,1977-03-07,2,Unknown,10,11307,,0
1804,2,1927-10-05,0,0,A,1977-07-22,0,Unknown,10,11307,,0
1805,3,1939-07-31,0,0,A,1978-03-30,0,Unknown,10,13907,,0
1806,2,1942-07-18,0,0,A,1978-07-12,0,Unknown,10,0,,0
1807,4,1957-03-26,0,0,C,1978-08-02,0,Unknown,10,11307,,0
1808,2,1906-11-01,0,0,A,1978-10-06,0,Unknown,10,13907,,0
1809,3,1928-04-24,0,0,A,1978-10-30,0,Unknown,10,13907,,0
1810,2,1937-12-23,2806,0,M,1978-11-16,2,Unknown,10,13907,,0
1811,4,1956-05-04,1184,0,C,1979-01-04,2,Unknown,10,13907,,0
1812,3,1939-03-30,0,0,A,1979-01-27,0,Unknown,10,11307,,0
1813,2,1947-02-06,0,0,M,1979-02-21,2,Unknown,10,13907,,0
1814,2,1939-06-25,4857,0,B,1979-03-08,2,Unknown,10,13907,,0
1815,3,1946-07-04,0,0,M,1979-03-16,2,Unknown,10,13907,,0
1816,2,1946-04-08,0,0,M,1979-03-19,2,Unknown,10,13907,,0
1817,2,1941-07-30,0,0,A,1979-05-28,0,Unknown,10,11307,,0
1818,2,1946-03-27,3789,2,M,1979-06-06,2,Unknown,10,13907,,0
1819,3,1941-01-31,0,0,M,1979-08-02,2,Unknown,10,13907,,0
1820,3,1951-09-14,0,1,M,1979-09-26,2,Unknown,10,13907,,0
1821,3,1951-09-21,0,0,C,1980-03-11,2,Unknown,10,15707,,0
1822,3,1942-06-27,0,0,V,1980-03-26,2,Unknown,10,13907,,0
1823,2,1954-06-21,0,0,A,1980-03-26,2,DV,10,13907,1994-03-30,1
1824,2,1929-05-16,0,0,A,1980-03-26,0,DV,21,11307,2001-03-01,1
1825,3,1949-02-11,0,0,M,1980-09-03,2,Unknown,10,10807,,0
1826,3,1951-05-07,0,2,M,1980-09-17,2,Unknown,10,13907,,0
1827,2,1930-01-14,0,0,A,1980-11-26,0,DC,10,11307,,0
1828,2,1936-07-14,0,0,A,1980-12-16,0,Unknown,10,11307,,0
1829,3,1916-11-14,0,0,M,1981-02-10,2,DC,10,13907,,0
1830,1,,0,0,A,1981-03-26,0,Unknown,50,0,,0
1831,2,1931-11-10,0,0,A,1981-04-08,2,DC,10,13907,1994-05-04,1
1832,2,1946-10-06,1700,0,M,1981-05-08,2,Unknown,10,13907,,0
1833,2,1949-11-21,0,0,C,1981-05-08,2,Unknown,10,13907,,0
1834,3,1952-05-05,0,2,V,1981-09-23,2,Unknown,10,13907,,0
1835,3,1945-12-14,0,0,M,1981-10-30,2,Unknown,10,13907,,0
1836,2,1949-03-03,3588,2,M,1981-11-23,2,Unknown,10,13907,,0
1837,3,1944-06-29,2065,0,M,1982-01-27,2,Unknown,10,13907,,0
1838,2,1928-09-10,0,0,M,1982-05-24,2,Unknown,10,13907,,0
1839,2,1952-04-18,0,0,A,1982-06-30,0,Unknown,10,13907,,0
1840,2,1951-09-29,3139,2,D,1982-10-26,2,Unknown,10,13907,,0
1841,2,1959-01-06,2050,0,C,1982-11-18,2,Unknown,10,14907,,0
1842,2,1927-02-18,1979,0,M,1982-11-30,2,Unknown,10,13907,,0
1843,3,1938-02-10,0,0,D,1982-12-30,2,Unknown,10,13907,,0
1844,3,1939-08-18,3300,4,E,1983-04-11,2,Unknown,10,13907,,0
1845,3,1934-08-03,0,0,D,1983-05-25,2,Unknown,10,13907,,0
1846,2,1953-12-27,0,0,A,1983-07-12,0,DV,21,13907,1998-07-01,1
1847,2,1944-09-05,0,0,D,1983-09-28,2,Unknown,10,13907,,0
1848,3,1949-12-12,0,0,M,1983-10-06,2,Unknown,10,13907,,0
1849,3,1959-10-30,2084,3,B,1984-01-05,0,Unknown,10,13907,,0
1850,4,1958-10-28,0,0,C,1984-01-09,0,Unknown,10,0,,0
1851,3,1935-06-06,0,0,A,1966-02-21,0,Unknown,10,11307,,0
1852,3,1946-04-23,0,1,M,1977-12-16,2,Unknown,10,10807,,0
1853,3,1949-03-04,0,0,A,1979-03-27,0,Unknown,10,11307,,0
1854,3,1946-01-27,0,0,M,1979-12-26,2,Unknown,10,10807,,0
1855,3,1939-11-30,0,0,M,1980-01-02,2,Unknown,10,10807,,0
1856,3,1947-07-04,2277,2,M,1980-01-22,2,Unknown,10,10807,,0
1857,3,1944-04-25,0,0,M,1980-01-29,2,Unknown,10,10807,,0
1858,2,1937-11-04,1150,0,M,1980-02-05,2,Unknown,10,10807,,0
1859,3,1934-01-11,0,0,M,1980-02-12,2,Unknown,10,10807,,0
1860,3,1945-12-28,0,0,A,1981-02-24,0,Unknown,10,10807,,0
1861,2,1947-09-23,0,0,M,1983-01-11,2,Unknown,10,10807,,0
1862,4,1939-03-02,0,0,C,1983-02-15,2,Unknown,10,10807,,0
1863,2,1947-10-08,2029,0,C,1983-03-28,2,Unknown,10,10807,,0
1864,3,1951-02-21,0,0,M,1983-04-21,2,Unknown,10,10807,,0
1865,4,1972-05-23,0,0,C,1983-04-21,0,Unknown,21,10807,,0
1866,2,1977-09-17,0,0,A,1983-12-30,0,Unknown,21,10807,,0
1867,4,1954-02-04,0,0,C,1983-12-30,2,Unknown,10,10807,,0
1868,3,1926-09-14,0,0,M,1979-07-01,2,Unknown,10,13907,,0
1869,3,1940-03-13,0,0,M,1971-02-15,2,Unknown,10,15707,,0
1870,2,1938-11-30,0,0,M,1972-06-22,2,Unknown,10,10907,,0
1871,2,1936-03-31,0,0,A,1976-04-09,0,Unknown,10,11307,,0
1872,2,1945-07-21,0,0,D,1976-06-09,2,Unknown,10,10807,,0
1873,2,1955-11-25,0,2,M,1977-05-03,2,Unknown,10,17507,,0
1874,3,1951-01-19,0,0,C,1980-01-10,2,Unknown,10,12607,,0
1875,2,1952-06-16,3579,1,G,1980-02-06,2,Unknown,10,12607,,0
1876,2,1956-02-03,0,0,A,1980-09-08,0,DC,10,12607,,0
1877,2,1947-03-27,0,2,M,1980-09-10,2,Unknown,10,12607,,0
1878,2,1949-02-06,0,0,M,1981-02-18,2,Unknown,10,12607,,0
1879,2,1951-10-18,0,0,M,1981-06-29,2,Unknown,10,10807,,0
1880,3,1954-08-26,0,0,A,1981-08-24,0,Unknown,10,0,,0
1881,2,1955-09-23,2400,1,M,1982-03-09,2,Unknown,10,12607,,0
1882,2,1953-02-25,3100,2,F,1982-03-25,2,Unknown,10,14707,,0
1883,3,1944-03-30,0,0,A,1982-06-07,0,Unknown,10,12607,,0
1884,2,1946-07-11,0,0,A,1982-06-21,0,DV,21,12607,2003-10-08,1
1885,2,1954-04-23,0,0,M,1982-07-15,2,Unknown,10,12607,,0
1886,2,1957-06-15,0,0,M,1982-09-17,2,Unknown,10,10807,,0
1887,2,1934-04-05,0,0,M,1983-05-13,2,Unknown,10,12607,,0
1888,2,1950-09-09,2708,2,E,1983-12-22,2,Unknown,10,12607,,0
1889,2,1928-08-04,0,0,A,1969-12-19,0,Unknown,10,11307,,0
1890,3,1936-08-09,0,0,M,1977-12-09,2,Unknown,10,17907,,0
1891,3,1952-06-11,0,0,D,1978-03-09,2,Unknown,10,13807,,0
1892,3,1942-04-05,0,0,A,1979-06-05,0,DV,10,0,1991-12-04,1
1893,3,1950-04-23,0,0,M,1979-10-23,2,Unknown,10,16707,,0
1894,2,1950-03-04,2325,0,M,1980-04-24,2,Unknown,10,16707,,0
1895,4,1934-04-22,1881,0,C,1980-09-19,0,Unknown,10,11307,,0
1896,3,1940-09-09,0,0,A,1980-11-28,0,DV,21,11307,2006-04-18,1
1897,3,1947-03-27,0,0,V,1980-12-08,0,DV,21,16707,2005-10-26,1
1898,3,1921-04-09,0,0,A,1981-01-12,0,DC,21,16707,,0
1899,3,1948-03-14,0,0,M,1981-05-26,2,Unknown,10,16707,,0
1900,3,1929-01-16,0,0,A,1981-07-01,0,Unknown,10,16707,,0
1901,2,1948-12-19,0,0,D,1981-12-07,2,Unknown,10,16707,,0
1902,2,1947-04-13,2788,1,V,1982-12-23,2,Unknown,10,16707,,0
1903,3,1955-06-28,0,0,M,1983-03-28,2,Unknown,10,12807,,0
1904,3,1940-11-17,2202,0,D,1970-07-06,2,Unknown,10,12807,,0
1905,2,1952-08-11,0,0,A,1978-05-22,0,Unknown,10,11307,,0
1906,3,1947-02-12,0,0,M,1979-06-26,2,Unknown,10,16807,,0
1907,3,1946-03-10,0,0,M,1980-08-05,2,Unknown,10,13907,,0
1908,3,1956-05-30,0,0,A,1981-06-09,0,DV,21,16807,2001-07-27,1
1909,3,1959-02-23,0,0,C,1982-01-28,0,Unknown,10,11307,,0
1910,2,1960-06-20,0,0,A,1982-09-15,0,Unknown,10,10307,,0
1911,3,1944-03-27,0,0,A,1982-09-20,0,Unknown,10,11307,,0
1912,4,1956-10-26,0,0,C,1983-01-31,2,Unknown,10,16807,,0
1913,2,1937-03-07,0,0,A,1983-07-07,0,Unknown,10,16807,,0
1914,2,1939-09-01,0,0,M,1983-12-22,2,Unknown,10,16807,,0
1915,2,1922-07-16,0,0,M,1973-06-06,2,Unknown,10,16807,,0
1916,2,1938-01-02,0,0,M,1977-12-06,0,Unknown,10,11307,,0
1917,3,1948-07-12,0,0,A,1979-12-04,0,Unknown,10,11307,,0
1918,2,1938-05-13,0,0,M,1980-09-30,2,Unknown,10,16807,,0
1919,3,1949-08-13,2080,2,M,1981-03-05,2,Unknown,10,16807,,0
1920,2,1958-11-06,0,0,A,1981-10-13,0,Unknown,10,11307,,0
1921,3,1938-10-10,2100,0,M,1982-03-05,2,Unknown,10,16807,,0
1922,3,1947-04-30,0,0,M,1982-07-07,2,Unknown,10,16807,,0
1923,3,1955-12-10,0,2,B,1983-08-05,2,Unknown,10,16807,,0
1924,2,1959-11-27,0,0,M,1983-10-14,2,Unknown,10,16807,,0
1925,2,1935-03-11,0,0,M,1992-04-10,2,Unknown,10,13607,,0
1926,2,1933-03-29,0,0,M,1964-02-13,2,Unknown,10,10207,,0
1927,3,1925-08-16,0,0,A,1964-07-05,0,Unknown,10,11307,,0
1928,2,1923-06-01,0,0,A,1964-12-19,0,DC,10,11307,,0
1929,3,1929-10-20,0,0,A,1965-06-30,0,Unknown,10,11307,,0
1930,2,1934-11-11,0,0,A,1971-12-31,0,Unknown,10,11307,,0
1931,3,1912-10-31,0,0,A,1966-01-12,0,DC,10,0,1992-07-15,1
1932,3,1939-09-11,0,0,M,1966-04-04,0,Unknown,10,10907,,0
1933,3,1920-08-29,0,0,A,1967-01-12,0,DV,21,10807,2002-01-25,1
1934,3,1932-03-09,0,0,A,1971-12-31,0,Unknown,21,11307,,0
1935,3,1919-04-07,0,0,A,1967-05-08,0,Unknown,10,11307,,0
1936,2,1923-02-07,0,0,A,1967-05-09,0,Unknown,10,11307,,0
1937,2,1934-05-06,0,0,M,1982-04-01,2,Unknown,10,10107,,0
1938,3,1925-06-04,0,0,M,1971-12-31,2,Unknown,10,11307,,0
1939,2,1919-05-01,0,0,M,1968-10-07,0,Unknown,10,15607,,0
1940,4,1914-08-19,0,0,C,1968-12-03,0,DC,10,11307,,0
1941,2,1926-08-09,0,0,A,1968-12-27,0,DC,10,0,1994-02-09,1
1942,3,1939-01-29,0,0,V,1969-06-16,0,DC,21,18707,,0
1943,3,1912-07-29,0,0,A,1969-06-24,0,Unknown,21,11307,,0
1944,3,1940-11-06,2564,0,D,1969-07-04,0,Unknown,10,11307,,0
1945,2,1948-05-03,2134,1,M,1970-04-06,2,Unknown,10,10307,,0
1946,2,1939-09-26,0,0,A,1970-05-28,0,DC,21,17807,,0
1947,2,1946-09-27,0,0,A,1971-12-31,0,Unknown,10,11307,,0
1948,3,1939-11-08,0,0,A,1970-12-28,0,Unknown,10,11307,,0
1949,2,1939-08-20,0,0,A,1971-02-10,0,DC,21,18707,,0
1950,4,1921-01-19,0,0,C,1971-05-13,0,Unknown,10,11307,,0
1951,2,1937-03-22,0,0,M,1971-05-18,2,Unknown,10,10107,,0
1952,3,1968-06-01,0,0,A,1971-12-31,0,Unknown,10,11307,,0
1953,2,1946-05-30,0,0,A,1971-09-22,0,Unknown,10,11307,,0
1954,2,1949-07-15,0,0,A,1971-12-06,0,Unknown,10,11307,,0
1955,3,1941-03-16,2177,0,D,1972-01-24,2,Unknown,10,10207,,0
1956,3,1943-05-20,1718,1,D,1972-01-28,2,Unknown,10,10207,,0
1957,3,1947-08-09,3501,1,B,1972-04-28,0,Unknown,10,11307,,0
1958,2,1908-04-24,0,0,A,1972-05-05,0,Unknown,10,11307,,0
1959,3,1944-02-02,0,0,A,1972-05-26,0,Unknown,10,11307,,0
1960,2,1933-09-14,0,0,M,1972-05-29,2,Unknown,10,10107,,0
1961,3,1946-12-25,2696,2,M,1972-06-14,2,Unknown,10,10607,,0
1962,2,1944-07-10,0,0,A,1972-07-11,0,Unknown,10,11307,,0
1963,3,1946-02-11,0,0,M,1972-07-31,2,Unknown,10,11307,,0
1964,3,1951-05-14,3000,0,E,1972-09-05,2,Unknown,10,10307,,0
1965,2,1926-05-25,0,0,A,1972-09-12,0,DV,21,11307,1999-05-07,1
1966,4,1914-09-23,0,0,C,1972-10-02,2,Unknown,10,10807,,0
1967,3,1941-04-26,0,0,A,1972-10-12,0,Unknown,10,11307,,0
1968,2,1914-02-04,0,0,A,1972-11-16,0,Unknown,10,0,,0
1969,3,1944-12-25,0,0,V,1972-12-20,2,Unknown,10,10207,,0
1970,2,1921-09-10,0,0,A,1973-02-02,0,DC,10,11307,,0
1971,4,1906-12-09,0,0,C,1973-02-19,0,DC,10,0,1994-10-13,1
1972,2,1920-08-18,0,0,M,1973-02-21,2,Unknown,10,10207,,0
1973,3,1944-07-09,0,0,A,1973-02-28,0,Unknown,10,11307,,0
1974,2,1934-08-19,1631,0,M,1973-07-13,2,Unknown,10,10307,,0
1975,2,1921-05-26,0,0,M,1973-09-28,2,Unknown,10,12807,,0
1976,3,1918-09-23,0,0,A,1973-10-03,0,Unknown,10,10307,,0
1977,3,1945-01-01,0,0,A,1973-10-23,0,Unknown,10,11307,,0
1978,4,1921-01-28,0,0,C,1973-10-30,0,DC,10,11307,,0
1979,4,1970-09-14,0,0,C,1973-10-30,0,Unknown,21,11307,,0
1980,2,1943-04-29,0,0,M,1974-02-21,2,Unknown,10,14607,,0
1981,4,1958-11-03,0,0,C,1975-01-20,0,Unknown,21,11307,,0
1982,1,,0,0,A,1975-07-30,4,Unknown,50,10107,,0
1983,3,1945-12-23,0,0,M,1975-09-26,2,Unknown,10,10207,,0
1984,4,1974-08-02,0,0,C,1975-10-02,2,Unknown,10,10107,,0
1985,3,1944-05-12,2331,1,D,1975-10-20,2,Unknown,10,10107,,0
1986,4,1947-09-14,2732,2,C,1976-02-06,2,Unknown,10,10107,,0
1987,3,1950-05-01,0,0,M,1976-02-25,2,Unknown,10,10107,,0
1988,3,1948-09-12,0,0,A,1976-04-09,0,Unknown,10,11307,,0
1989,2,1935-08-03,0,0,A,1976-05-06,0,Unknown,21,0,,0
1990,2,1946-09-01,0,0,A,1976-06-28,0,Unknown,10,11307,,0
1991,3,1941-05-19,0,0,A,1976-07-12,0,Unknown,10,11307,,0
1992,3,1951-02-07,0,0,M,1976-09-17,2,Unknown,10,10307,,0
1993,4,1932-07-06,0,0,C,1976-09-30,0,Unknown,10,11307,,0
1994,2,1940-07-24,0,0,C,1976-11-05,0,Unknown,10,11307,,0
1995,3,1937-09-08,0,0,A,1976-11-16,0,Unknown,10,11307,,0
1996,2,1954-07-21,0,0,M,1977-03-14,2,Unknown,10,10307,,0
1997,2,1948-02-05,6303,1,M,1977-04-08,2,Unknown,10,10207,,0
1998,2,1939-08-22,0,0,A,1977-10-20,0,Unknown,10,10207,,0
1999,2,1917-01-08,0,0,A,1977-11-09,0,Unknown,10,11307,,0
2000,3,1923-03-24,0,0,A,1978-02-24,0,Unknown,10,11307,,0
2001,3,1943-11-17,0,0,M,1978-03-14,2,Unknown,10,10307,,0
2002,2,1928-08-23,0,0,A,1978-03-22,0,Unknown,10,11307,,0
2003,4,1942-11-19,0,0,C,1978-04-19,2,Unknown,10,10107,,0
2004,3,1939-11-11,3690,0,V,1978-08-28,2,Unknown,10,15807,,0
2005,2,1936-11-24,0,0,M,1978-10-04,6,Unknown,10,10107,,0
2006,2,1950-11-06,7355,1,M,1978-11-14,2,Unknown,10,10207,,0
2007,3,1921-05-08,0,0,A,1965-04-14,0,Unknown,10,11307,,0
2008,2,1929-08-17,0,0,A,1970-06-24,0,DC,21,11307,,0
2009,2,1936-06-29,0,0,M,1973-06-19,0,DV,21,11307,2001-01-24,1
2010,2,1942-05-25,2410,1,M,1974-03-07,2,Unknown,10,10107,,0
2011,3,1940-04-05,2288,2,M,1974-08-01,2,Unknown,10,10107,,0
2012,3,1924-11-29,0,0,A,1974-10-09,0,Unknown,10,11307,,0
2013,2,1960-01-26,0,0,C,1975-02-12,2,Unknown,10,13507,,0
2014,3,1913-12-08,0,0,A,1975-04-25,0,Unknown,10,11307,,0
2015,2,1934-12-01,0,0,A,1975-05-14,0,Unknown,10,11307,,0
2016,3,1941-01-18,0,0,M,1976-02-05,0,Unknown,10,10107,,0
2017,4,1957-08-30,2900,1,C,1976-04-28,2,Unknown,10,10107,,0
2018,2,1941-01-25,0,0,M,1976-04-28,2,Unknown,10,10107,,0
2019,2,1944-01-16,0,0,A,1976-09-15,0,Unknown,10,11307,,0
2020,3,1941-09-04,0,0,M,1976-11-25,2,Unknown,10,10107,,0
2021,3,1952-08-16,0,0,M,1977-01-19,2,Unknown,10,18707,,0
2022,3,1952-07-16,0,1,D,1977-02-07,2,Unknown,10,10107,,0
2023,3,1949-04-27,1973,2,M,1977-03-14,2,Unknown,10,10107,,0
2024,2,1945-11-20,0,0,A,1977-04-29,0,Unknown,10,11307,,0
2025,2,1949-05-30,4858,3,M,1977-06-07,2,Unknown,10,11307,,0
2026,3,1948-01-04,0,0,U,1977-09-06,0,Unknown,10,10107,,0
2027,3,1926-12-10,0,0,M,1977-09-15,2,Unknown,10,10107,,0
2028,3,1930-03-21,0,0,M,1977-09-21,2,Unknown,10,10107,,0
2029,2,1935-04-15,0,0,S,1977-11-02,2,Unknown,10,11307,,0
2030,3,1950-10-27,2800,1,G,1977-12-22,2,Unknown,10,10307,,0
2031,3,1930-10-14,1989,0,M,1978-02-17,0,DV,21,12607,2004-06-28,1
2032,2,1946-05-23,4199,2,M,1978-04-10,2,Unknown,10,10107,,0
2033,2,1920-09-16,0,0,M,1978-07-20,2,Unknown,10,10107,,0
2034,3,1955-02-20,0,2,M,1978-08-21,2,Unknown,10,10107,,0
2035,2,1952-03-07,0,0,M,1979-06-08,2,Unknown,10,10107,,0
2036,3,1926-02-05,0,0,A,1979-06-08,0,Unknown,10,11307,,0
2037,3,1951-02-13,1581,0,M,1979-07-05,2,Unknown,10,10107,,0
2038,4,1951-06-16,0,0,C,1979-10-23,2,Unknown,10,10107,,0
2039,3,1951-11-10,0,0,A,1980-01-10,0,Unknown,10,0,,0
2040,3,1947-10-25,0,0,C,1980-01-21,0,DV,21,11307,2006-02-01,1
2041,3,1946-10-23,0,0,A,1980-03-06,0,Unknown,10,11307,,0
2042,2,1949-06-13,0,2,S,1980-04-09,2,Unknown,10,10107,,0
2043,2,1955-10-01,0,1,U,1980-04-24,2,Unknown,10,10107,,0
2044,3,1952-03-22,1205,1,M,1980-05-22,2,Unknown,10,10107,,0
2045,3,1954-06-22,2320,2,G,1980-07-01,2,Unknown,10,10107,,0
2046,2,1947-09-16,0,0,M,1980-09-12,2,Unknown,10,12807,,0
2047,2,1956-02-26,3546,1,G,1980-09-29,2,Unknown,10,10107,,0
2048,3,1952-04-16,0,0,A,1980-09-29,0,Unknown,10,0,,0
2049,3,1953-10-05,0,0,M,1981-01-02,2,Unknown,10,10107,,0
2050,3,1952-05-05,1321,0,M,1981-01-02,2,Unknown,10,10107,,0
2051,2,1941-12-24,1981,0,M,1981-01-28,2,Unknown,10,10107,,0
2052,2,1951-08-24,2430,3,M,1981-02-06,2,Unknown,10,10107,,0
2053,4,1951-09-30,0,0,C,1981-05-11,2,Unknown,10,10107,,0
2054,3,1933-01-19,1488,1,M,1981-09-14,2,DV,21,10107,2007-05-11,1
2055,4,1933-08-18,0,0,C,1981-09-28,2,Unknown,10,10107,,0
2056,2,1955-10-02,3096,1,M,1981-10-05,2,Unknown,10,10107,,0
2057,3,1954-08-15,837,3,M,1981-11-09,2,Unknown,10,10107,,0
2058,3,1946-06-20,0,0,M,1981-11-09,0,DC,21,10107,,0
2059,3,1960-10-15,0,0,A,1981-11-16,2,Unknown,10,10107,,0
2060,3,1949-03-28,4257,0,M,1981-12-07,2,Unknown,10,10107,,0
2061,2,1952-08-11,2080,2,B,1981-12-31,2,Unknown,10,10107,,0
2062,4,1946-04-12,0,0,C,1982-04-06,2,Unknown,10,10107,,0
2063,2,1954-05-12,0,0,A,1982-05-24,0,Unknown,10,11307,,0
2064,4,1938-05-17,0,0,C,1982-09-08,0,Unknown,10,0,,0
2065,2,1956-06-20,0,0,M,1982-11-18,2,Unknown,10,10107,,0
2066,2,1959-11-30,2099,2,V,1983-01-11,2,Unknown,10,10107,,0
2067,3,1952-05-19,0,3,M,1983-02-10,2,Unknown,10,10107,,0
2068,2,1935-01-14,0,0,M,1983-05-17,2,DC,21,10107,,0
2069,3,1948-04-23,0,0,A,1983-06-21,0,Unknown,10,10107,,0
2070,3,1941-01-14,2009,0,D,1971-12-31,0,Unknown,10,11307,,0
2071,3,1921-10-06,0,0,A,1971-02-02,0,DC,21,10107,,0
2072,1,,0,0,A,1973-12-21,0,Unknown,50,11307,,0
2073,3,1925-12-11,0,0,A,1975-02-27,0,DC,21,12607,,0
2074,3,1947-03-06,0,0,A,1975-09-17,0,Unknown,10,11307,,0
2075,3,1954-11-25,0,0,M,1976-01-02,2,Unknown,10,10107,,0
2076,4,1941-07-19,0,0,C,1976-02-09,2,Unknown,10,10107,,0
2077,2,1929-11-15,0,0,M,1976-04-15,2,Unknown,10,10107,,0
2078,2,1948-08-04,0,0,A,1976-08-26,0,Unknown,10,10107,,0
2079,3,1957-10-19,2011,3,D,1976-12-14,2,Unknown,10,10107,,0
2080,3,1945-11-25,2314,0,D,1976-12-17,2,Unknown,10,10107,,0
2081,2,1954-01-05,0,3,D,1977-01-13,0,Unknown,10,10107,,0
2082,3,1942-05-15,0,0,M,1977-02-07,2,Unknown,10,10107,,0
2083,2,1945-11-01,2249,0,M,1977-10-07,2,Unknown,10,10107,,0
2084,2,1942-01-22,0,0,A,1977-12-05,0,DC,21,0,,0
2085,2,1931-03-29,0,0,M,1977-12-15,2,Unknown,10,10107,,0
2086,2,1948-09-03,0,0,A,1978-01-16,2,DC,10,0,1991-11-27,1
2087,2,1945-08-30,0,0,M,1978-03-31,2,Unknown,10,10107,,0
2088,3,1953-08-25,2250,1,M,1978-05-02,2,Unknown,10,10107,,0
2089,3,1948-06-21,0,0,A,1978-12-11,0,Unknown,10,10107,,0
2090,2,1949-05-03,0,0,M,1979-05-08,2,Unknown,10,11607,,0
2091,3,1953-03-12,2490,0,M,1979-05-15,2,Unknown,10,10107,,0
2092,3,1947-01-17,2649,1,M,1979-05-15,2,Unknown,10,10107,,0
2093,3,1950-03-04,0,0,M,1979-09-20,2,Unknown,10,10107,,0
2094,3,1947-05-03,3128,1,C,1979-09-26,2,Unknown,10,11307,,0
2095,2,1947-12-20,0,3,M,1979-10-09,2,Unknown,10,10107,,0
2096,2,1943-10-17,1876,0,M,1980-02-01,2,Unknown,10,10207,,0
2097,2,1943-11-29,0,0,A,1980-04-01,0,Unknown,10,0,,0
2098,2,1943-07-31,2156,0,M,1980-04-10,2,Unknown,10,10107,,0
2099,3,1942-09-22,0,0,M,1980-04-21,2,Unknown,10,10107,,0
2100,2,1938-02-01,0,0,A,1980-04-24,0,Unknown,10,0,,0
2101,4,1937-07-04,0,0,C,1980-04-25,0,DC,21,10107,,0
2102,3,1944-10-28,0,0,M,1980-05-06,2,Unknown,10,10107,,0
2103,4,1952-11-14,0,0,C,1980-06-05,0,Unknown,10,11307,,0
2104,3,1958-09-23,0,2,M,1980-06-06,2,Unknown,10,10107,,0
2105,3,1918-10-28,0,0,M,1980-07-17,2,Unknown,10,10107,,0
2106,3,1952-04-15,0,1,D,1980-10-20,2,Unknown,10,11307,,0
2107,2,1961-08-04,0,0,C,1980-10-20,2,Unknown,10,10107,,0
2108,3,1949-02-07,0,0,A,1980-10-30,0,Unknown,10,0,,0
2109,3,1944-07-06,0,0,A,1980-12-30,0,Unknown,10,10107,,0
2110,3,1958-07-09,0,0,M,1981-01-20,2,Unknown,10,10107,,0
2111,2,1941-11-26,2043,0,D,1981-04-30,2,Unknown,10,10107,,0
2112,3,1950-08-28,0,1,M,1981-06-17,2,Unknown,10,10107,,0
2113,4,1955-03-25,0,0,C,1981-11-03,2,Unknown,10,10107,,0
2114,2,1957-12-08,0,0,D,1981-12-02,2,Unknown,10,10107,,0
2115,3,1953-06-30,1350,1,M,1981-12-11,2,Unknown,10,10107,,0
2116,4,1962-05-17,2001,2,U,1982-02-10,2,Unknown,10,10107,,0
2117,3,1948-04-06,0,0,M,1982-02-11,2,Unknown,10,10107,,0
2118,2,1950-08-18,2160,0,M,1982-03-26,2,Unknown,10,10107,,0
2119,4,1956-02-22,0,0,C,1982-05-13,0,Unknown,10,11307,,0
2120,3,1957-05-17,0,0,A,1982-06-23,0,Unknown,10,10107,,0
2121,4,1950-11-21,0,0,C,1982-08-09,2,Unknown,10,10107,,0
2122,2,1958-08-14,0,2,M,1982-10-06,0,Unknown,10,10107,,0
2123,4,1962-06-16,2200,3,U,1982-09-27,2,Unknown,10,10107,,0
2124,2,1945-06-21,0,0,C,1982-11-17,2,Unknown,10,10107,,0
2125,2,1922-10-17,2209,0,M,1982-11-26,0,Unknown,10,11307,,0
2126,3,1959-07-25,1672,1,M,1982-11-26,2,Unknown,10,10107,,0
2127,2,1949-11-24,0,0,M,1982-12-08,2,Unknown,10,10107,,0
2128,2,1933-10-16,0,0,A,1982-12-15,0,Unknown,10,11307,,0
2129,3,1963-06-11,0,0,M,1983-01-28,2,Unknown,10,10107,,0
2130,3,1956-03-04,0,0,D,1983-02-10,2,Unknown,10,10207,,0
2131,3,1958-03-10,0,0,A,1983-04-12,0,Unknown,10,11307,,0
2132,4,1950-09-12,0,0,C,1983-06-10,0,Unknown,10,11307,,0
2133,3,1944-01-25,960,1,U,1983-09-15,2,Unknown,10,10107,,0
2134,2,1932-03-12,0,0,M,1983-12-06,2,Unknown,10,10107,,0
2135,4,1965-07-01,0,0,C,1983-12-09,2,Unknown,10,10107,,0
2136,2,1960-01-31,0,0,A,1984-01-17,0,Unknown,10,10107,,0
2137,3,1942-01-04,0,0,A,1984-01-23,0,DC,10,0,,0
2138,2,1911-06-13,0,0,A,1971-12-31,0,Unknown,10,11307,,0
2139,2,1926-05-11,0,0,M,1957-11-20,2,Unknown,10,17907,,0
2140,2,1929-02-08,0,0,A,1963-03-20,0,Unknown,10,11307,,0
2141,2,1927-10-06,0,0,A,1971-12-31,0,Unknown,10,11307,,0
2142,2,1921-04-08,0,0,A,1971-12-31,0,Unknown,10,11307,,0
2143,2,1931-02-20,0,0,A,1964-11-05,0,Unknown,10,11307,,0
2144,2,1919-12-08,0,0,A,1964-12-15,0,DC,21,11307,,0
2145,4,1913-01-25,0,0,C,1965-01-12,0,Unknown,10,11307,,0
2146,2,1935-02-09,0,0,A,1965-01-30,0,Unknown,10,11307,,0
2147,2,1939-04-29,0,0,A,1965-04-22,0,DV,21,11307,2005-01-07,1
2148,2,1933-03-13,0,0,M,1965-09-29,2,Unknown,10,18707,,0
2149,2,1940-01-17,3302,0,G,1965-11-18,2,Unknown,10,18707,,0
2150,2,1929-04-20,0,0,M,1990-07-10,2,Unknown,10,13507,,0
2151,3,1938-02-01,0,0,A,1967-03-09,0,Unknown,10,11307,,0
2152,2,1947-12-04,3000,1,M,1975-02-11,2,Unknown,10,18707,,0
2153,2,1936-06-15,0,0,A,1975-05-13,0,Unknown,10,11307,,0
2154,2,1940-11-27,0,0,A,1975-10-30,0,Unknown,10,18707,,0
2155,3,1941-07-28,0,0,A,1976-02-18,0,Unknown,10,18707,,0
2156,3,1943-02-13,0,0,A,1977-04-21,0,Unknown,10,11307,,0
2157,3,1935-04-07,1957,0,M,1977-07-22,2,Unknown,10,18707,,0
2158,3,1951-05-17,1132,2,M,1977-10-07,0,Unknown,10,11307,,0
2159,3,1932-07-27,0,0,M,1977-10-21,2,Unknown,10,18707,,0
2160,2,1914-07-16,0,0,A,1977-12-28,0,DV,21,11307,2001-08-09,1
2161,2,1927-08-30,0,0,A,1978-01-03,0,Unknown,10,18707,,0
2162,3,1934-03-26,0,0,A,1978-01-17,0,Unknown,10,11307,,0
2163,2,1942-03-11,0,0,A,1978-04-13,0,Unknown,10,11307,,0
2164,2,1948-12-17,2176,2,M,1978-05-08,2,Unknown,10,11607,,0
2165,3,1954-06-25,0,0,A,1978-06-01,0,Unknown,10,11307,,0
2166,3,1933-01-07,0,0,A,1978-07-12,2,Unknown,10,11307,,0
2167,3,1955-01-06,2029,1,M,1978-08-31,2,Unknown,10,10207,,0
2168,3,1948-04-11,3055,0,D,1978-09-13,2,Unknown,10,18707,,0
2169,2,1955-02-13,0,0,M,1978-10-05,2,Unknown,10,18707,,0
2170,2,1944-03-09,2873,2,M,1978-11-27,2,Unknown,10,18707,,0
2171,2,1921-09-28,0,0,A,1978-12-27,0,DC,10,18707,,0
2172,3,1945-03-09,0,0,D,1979-07-03,2,Unknown,10,18707,,0
2173,2,1931-10-21,0,0,M,1979-07-10,2,Unknown,10,18707,,0
2174,2,1955-09-26,2454,2,M,1979-11-26,2,Unknown,10,18707,,0
2175,2,1961-08-18,2347,3,C,1980-01-04,2,Unknown,10,18707,,0
2176,3,1950-12-03,0,2,D,1980-01-14,2,Unknown,10,10907,,0
2177,2,1955-10-05,4725,2,M,1980-05-21,2,Unknown,10,18707,,0
2178,3,1950-02-25,0,0,M,1980-07-21,2,Unknown,10,18707,,0
2179,2,1944-02-28,0,0,M,1980-10-03,2,Unknown,10,18707,,0
2180,2,1955-07-21,0,0,A,1980-10-03,0,Unknown,10,11307,,0
2181,3,1953-01-06,0,0,M,1980-10-28,2,Unknown,10,18507,,0
2182,2,1955-05-04,3506,3,G,1980-12-01,2,Unknown,10,18707,,0
2183,3,1947-05-07,2469,0,M,1980-12-12,2,Unknown,10,18707,,0
2184,2,1951-05-26,1920,0,M,1980-12-24,2,Unknown,10,18707,,0
2185,3,1947-12-14,0,0,A,1980-12-24,0,Unknown,10,11307,,0
2186,3,1948-02-28,0,2,M,1981-02-18,2,Unknown,10,18707,,0
2187,3,1929-05-02,0,0,D,1981-04-01,0,DV,21,18707,2004-01-28,1
2188,3,1958-11-04,0,0,A,1981-05-18,0,Unknown,10,11307,,0
2189,3,1948-01-28,2493,3,U,1981-07-23,2,Unknown,10,10107,,0
2190,3,1954-03-20,1981,0,M,1981-07-27,2,Unknown,10,16607,,0
2191,2,1941-02-24,0,0,M,1981-11-27,2,Unknown,10,18707,,0
2192,3,1942-01-26,0,0,A,1982-01-15,0,DV,10,0,1991-07-10,1
2193,4,1961-04-24,1361,1,C,1982-05-11,2,Unknown,10,18707,,0
2194,2,1929-03-27,2540,0,M,1982-05-25,2,Unknown,10,18707,,0
2195,2,1954-02-02,0,3,U,1982-06-07,2,Unknown,10,18707,,0
2196,3,1938-02-08,0,0,D,1982-08-03,2,Unknown,10,10207,,0
2197,3,1959-04-22,2140,3,M,1982-09-14,2,Unknown,10,10207,,0
2198,2,1953-03-28,3200,2,E,1982-10-26,2,Unknown,10,18707,,0
2199,3,1931-03-18,0,0,M,1982-12-08,2,Unknown,10,10107,,0
2200,4,1955-09-25,0,1,C,1983-01-11,2,Unknown,10,10107,,0
2201,3,1939-06-15,0,0,D,1983-01-25,2,Unknown,10,17807,,0
2202,3,1947-05-05,0,0,M,1983-03-03,2,Unknown,10,18707,,0
2203,3,1929-02-07,0,0,D,1983-04-25,2,Unknown,10,18707,,0
2204,2,1959-10-27,0,0,M,1983-06-14,2,Unknown,10,18707,,0
2205,2,1957-06-12,2297,1,B,1983-09-13,2,Unknown,10,18707,,0
2206,2,1955-05-14,0,0,M,1983-09-29,2,Unknown,10,11307,,0
2207,4,1963-02-17,0,0,C,1983-10-14,0,Unknown,10,11307,,0
2208,3,1960-10-14,0,0,M,1983-10-17,2,Unknown,10,10107,,0
2209,2,1961-03-26,1800,3,M,1984-01-13,2,Unknown,10,18707,,0
2210,3,1946-12-03,2626,1,M,1973-01-11,2,Unknown,10,15807,,0
2211,2,1948-09-26,2000,2,M,1976-02-04,2,Unknown,10,15807,,0
2212,3,1942-04-04,0,0,M,1978-03-03,2,DC,10,15807,,0
2213,2,1948-05-27,0,0,A,1978-06-21,0,Unknown,10,11307,,0
2214,3,1936-03-24,0,0,M,1978-06-21,2,DV,21,15807,2007-03-29,1
2215,2,1930-04-08,0,0,A,1978-06-21,0,Unknown,10,11307,,0
2216,4,1959-06-07,2492,3,C,1979-02-14,2,Unknown,10,17907,,0
2217,3,1949-04-28,0,0,M,1979-04-27,2,Unknown,10,15807,,0
2218,2,1929-08-14,0,0,M,1980-01-16,0,DV,21,15807,2005-10-19,1
2219,2,1944-11-02,0,0,M,1980-02-25,2,Unknown,10,15807,,0
2220,2,1951-07-03,0,0,A,1980-03-07,2,DV,10,0,1993-02-10,1
2221,2,1944-03-21,0,0,A,1980-06-19,0,DV,21,15807,2004-08-30,1
2222,4,1941-04-22,0,0,C,1980-07-28,2,Unknown,10,15807,,0
2223,2,1935-12-28,0,0,M,1980-08-22,2,Unknown,10,15807,,0
2224,3,1948-06-11,0,0,M,1980-12-10,2,Unknown,10,15807,,0
2225,2,1952-07-29,1936,2,M,1980-12-16,2,Unknown,10,15807,,0
2226,2,1955-07-22,0,2,M,1981-05-04,2,Unknown,10,15807,,0
2227,2,1946-10-06,3300,0,M,1981-07-03,0,Unknown,10,15807,,0
2228,2,1949-04-30,5782,4,M,1981-07-21,2,Unknown,10,15807,,0
2229,3,1954-03-08,0,0,A,1981-11-06,0,Unknown,10,15807,,0
2230,2,1954-07-19,2250,1,E,1981-11-06,2,Unknown,10,15807,,0
2231,2,1946-03-10,1711,0,M,1982-03-15,2,Unknown,10,15807,,0
2232,3,1948-02-08,1100,0,M,1982-07-05,2,Unknown,10,15807,,0
2233,3,1962-05-04,0,0,M,1982-10-26,2,Unknown,10,15807,,0
2234,3,1953-06-06,0,0,A,1983-06-29,0,Unknown,10,15807,,0
2235,2,1953-07-26,0,0,M,1983-07-07,2,Unknown,10,15807,,0
2236,2,1958-04-21,0,0,A,1984-01-05,0,DV,21,15807,1999-01-26,1
2237,2,1934-06-30,0,0,M,1970-01-09,2,Unknown,10,13507,,0
2238,3,1938-07-30,0,0,M,1971-08-18,2,Unknown,10,13507,,0
2239,3,1939-01-10,0,0,A,1975-11-26,0,DC,21,13507,,0
2240,2,1952-06-12,0,0,A,1975-12-22,0,RA,10,13507,1995-01-25,1
2241,2,1953-10-06,2500,0,M,1976-03-08,2,Unknown,10,13507,,0
2242,2,1948-04-18,0,0,A,1976-03-08,0,Unknown,10,11307,,0
2243,3,1936-02-22,0,0,M,1976-04-08,2,Unknown,10,13507,,0
2244,2,1951-02-14,7049,0,E,1976-05-25,2,Unknown,10,13507,,0
2245,3,1943-01-13,3533,0,M,1976-09-24,2,Unknown,10,10107,,0
2246,3,1951-05-15,0,0,M,1976-09-24,2,Unknown,10,13507,,0
2247,3,1948-07-29,10117,0,D,1976-11-24,2,Unknown,10,13507,,0
2248,4,1954-09-01,3307,3,U,1976-12-30,2,Unknown,10,13507,,0
2249,2,1935-06-25,0,0,A,1977-04-22,0,DV,21,13507,2004-06-01,1
2250,2,1953-06-12,2500,0,M,1977-05-06,2,Unknown,10,13507,,0
2251,2,1950-06-04,0,0,A,1977-07-05,0,Unknown,10,11307,,0
2252,2,1951-11-07,3307,0,M,1978-01-26,2,Unknown,10,15607,,0
2253,2,1942-11-17,0,0,M,1978-02-03,2,Unknown,10,13507,,0
2254,2,1936-01-12,0,0,M,1978-11-16,2,Unknown,10,13507,,0
2255,3,1951-03-04,2695,1,G,1978-12-08,2,Unknown,10,10107,,0
2256,3,1955-03-14,1981,2,M,1979-04-20,2,Unknown,10,13507,,0
2257,3,1935-06-20,0,0,M,1979-06-20,2,Unknown,10,13507,,0
2258,2,1932-12-17,0,0,A,1979-07-12,0,Unknown,10,11307,,0
2259,2,1946-01-23,0,0,M,1979-08-28,2,Unknown,10,13507,,0
2260,3,1955-02-10,3151,2,M,1979-08-31,2,Unknown,10,13507,,0
2261,3,1936-06-30,0,0,V,1979-11-19,2,Unknown,10,13507,,0
2262,2,1957-01-08,0,2,M,1980-01-07,2,Unknown,10,13507,,0
2263,2,1943-08-29,0,0,A,1980-05-06,0,Unknown,10,11307,,0
2264,4,1951-10-13,1504,0,C,1980-07-03,2,Unknown,10,13507,,0
2265,2,1936-05-26,0,0,D,1980-09-01,2,Unknown,10,13507,,0
2266,3,1958-11-25,0,2,V,1980-10-30,2,Unknown,10,13507,,0
2267,2,1953-03-22,0,0,C,1980-11-14,2,Unknown,10,13507,,0
2268,3,1944-11-02,0,0,D,1980-12-02,2,Unknown,10,13507,,0
2269,3,1951-04-26,1850,0,D,1981-05-11,0,Unknown,10,10307,,0
2270,3,1939-11-10,0,0,D,1981-06-19,2,Unknown,10,13507,,0
2271,2,1943-05-19,0,0,A,1981-08-05,0,Unknown,10,11307,,0
2272,2,1932-03-02,0,0,A,1981-09-10,0,Unknown,10,13507,,0
2273,1,,0,0,A,1981-12-09,0,Unknown,50,0,,0
2274,4,1951-09-02,2034,0,C,1982-04-01,2,Unknown,10,13507,,0
2275,2,1936-09-05,0,0,A,1982-04-01,0,DC,21,13807,,0
2276,2,1956-07-24,4625,2,M,1982-04-01,2,Unknown,10,10307,,0
2277,2,1942-07-15,0,0,M,1982-07-15,2,Unknown,10,13507,,0
2278,3,1946-06-19,3557,0,D,1982-07-15,2,Unknown,10,13507,,0
2279,4,1955-05-14,1972,0,C,1982-09-17,2,Unknown,10,13507,,0
2280,2,1951-07-29,0,0,A,1982-11-04,0,DC,10,13507,,0
2281,2,1944-04-27,0,0,M,1982-11-04,2,Unknown,10,13507,,0
2282,1,,0,0,A,1982-12-29,4,Unknown,50,13507,,0
2283,3,1943-12-27,0,0,M,1983-02-07,2,Unknown,10,13507,,0
2284,2,1938-01-11,2896,0,M,1983-03-24,2,Unknown,10,13507,,0
2285,2,1958-09-26,0,2,M,1983-05-31,2,Unknown,10,13507,,0
2286,3,1964-06-14,1900,2,D,1983-10-28,2,Unknown,10,13507,,0
2287,2,1940-11-30,0,0,M,1970-06-16,2,Unknown,10,10507,,0
2288,3,1936-01-16,0,0,M,1976-04-16,2,Unknown,10,10507,,0
2289,2,1931-10-24,0,0,A,1977-01-17,0,Unknown,10,11307,,0
2290,2,1914-10-19,0,0,A,1977-04-13,0,Unknown,10,11307,,0
2291,2,1924-03-23,0,0,A,1978-01-12,0,Unknown,10,10507,,0
2292,3,1950-11-30,1753,2,M,1979-11-15,2,Unknown,10,10507,,0
2293,3,1946-11-28,0,0,A,1980-01-03,0,Unknown,10,10507,,0
2294,3,1951-06-14,0,0,M,1980-03-11,2,Unknown,10,10507,,0
2295,3,1940-05-05,0,0,A,1980-10-21,0,Unknown,10,10507,,0
2296,3,1930-07-19,1907,0,M,1980-11-04,2,Unknown,10,10507,,0
2297,2,1931-06-02,0,0,M,1980-11-18,0,DC,10,10507,,0
2298,2,1951-04-04,0,0,M,1980-12-16,2,Unknown,10,10507,,0
2299,2,1955-02-06,2000,2,M,1981-02-16,2,Unknown,10,10507,,0
2300,3,1928-01-20,0,0,M,1981-03-24,2,Unknown,10,10507,,0
2301,3,1920-11-22,0,0,A,1981-04-28,2,DC,10,0,1992-07-22,1
2302,2,1961-05-15,0,0,C,1981-06-29,2,Unknown,10,10507,,0
2303,3,1940-05-18,0,0,M,1981-11-26,2,Unknown,10,10507,,0
2304,2,1924-12-23,0,0,A,1982-03-02,0,Unknown,10,10507,,0
2305,2,1948-01-04,0,0,A,1982-04-15,0,DC,10,10507,,0
2306,2,1960-10-28,0,0,A,1982-11-12,0,Unknown,10,11607,,0
2307,2,1955-08-14,0,0,A,1983-08-30,0,Unknown,21,10507,,0
2308,3,1941-07-25,0,0,M,1983-10-12,2,Unknown,10,10507,,0
2309,3,1943-07-12,0,0,M,1983-10-12,2,Unknown,10,10507,,0
2310,2,1932-11-07,0,0,A,1972-02-14,0,Unknown,10,11307,,0
2311,3,1935-08-28,3900,0,V,1973-10-23,2,Unknown,10,17807,,0
2312,2,1935-10-14,1668,0,M,1974-02-04,0,Unknown,10,11307,,0
2313,2,1947-04-18,0,0,A,1975-01-07,2,Unknown,10,17807,,0
2314,3,1942-03-23,1842,0,M,1976-01-12,2,Unknown,10,17807,,0
2315,3,1937-08-05,1631,2,M,1976-01-22,2,Unknown,10,17807,,0
2316,2,1954-02-08,0,3,M,1977-11-10,2,Unknown,10,17807,,0
2317,3,1934-03-21,1170,0,M,1980-06-06,2,Unknown,10,17807,,0
2318,3,1957-02-25,0,1,M,1981-04-02,2,Unknown,10,17807,,0
2319,2,1912-10-15,0,0,A,1981-04-02,0,Unknown,10,17807,,0
2320,2,1936-08-28,1293,0,M,1981-08-24,2,Unknown,10,17807,,0
2321,2,1938-07-30,0,0,M,1981-11-05,2,Unknown,10,17807,,0
2322,2,1941-11-30,843,0,M,1981-11-05,2,Unknown,10,17807,,0
2323,2,1954-11-03,2383,2,M,1982-12-17,2,Unknown,10,17807,,0
2324,4,1928-06-22,0,0,C,1983-04-11,2,Unknown,10,17807,,0
2325,2,1935-06-30,0,0,A,1983-04-11,0,DV,21,17807,2000-10-03,1
2326,3,1950-12-14,0,0,M,1983-04-13,2,Unknown,10,17807,,0
2327,2,1948-01-01,0,0,A,1983-07-05,0,Unknown,10,17807,,0
2328,3,1940-06-21,0,0,D,1983-07-18,2,Unknown,10,17807,,0
2329,3,1955-03-24,2400,0,D,1983-10-14,2,Unknown,10,17807,,0
2330,3,1915-09-30,0,0,A,1971-12-31,0,Unknown,10,11307,,0
2331,3,1932-01-21,2134,0,U,1970-06-22,0,Unknown,10,15607,,0
2332,3,1916-08-21,0,0,A,1972-02-28,0,DC,10,11307,,0
2333,2,1951-07-23,0,0,A,1972-03-14,0,Unknown,10,11307,,0
2334,4,1922-05-31,0,0,C,1972-05-10,0,Unknown,21,11307,,0
2335,4,1938-06-01,2134,0,C,1975-02-20,0,DV,21,11307,2001-11-28,1
2336,4,1935-05-22,0,0,C,1975-04-16,0,DC,10,15607,,0
2337,2,1933-03-28,0,0,M,1975-06-17,2,Unknown,10,15607,,0
2338,3,1946-03-06,0,0,M,1976-08-04,2,Unknown,10,15607,,0
2339,2,1937-09-23,2863,3,E,1977-06-01,2,Unknown,10,15607,,0
2340,3,1935-12-24,1942,0,M,1977-11-23,0,Unknown,10,11307,,0
2341,3,1930-08-05,0,0,V,1979-10-29,2,Unknown,10,11307,,0
2342,2,1923-02-11,0,0,A,1980-06-11,0,Unknown,10,11307,,0
2343,2,1941-03-15,0,0,A,1980-09-15,0,Unknown,10,0,,0
2344,3,1940-02-15,1635,0,M,1981-12-17,2,Unknown,10,15607,,0
2345,2,1959-05-28,2017,3,B,1982-09-27,0,Unknown,10,11307,,0
2346,4,1909-03-11,0,0,C,1963-04-17,0,DV,10,0,1995-10-17,1
2347,2,1931-08-19,0,0,A,1967-05-16,0,Unknown,10,11307,,0
2348,3,1934-04-20,0,0,A,1967-06-15,0,Unknown,10,11307,,0
2349,3,1928-11-08,1429,0,D,1967-06-27,2,Unknown,10,14607,,0
2350,3,1941-01-14,1794,0,M,1971-06-29,2,Unknown,10,14607,,0
2351,4,1921-07-13,0,0,C,1972-12-18,0,Unknown,10,11307,,0
2352,2,1938-06-15,0,0,A,1973-03-09,0,Unknown,10,11307,,0
2353,3,1900-11-05,0,0,A,1973-10-19,0,DC,10,14607,,0
2354,3,1922-07-24,0,0,A,1973-10-19,0,Unknown,10,11307,,0
2355,2,1941-07-01,1737,0,U,1975-08-06,2,Unknown,10,10307,,0
2356,2,1950-02-07,3964,2,M,1975-09-29,2,Unknown,10,14607,,0
2357,2,1948-06-10,0,0,M,1976-03-25,2,Unknown,10,14607,,0
2358,2,1943-02-03,0,0,A,1976-05-03,0,Unknown,10,11307,,0
2359,2,1941-05-04,0,0,M,1976-08-31,2,Unknown,10,14607,,0
2360,3,1949-11-06,0,0,A,1978-03-06,0,Unknown,10,14607,,0
2361,2,1940-09-15,0,0,A,1978-04-21,0,Unknown,10,11307,,0
2362,2,1949-03-19,1751,1,C,1978-09-15,2,Unknown,10,14607,,0
2363,2,1932-12-23,3584,0,V,1978-11-15,2,Unknown,10,14607,,0
2364,2,1952-09-19,0,0,M,1979-10-23,2,Unknown,10,14607,,0
2365,3,1961-11-15,0,0,D,1979-11-27,2,Unknown,10,14607,,0
2366,2,1924-05-05,0,0,A,1980-02-12,0,Unknown,10,0,,0
2367,4,1959-10-05,0,0,C,1980-05-20,0,Unknown,10,11307,,0
2368,2,1955-04-03,0,0,A,1981-03-13,0,Unknown,10,14607,,0
2369,3,1942-04-05,0,0,M,1981-09-10,2,Unknown,10,14607,,0
2370,2,1960-01-20,0,0,A,1981-11-16,0,Unknown,10,11307,,0
2371,2,1953-06-22,0,2,M,1981-12-28,2,Unknown,10,14607,,0
2372,3,1947-06-05,0,0,A,1983-01-11,0,Unknown,10,11307,,0
2373,3,1928-09-11,0,0,D,1983-03-15,2,Unknown,10,14607,,0
2374,4,1946-05-21,0,0,C,1983-09-19,0,Unknown,10,12607,,0
2375,2,1948-07-23,0,0,A,1983-11-29,0,Unknown,10,11307,,0
2376,2,1942-02-10,0,0,M,1975-12-12,2,Unknown,10,10607,,0
2377,2,1941-04-05,1898,0,E,1976-12-17,6,Unknown,10,10607,,0
2378,3,1946-07-10,0,0,M,1979-06-26,6,Unknown,10,10607,,0
2379,2,1938-07-11,2622,3,A,1979-07-02,0,DC,10,11307,,0
2380,3,1951-03-16,1620,0,B,1979-11-14,2,Unknown,10,10607,,0
2381,2,1914-10-15,0,0,A,1980-01-02,0,DC,21,10607,,0
2382,2,1950-10-04,0,0,M,1981-03-06,2,Unknown,10,10607,,0
2383,2,1948-11-06,2770,0,D,1981-03-26,2,Unknown,10,16707,,0
2384,3,1913-05-17,0,0,A,1981-06-22,0,Unknown,10,11307,,0
2385,3,1949-09-12,2038,2,M,1981-12-10,2,Unknown,10,10607,,0
2386,3,1947-01-19,1744,0,V,1981-12-22,0,Unknown,10,11307,,0
2387,2,1931-10-02,0,0,A,1982-01-04,0,DV,21,10607,2004-06-09,1
2388,3,1949-08-06,0,3,B,1982-05-12,2,Unknown,10,10607,,0
2389,3,1953-07-09,0,1,M,1983-09-21,2,Unknown,10,10607,,0
2390,2,1941-09-01,0,0,M,1983-11-16,2,Unknown,10,10607,,0
2391,2,1935-02-10,0,0,M,1965-01-09,2,Unknown,10,17907,,0
2392,2,1924-06-14,0,0,A,1971-12-31,0,Unknown,10,11307,,0
2393,3,1907-12-28,0,0,A,1968-10-01,0,Unknown,10,11307,,0
2394,3,1941-02-23,2200,0,M,1971-12-15,6,Unknown,10,17907,,0
2395,2,1934-02-27,0,0,M,1977-03-21,2,Unknown,10,17907,,0
2396,3,1949-01-02,2134,2,M,1977-09-30,2,Unknown,10,15807,,0
2397,3,1947-10-08,0,0,M,1977-11-28,2,Unknown,10,17907,,0
2398,2,1947-05-21,0,0,A,1977-12-12,0,Unknown,10,11307,,0
2399,2,1955-12-15,0,0,A,1978-12-07,0,Unknown,10,0,,0
2400,3,1951-03-14,1300,0,M,1979-10-29,2,Unknown,10,17907,,0
2401,2,1947-03-13,3350,0,D,1980-06-04,2,Unknown,10,17907,,0
2402,3,1947-08-20,0,0,A,1980-06-12,0,Unknown,10,17907,,0
2403,2,1949-04-06,3310,1,M,1980-07-21,2,Unknown,10,11907,,0
2404,2,1931-01-24,0,0,M,1980-12-02,2,Unknown,10,17907,,0
2405,2,1950-09-18,0,0,A,1981-02-06,0,Unknown,10,11307,,0
2406,2,1955-08-29,0,0,A,1981-10-02,0,Unknown,10,17907,,0
2407,3,1949-04-15,0,0,D,1982-02-16,2,Unknown,10,17907,,0
2408,3,1952-03-01,1666,2,M,1982-02-16,2,Unknown,10,17907,,0
2409,2,1942-09-02,0,0,M,1982-02-16,2,Unknown,10,17907,,0
2410,2,1950-09-04,0,0,S,1982-06-16,2,Unknown,10,17907,,0
2411,2,1959-04-06,0,0,A,1983-04-11,0,Unknown,10,17907,,0
2412,3,1950-05-23,1400,2,M,1983-09-20,2,Unknown,10,17907,,0
2413,3,1935-10-20,0,0,A,1983-11-23,0,DV,21,17907,2002-06-07,1
2414,3,1958-03-14,0,0,A,1983-11-15,0,Unknown,10,17907,,0
2415,3,1949-08-11,4900,1,G,1975-12-15,2,Unknown,10,12607,,0
2416,2,1948-01-23,0,1,M,1976-02-02,2,Unknown,10,13607,,0
2417,3,1937-09-29,0,0,A,1976-03-31,0,DV,21,13607,2001-02-27,1
2418,2,1912-06-06,0,0,A,1976-04-14,0,DC,10,11307,,0
2419,2,1942-05-31,0,0,M,1976-09-22,2,Unknown,10,13607,,0
2420,3,1948-02-25,1495,0,M,1977-06-23,2,Unknown,10,13607,,0
2421,2,1953-12-28,0,0,M,1977-06-28,2,Unknown,10,16707,,0
2422,2,1926-02-24,0,0,A,1977-12-12,0,Unknown,10,13607,,0
2423,3,1949-12-30,0,0,A,1978-03-02,0,Unknown,10,11307,,0
2424,3,1950-09-18,0,0,A,1978-03-08,0,Unknown,10,13607,,0
2425,3,1948-05-06,3075,0,C,1978-03-23,2,Unknown,10,11307,,0
2426,3,1946-08-12,0,0,V,1979-04-11,2,Unknown,10,13607,,0
2427,2,1947-06-01,0,0,M,1979-04-11,2,Unknown,10,13607,,0
2428,3,1940-07-02,0,0,V,1979-07-31,0,Unknown,10,13607,,0
2429,2,1951-02-04,0,0,C,1979-10-09,2,Unknown,10,13607,,0
2430,2,1928-12-20,0,0,M,1980-10-16,2,Unknown,10,13607,,0
2431,3,1932-05-01,0,0,M,1980-11-27,2,Unknown,10,13607,,0
2432,4,1962-01-08,0,0,C,1981-11-16,2,Unknown,10,13607,,0
2433,2,1961-06-04,1847,2,M,1982-10-18,2,Unknown,10,13607,,0
2434,3,1956-11-23,0,0,A,1983-09-05,0,RA,10,13607,1995-01-11,1
2435,2,1955-06-14,0,2,M,1983-10-12,2,Unknown,10,13607,,0
2436,2,1944-11-16,0,0,M,1983-12-13,2,Unknown,10,13607,,0
2437,2,1933-10-09,0,0,A,1966-04-14,0,Unknown,10,11307,,0
2438,2,1946-06-10,0,0,A,1974-02-15,0,Unknown,10,11307,,0
2439,2,1936-03-19,3050,0,M,1981-07-21,2,Unknown,10,14707,,0
2440,3,1949-08-29,0,0,A,1981-10-30,0,Unknown,21,14707,,0
2441,2,1939-06-02,0,1,M,1982-09-23,2,Unknown,10,14707,,0
2442,3,1917-05-10,0,0,A,1962-10-02,0,Unknown,10,11307,,0
2443,2,1942-04-09,2362,0,M,1970-10-06,2,Unknown,10,12607,,0
2444,2,1946-07-05,1661,0,M,1974-03-21,6,Unknown,10,12607,,0
2445,3,1934-04-12,0,0,A,1975-06-06,0,DV,21,11307,2002-11-12,1
2446,2,1944-01-29,0,1,M,1975-10-17,2,Unknown,10,12607,,0
2447,2,1956-12-07,0,0,A,1976-09-09,0,Unknown,10,11307,,0
2448,3,1946-07-03,0,0,M,1976-12-03,2,Unknown,10,10107,,0
2449,3,1950-11-29,0,0,A,1977-04-13,0,Unknown,10,11307,,0
2450,2,1949-05-29,2300,1,C,1977-05-06,2,Unknown,10,12607,,0
2451,2,1939-09-15,2298,3,D,1977-05-06,2,Unknown,10,12607,,0
2452,2,1952-07-21,0,0,A,1977-06-10,0,Unknown,10,11307,,0
2453,2,1938-06-03,0,0,M,1977-09-05,2,Unknown,10,12607,,0
2454,3,1941-09-15,2548,0,E,1977-09-21,2,Unknown,10,12607,,0
2455,3,1926-07-05,0,0,V,1977-12-05,2,Unknown,10,12607,,0
2456,3,1940-10-15,2280,0,G,1978-06-30,2,Unknown,10,12607,,0
2457,2,1941-04-28,0,0,M,1978-10-02,2,Unknown,10,12607,,0
2458,3,1952-02-29,0,0,V,1978-12-08,2,Unknown,10,11307,,0
2459,2,1960-01-22,0,0,A,1978-12-26,0,DV,21,12607,2000-10-30,1
2460,3,1937-12-11,122,0,M,1979-01-04,0,Unknown,10,11307,,0
2461,2,1949-10-12,0,0,M,1979-02-07,2,Unknown,10,12607,,0
2462,2,1936-03-23,0,0,M,1979-02-26,2,Unknown,10,12607,,0
2463,3,1927-11-11,0,0,A,1979-04-19,0,Unknown,10,11307,,0
2464,3,1950-03-22,0,0,A,1979-07-06,0,RA,21,0,1997-04-23,1
2465,3,1944-03-16,2286,0,M,1979-08-07,2,Unknown,10,12607,,0
2466,2,1939-11-14,0,0,M,1979-11-02,2,Unknown,10,12607,,0
2467,2,1950-06-10,2400,1,G,1979-11-15,0,Unknown,10,12607,,0
2468,2,1923-11-10,0,0,M,1980-04-24,6,Unknown,10,12607,,0
2469,2,1954-09-30,0,0,A,1980-05-02,0,Unknown,10,12607,,0
2470,2,1956-03-10,3300,1,E,1980-05-30,0,Unknown,10,12607,,0
2471,3,1955-11-27,0,0,A,1980-05-30,0,Unknown,10,12607,,0
2472,3,1952-08-19,0,0,M,1980-07-10,2,Unknown,10,12607,,0
2473,2,1945-07-23,2420,2,D,1980-07-28,2,Unknown,10,12607,,0
2474,2,1948-01-20,0,0,M,1980-08-08,2,Unknown,10,12607,,0
2475,2,1941-07-20,0,0,A,1980-10-13,0,Unknown,10,12607,,0
2476,2,1933-01-11,0,0,M,1980-10-29,2,Unknown,10,12607,,0
2477,2,1935-08-26,0,0,M,1980-11-05,2,Unknown,10,12607,,0
2478,2,1958-05-01,2760,1,G,1981-01-05,2,Unknown,10,12607,,0
2479,2,1953-03-21,2600,3,M,1981-03-13,6,Unknown,10,12607,,0
2480,2,1956-09-18,0,0,A,1981-06-03,0,Unknown,10,11307,,0
2481,3,1954-04-06,2250,1,V,1981-10-15,0,Unknown,10,12607,,0
2482,3,1959-01-01,0,0,A,1981-11-27,0,Unknown,10,11307,,0
2483,2,1959-08-17,0,3,M,1982-12-08,2,Unknown,10,12607,,0
2484,4,1949-08-20,1175,1,U,1983-02-21,2,Unknown,10,12607,,0
2485,2,1949-12-04,3467,1,B,1977-09-23,2,Unknown,10,10807,,0
2486,2,1911-03-27,0,0,A,1978-09-19,0,DC,10,11307,,0
2487,2,1949-02-01,0,0,M,1980-01-07,2,Unknown,10,10807,,0
2488,2,1933-08-29,0,0,M,1980-01-16,2,Unknown,10,10807,,0
2489,3,1949-05-02,1523,0,M,1980-03-18,2,Unknown,10,10807,,0
2490,2,1941-11-21,0,0,M,1980-07-29,0,Unknown,10,10807,,0
2491,3,1941-08-24,1100,0,M,1980-09-25,2,Unknown,10,10807,,0
2492,3,1948-03-17,2112,2,M,1981-09-25,2,Unknown,10,10807,,0
2493,2,1945-12-08,4718,2,M,1982-02-16,2,Unknown,10,10807,,0
2494,3,1916-04-14,0,0,A,1982-03-09,0,DC,21,10807,,0
2495,3,1959-09-14,1350,2,M,1982-10-06,2,Unknown,10,10807,,0
2496,2,1947-06-11,0,0,A,1974-01-08,0,Unknown,10,11307,,0
2497,2,1947-08-30,3695,2,M,1974-04-12,0,Unknown,10,11307,,0
2498,3,1948-05-15,2157,0,E,1974-07-08,2,Unknown,10,18707,,0
2499,3,1930-02-04,0,0,A,1975-04-21,0,Unknown,21,11307,,0
2500,3,1934-12-16,0,0,V,1975-10-28,2,Unknown,10,18707,,0
2501,2,1938-01-01,0,0,A,1975-12-05,0,Unknown,10,11307,,0
2502,3,1952-06-09,2391,1,M,1976-03-02,2,Unknown,10,10207,,0
2503,2,1939-07-05,0,0,A,1976-03-18,0,Unknown,10,11307,,0
2504,3,1942-10-11,0,0,A,1976-09-03,0,Unknown,10,11307,,0
2505,3,1950-04-05,2200,2,M,1976-10-11,2,Unknown,10,10107,,0
2506,3,1952-12-01,0,0,A,1977-01-07,0,Unknown,10,10207,,0
2507,2,1918-12-06,0,0,M,1977-03-15,2,Unknown,10,10207,,0
2508,3,1946-04-17,1900,0,M,1977-06-10,2,Unknown,10,18707,,0
2509,3,1948-04-03,0,0,A,1977-10-03,0,Unknown,10,11307,,0
2510,2,1946-06-13,0,0,A,1978-01-04,0,Unknown,10,11307,,0
2511,3,1941-07-28,0,2,M,1978-01-05,0,Unknown,10,10207,,0
2512,3,1935-03-29,0,0,M,1978-01-26,2,Unknown,10,10207,,0
2513,3,1953-07-09,0,0,A,1978-01-31,0,Unknown,10,11307,,0
2514,3,1947-09-15,0,0,A,1978-02-13,0,Unknown,10,11307,,0
2515,2,1926-12-23,0,0,A,1978-02-13,0,Unknown,10,11307,,0
2516,3,1943-07-02,2339,0,E,1978-02-15,2,Unknown,10,10207,,0
2517,2,1931-03-02,0,0,M,1978-03-08,2,Unknown,10,10207,,0
2518,3,1952-10-25,0,0,M,1978-04-03,2,Unknown,10,13607,,0
2519,2,1935-09-10,0,0,A,1978-04-28,0,Unknown,10,11307,,0
2520,3,1943-08-30,0,0,M,1978-04-27,2,Unknown,10,10207,,0
2521,2,1942-03-14,0,0,M,1978-09-05,2,Unknown,10,18707,,0
2522,3,1948-03-13,2008,0,M,1978-09-28,2,Unknown,10,10107,,0
2523,3,1934-05-31,0,0,A,1978-10-25,0,Unknown,10,11307,,0
2524,2,1936-06-01,3280,2,B,1979-03-28,2,Unknown,10,10207,,0
2525,3,1948-03-01,0,0,M,1979-04-12,2,Unknown,10,10107,,0
2526,2,1943-07-11,0,0,A,1979-05-10,0,Unknown,10,11307,,0
2527,2,1931-12-27,0,0,V,1979-07-05,2,Unknown,10,10207,,0
2528,3,1942-09-30,0,0,M,1979-08-02,2,Unknown,10,18707,,0
2529,3,1951-07-21,2226,1,M,1979-08-22,2,Unknown,10,11307,,0
2530,2,1936-08-02,2101,0,M,1979-10-15,2,Unknown,10,18707,,0
2531,2,1947-06-20,2861,1,M,1979-10-18,2,Unknown,10,10207,,0
2532,3,1952-08-02,0,0,D,1979-11-30,2,Unknown,10,10207,,0
2533,2,1932-05-28,0,0,A,1980-01-10,2,DV,10,18707,1993-06-23,1
2534,2,1944-08-06,0,0,M,1980-02-19,2,Unknown,10,18707,,0
2535,3,1950-04-24,3484,1,M,1980-05-07,2,Unknown,10,10207,,0
2536,2,1941-12-30,0,0,A,1980-06-13,0,Unknown,10,11307,,0
2537,3,1953-08-05,0,0,D,1980-06-23,2,Unknown,10,10207,,0
2538,3,1956-05-04,0,0,M,1980-07-22,2,Unknown,10,10207,,0
2539,2,1955-02-06,0,1,U,1980-08-11,2,Unknown,10,10207,,0
2540,3,1939-09-28,0,2,M,1980-08-14,0,Unknown,10,11307,,0
2541,2,1937-07-03,0,0,A,1980-10-14,0,Unknown,10,0,,0
2542,3,1948-04-28,0,0,A,1980-10-31,0,DC,21,0,,0
2543,3,1954-07-23,1770,3,M,1980-11-07,2,Unknown,10,10207,,0
2544,3,1942-09-17,0,1,V,1980-11-14,2,Unknown,10,11307,,0
2545,4,1958-07-18,0,0,C,1980-11-14,0,Unknown,10,11307,,0
2546,2,1943-07-10,0,0,M,1981-01-19,2,Unknown,10,18707,,0
2547,3,1947-12-19,2159,0,M,1981-02-03,2,Unknown,10,10207,,0
2548,2,1948-09-02,0,0,M,1981-03-06,2,Unknown,10,10107,,0
2549,2,1939-01-03,2672,0,E,1981-03-26,0,Unknown,10,10207,,0
2550,3,1942-09-17,0,0,M,1981-04-08,2,Unknown,10,10207,,0
2551,3,1953-05-23,0,0,M,1981-04-24,2,Unknown,10,18707,,0
2552,3,1958-01-23,2234,1,B,1981-05-18,2,Unknown,10,10207,,0
2553,2,1937-11-09,2190,0,M,1981-05-29,2,Unknown,10,11607,,0
2554,3,1946-02-22,0,0,A,1981-06-05,0,Unknown,10,18707,,0
2555,3,1948-07-26,2450,0,M,1981-06-23,2,Unknown,10,10207,,0
2556,2,1920-03-26,0,0,M,1981-07-03,2,Unknown,10,10207,,0
2557,3,1941-02-23,0,0,M,1981-07-08,2,Unknown,10,10207,,0
2558,2,1959-02-13,0,0,M,1981-07-21,2,Unknown,10,10207,,0
2559,2,1947-03-07,2770,1,M,1981-09-16,2,Unknown,10,10207,,0
2560,2,1954-02-10,3107,1,G,1981-10-07,2,Unknown,10,18707,,0
2561,4,1956-01-26,0,0,C,1981-10-30,0,Unknown,10,11307,,0
2562,3,1949-03-29,0,0,M,1981-11-17,2,Unknown,10,18707,,0
2563,2,1940-05-25,0,0,C,1981-11-17,2,Unknown,10,10207,,0
2564,2,1954-05-12,0,0,A,1981-11-23,0,Unknown,10,11307,,0
2565,4,1924-09-01,0,0,C,1982-03-26,2,Unknown,10,10207,,0
2566,3,1949-02-03,0,0,M,1982-07-15,2,Unknown,10,10207,,0
2567,3,1944-05-04,4573,0,M,1982-07-26,2,Unknown,10,10207,,0
2568,2,1953-07-06,0,1,S,1982-09-22,2,Unknown,10,10207,,0
2569,3,1950-07-11,0,0,A,1982-11-12,0,Unknown,10,18707,,0
2570,3,1937-02-13,0,0,M,1982-12-22,2,Unknown,10,18707,,0
2571,3,1940-12-26,0,2,M,1982-12-22,2,Unknown,10,10207,,0
2572,3,1955-06-01,1655,0,B,1983-01-25,2,Unknown,10,10207,,0
2573,3,1947-05-24,0,0,A,1983-02-07,0,Unknown,10,10107,,0
2574,3,1954-08-30,0,2,M,1983-05-25,2,Unknown,10,10207,,0
2575,3,1948-02-10,0,0,M,1983-07-18,2,Unknown,10,10207,,0
2576,2,1940-10-25,0,0,C,1983-07-27,2,Unknown,10,10207,,0
2577,3,1961-12-23,0,0,M,1983-09-28,2,Unknown,10,12807,,0
2578,3,1950-02-26,3133,2,M,1983-10-04,2,Unknown,10,10207,,0
2579,3,1955-12-18,0,1,M,1983-12-23,2,Unknown,10,10207,,0
2580,2,1931-08-24,0,0,M,1984-01-10,2,Unknown,10,10207,,0
2581,3,1938-07-21,1052,0,M,1984-01-10,2,Unknown,10,10207,,0
2582,3,1955-03-14,0,0,A,1984-01-26,0,Unknown,10,10807,,0
2583,3,1926-05-30,0,0,A,1975-01-09,0,DC,10,10207,,0
2584,2,1949-06-07,6500,1,M,1975-05-30,2,Unknown,10,10207,,0
2585,3,1951-03-23,2208,0,V,1975-08-04,2,Unknown,10,10107,,0
2586,3,1917-05-08,0,0,M,1975-10-14,2,Unknown,10,10107,,0
2587,4,1948-08-16,2400,0,C,1976-05-05,2,Unknown,10,11307,,0
2588,2,1947-10-16,0,0,A,1976-10-11,0,Unknown,10,11307,,0
2589,2,1918-04-30,0,0,A,1977-02-03,0,DC,10,0,,0
2590,3,1947-07-16,0,0,A,1977-02-23,0,Unknown,10,10207,,0
2591,3,1947-08-22,0,0,A,1977-06-14,0,Unknown,10,11307,,0
2592,3,1949-07-24,0,0,M,1977-09-15,2,Unknown,10,10107,,0
2593,3,1928-11-16,0,0,M,1977-11-28,2,Unknown,10,16707,,0
2594,2,1925-03-29,0,0,A,1978-02-16,0,Unknown,10,11907,,0
2595,3,1939-09-16,2585,0,G,1978-03-07,2,Unknown,10,10207,,0
2596,3,1943-01-06,2906,0,D,1978-05-05,2,Unknown,10,10307,,0
2597,2,1929-09-23,0,0,M,1978-05-24,2,Unknown,10,18707,,0
2598,2,1940-05-02,0,0,A,1978-07-31,0,Unknown,10,11307,,0
2599,2,1932-05-29,0,0,A,1978-10-25,0,Unknown,10,11307,,0
2600,2,1953-04-20,0,0,M,1979-01-16,2,Unknown,10,10107,,0
2601,2,1922-10-11,0,0,M,1979-04-18,2,Unknown,10,10107,,0
2602,2,1921-05-18,0,0,A,1979-04-25,0,DC,10,11307,,0
2603,2,1950-10-27,0,0,A,1979-05-29,0,Unknown,10,11307,,0
2604,3,1943-01-26,0,0,M,1979-06-22,2,Unknown,10,10107,,0
2605,2,1949-01-22,3000,1,M,1979-11-08,2,Unknown,10,10207,,0
2606,2,1938-05-11,0,0,A,1980-04-02,0,DV,10,0,1993-07-15,1
2607,3,1949-07-17,0,1,D,1980-04-10,2,Unknown,10,10307,,0
2608,3,1950-07-18,2800,0,D,1980-05-23,2,Unknown,10,18707,,0
2609,3,1936-08-30,1801,0,M,1980-06-05,2,Unknown,10,18707,,0
2610,2,1958-06-07,2835,3,A,1980-06-17,0,Unknown,10,10107,,0
2611,2,1935-09-23,0,0,A,1980-06-18,0,Unknown,10,0,,0
2612,3,1949-05-19,2700,0,M,1980-07-09,2,Unknown,10,10207,,0
2613,3,1944-05-12,0,0,D,1980-08-11,2,Unknown,10,10207,,0
2614,3,1954-09-09,0,0,A,1980-08-14,0,Unknown,10,11307,,0
2615,3,1945-12-11,1825,1,M,1980-09-12,2,Unknown,10,10107,,0
2616,2,1941-09-26,7521,0,B,1980-10-28,2,Unknown,10,10107,,0
2617,3,1920-10-28,0,0,A,1980-11-10,0,Unknown,10,10107,,0
2618,3,1930-01-04,0,0,A,1981-01-02,2,DC,10,0,1993-05-19,1
2619,2,1946-11-22,2455,0,U,1981-01-15,2,Unknown,10,10207,,0
2620,2,1946-07-08,2500,1,M,1981-01-26,2,Unknown,10,10107,,0
2621,2,1955-10-20,2000,2,U,1981-01-27,2,Unknown,10,12607,,0
2622,3,1956-07-19,0,0,M,1981-02-17,2,Unknown,10,10107,,0
2623,3,1952-10-23,0,0,A,1981-03-09,0,Unknown,10,11307,,0
2624,3,1955-05-18,2196,1,G,1981-04-10,2,Unknown,10,10207,,0
2625,3,1950-05-17,0,0,M,1981-04-22,0,Unknown,10,10107,,0
2626,2,1956-09-07,0,3,M,1981-06-01,2,Unknown,10,10207,,0
2627,3,1958-12-19,1410,0,G,1981-06-03,2,Unknown,10,10107,,0
2628,2,1952-06-03,0,0,B,1981-08-25,2,Unknown,10,10107,,0
2629,2,1963-01-31,0,2,M,1981-10-12,2,Unknown,10,10107,,0
2630,3,1954-07-13,0,0,A,1981-10-14,0,Unknown,10,11307,,0
2631,2,1929-10-06,0,0,M,1981-10-21,2,Unknown,10,18707,,0
2632,2,1953-12-19,0,0,D,1981-11-17,2,Unknown,10,10307,,0
2633,2,1956-12-09,0,0,M,1981-12-04,0,Unknown,10,12607,,0
2634,2,1962-04-23,0,0,A,1981-12-28,0,Unknown,10,11307,,0
2635,2,1947-05-04,0,0,M,1981-12-28,2,Unknown,10,10107,,0
2636,2,1962-02-27,0,0,A,1982-05-27,0,Unknown,10,0,,0
2637,2,1952-07-17,0,0,A,1982-06-15,0,Unknown,10,10207,,0
2638,2,1943-01-21,0,0,U,1983-01-21,2,Unknown,10,10107,,0
2639,2,1957-09-30,0,1,S,1983-03-30,2,Unknown,10,10107,,0
2640,2,1959-02-03,0,0,A,1983-04-11,0,Unknown,10,11307,,0
2641,2,1942-12-11,0,0,A,1983-05-10,0,Unknown,10,0,,0
2642,2,1958-01-29,2730,1,M,1983-05-26,2,Unknown,10,18707,,0
2643,3,1946-07-24,529,0,M,1983-06-10,2,Unknown,10,10107,,0
2644,3,1945-02-03,0,0,A,1983-10-03,0,Unknown,10,18707,,0
2645,3,1946-09-07,0,1,M,1983-10-19,2,Unknown,10,10207,,0
2646,2,1948-09-23,0,2,M,1983-11-14,2,Unknown,10,10107,,0
2647,2,1948-06-28,0,0,A,1975-10-20,0,Unknown,10,11307,,0
2648,3,1943-06-16,0,0,V,1975-10-21,2,Unknown,10,10107,,0
2649,3,1949-05-21,0,0,M,1975-11-24,2,Unknown,10,10107,,0
2650,2,1922-08-05,0,0,A,1975-11-28,0,Unknown,10,11307,,0
2651,2,1928-03-21,0,0,A,1975-12-04,0,Unknown,10,11307,,0
2652,2,1953-07-05,3361,0,C,1975-12-05,2,Unknown,10,16707,,0
2653,3,1941-05-22,2450,0,V,1976-03-18,2,Unknown,10,10307,,0
2654,3,1915-03-05,0,0,M,1976-09-06,2,Unknown,10,11307,,0
2655,3,1948-10-18,1800,1,M,1976-09-28,2,Unknown,10,10307,,0
2656,2,1951-06-23,0,2,M,1977-07-04,2,Unknown,10,10307,,0
2657,3,1950-11-16,0,1,M,1977-08-30,2,Unknown,10,10107,,0
2658,3,1948-09-05,2460,1,M,1977-09-22,2,Unknown,10,10107,,0
2659,3,1946-12-21,0,0,A,1978-01-10,0,Unknown,10,11307,,0
2660,3,1931-10-08,0,0,A,1978-06-13,0,Unknown,10,11307,,0
2661,2,1956-08-31,0,0,A,1978-06-22,0,Unknown,10,11307,,0
2662,3,1947-03-04,2880,0,B,1978-08-18,2,Unknown,10,10307,,0
2663,2,1936-06-01,0,0,M,1978-10-11,2,Unknown,10,10307,,0
2664,3,1949-03-02,0,0,A,1979-01-04,0,DC,21,11307,,0
2665,3,1940-09-27,0,0,D,1979-04-04,2,Unknown,10,10107,,0
2666,3,1953-04-17,0,0,A,1979-05-15,0,Unknown,10,10307,,0
2667,3,1957-10-10,0,0,A,1979-05-22,0,Unknown,10,10107,,0
2668,3,1929-09-21,0,0,A,1979-07-18,0,Unknown,10,11307,,0
2669,3,1938-09-30,0,0,A,1979-08-22,0,Unknown,10,11307,,0
2670,2,1936-04-01,0,0,A,1979-10-08,0,DC,10,0,1993-11-17,1
2671,3,1951-08-02,2767,0,G,1979-10-08,0,Unknown,10,11307,,0
2672,2,1950-08-28,0,0,M,1979-12-04,2,Unknown,10,10307,,0
2673,2,1932-07-13,0,0,M,1980-02-01,2,Unknown,10,10307,,0
2674,3,1945-08-22,0,0,M,1980-02-20,2,Unknown,10,10307,,0
2675,3,1951-08-13,0,1,M,1980-03-18,2,Unknown,10,10107,,0
2676,2,1926-04-28,0,0,M,1980-05-21,2,Unknown,10,10307,,0
2677,3,1948-03-18,2242,0,D,1980-06-16,2,Unknown,10,10107,,0
2678,2,1945-12-11,0,1,D,1980-06-25,0,Unknown,10,0,,0
2679,3,1930-03-02,0,0,M,1980-07-31,2,Unknown,10,10807,,0
2680,3,1947-08-01,0,2,M,1980-10-14,2,DV,21,10307,2007-05-16,1
2681,3,1942-01-17,0,0,M,1980-12-09,2,Unknown,10,10107,,0
2682,3,1954-10-27,1067,2,M,1981-03-05,2,Unknown,10,11307,,0
2683,2,1957-08-12,1600,3,M,1981-03-27,2,Unknown,10,17907,,0
2684,2,1956-07-30,0,1,U,1981-04-23,0,Unknown,10,11307,,0
2685,2,1940-05-30,0,0,U,1981-11-05,2,Unknown,10,10307,,0
2686,3,1957-10-02,0,0,A,1981-12-14,0,Unknown,10,11307,,0
2687,3,1938-08-17,0,0,A,1981-12-14,0,Unknown,10,10107,,0
2688,3,1949-11-14,2400,1,M,1981-12-16,2,Unknown,10,10107,,0
2689,3,1954-07-11,0,2,M,1981-12-18,2,Unknown,10,10107,,0
2690,3,1945-07-16,0,0,M,1981-12-22,0,Unknown,10,10307,,0
2691,2,1946-03-06,2377,0,D,1982-03-23,2,Unknown,10,10107,,0
2692,3,1946-08-19,0,0,M,1982-04-06,2,Unknown,10,10307,,0
2693,3,1961-07-29,2003,2,M,1982-05-19,2,Unknown,10,10307,,0
2694,2,1937-06-15,3076,0,M,1982-06-10,2,Unknown,10,10107,,0
2695,2,1955-02-21,0,0,A,1982-07-06,0,Unknown,10,11307,,0
2696,2,1954-05-26,0,0,A,1982-12-17,0,Unknown,10,11307,,0
2697,4,1954-04-24,0,0,C,1982-12-15,0,Unknown,10,10307,,0
2698,3,1960-08-30,0,2,M,1983-03-04,2,Unknown,10,10307,,0
2699,2,1947-04-12,0,1,M,1983-03-04,0,Unknown,21,10107,,0
2700,2,1960-11-01,1814,3,U,1983-03-24,2,Unknown,10,10307,,0
2701,3,1954-06-14,2038,2,M,1983-05-10,2,Unknown,10,10307,,0
2702,2,1958-10-05,0,0,A,1983-05-25,0,Unknown,10,11307,,0
2703,2,1951-12-28,0,0,A,1983-05-27,0,Unknown,10,11307,,0
2704,2,1930-09-12,1500,0,M,1983-06-21,2,Unknown,10,10307,,0
2705,4,1949-05-27,0,0,C,1983-08-23,2,Unknown,10,10307,,0
2706,3,1947-06-03,3238,2,B,1983-07-27,0,Unknown,10,10307,,0
2707,3,1938-07-23,2085,0,D,1983-09-14,2,Unknown,10,10307,,0
2708,2,1954-11-25,4929,1,M,1983-09-15,2,Unknown,10,10107,,0
2709,2,1961-08-02,0,0,M,1983-09-28,2,Unknown,10,10307,,0
2710,2,1960-02-17,0,0,A,1983-12-02,0,Unknown,10,10307,,0
2711,2,1957-04-16,0,0,C,1983-12-14,0,Unknown,10,10107,,0
2712,3,1958-09-08,0,2,C,1983-12-20,2,Unknown,10,10207,,0
2713,2,1931-07-06,0,0,A,1976-04-27,0,Unknown,10,11307,,0
2714,2,1954-06-11,2072,1,G,1976-12-03,2,Unknown,10,0,,0
2715,2,1919-02-21,0,0,M,1977-03-31,2,Unknown,10,10107,,0
2716,2,1954-12-27,3346,2,M,1977-05-02,2,Unknown,10,10107,,0
2717,3,1936-01-01,2629,2,M,1977-06-10,2,Unknown,10,10107,,0
2718,2,1940-04-07,0,0,A,1977-08-02,2,Unknown,10,10107,,0
2719,3,1917-09-07,0,0,A,1977-08-03,0,Unknown,10,11307,,0
2720,3,1949-07-04,0,0,D,1977-11-18,2,Unknown,10,18507,,0
2721,4,1959-09-24,2001,1,U,1978-07-21,2,Unknown,10,10107,,0
2722,3,1943-09-18,2019,0,D,1978-11-27,2,Unknown,10,10207,,0
2723,3,1946-03-01,0,0,A,1978-12-20,0,Unknown,10,11307,,0
2724,2,1947-10-19,1710,1,G,1979-01-29,2,Unknown,10,10107,,0
2725,2,1927-04-19,0,0,M,1979-03-08,2,Unknown,10,10107,,0
2726,2,1952-08-04,0,0,D,1979-04-09,2,Unknown,10,10107,,0
2727,2,1917-06-04,0,0,M,1979-05-07,2,Unknown,10,10107,,0
2728,3,1932-05-24,0,0,A,1979-05-28,0,Unknown,10,10107,,0
2729,3,1949-11-11,1850,1,M,1979-07-02,2,Unknown,10,10107,,0
2730,3,1924-11-30,0,0,A,1979-07-24,0,Unknown,10,11307,,0
2731,2,1948-10-09,3301,0,M,1979-09-26,2,Unknown,10,10107,,0
2732,3,1958-06-29,0,1,D,1979-11-20,2,Unknown,10,10107,,0
2733,3,1945-10-31,2059,0,B,1979-12-28,0,Unknown,10,11307,,0
2734,3,1937-02-04,0,0,A,1980-01-14,0,Unknown,10,10107,,0
2735,2,1956-11-06,0,0,A,1980-02-04,0,Unknown,10,11307,,0
2736,2,1952-08-22,3349,3,B,1980-02-08,2,Unknown,10,10107,,0
2737,3,1959-01-09,0,0,C,1980-02-11,2,Unknown,10,10207,,0
2738,2,1931-07-31,0,0,M,1980-02-20,2,Unknown,10,10107,,0
2739,2,1954-01-12,0,0,M,1980-03-24,2,Unknown,10,10107,,0
2740,3,1953-07-30,0,2,M,1980-04-02,2,Unknown,10,10207,,0
2741,4,1952-03-06,0,0,C,1980-05-08,2,Unknown,10,12779,,0
2742,3,1956-04-17,0,0,A,1980-06-03,0,Unknown,10,0,,0
2743,3,1950-07-29,0,0,A,1980-06-09,0,DV,21,10207,2001-07-19,1
2744,2,1948-12-24,2224,0,M,1980-07-03,2,Unknown,10,10107,,0
2745,3,1950-10-26,2116,1,M,1980-07-21,2,Unknown,10,10107,,0
2746,3,1952-03-19,0,0,M,1980-09-29,2,Unknown,10,10107,,0
2747,4,1958-01-17,2130,1,C,1980-11-13,2,Unknown,10,10107,,0
2748,3,1955-11-05,2149,3,M,1980-12-09,2,Unknown,10,10207,,0
2749,2,1955-04-21,4343,3,M,1980-12-22,2,Unknown,10,10107,,0
2750,2,1928-04-09,0,0,V,1980-12-22,2,Unknown,10,10107,,0
2751,3,1952-09-30,1768,0,G,1980-12-22,2,Unknown,10,10107,,0
2752,3,1961-06-09,1713,2,U,1980-12-24,2,Unknown,10,10107,,0
2753,2,1948-04-23,0,0,M,1981-02-18,2,Unknown,10,10107,,0
2754,3,1950-08-14,0,1,D,1981-03-12,2,Unknown,10,10207,,0
2755,2,1937-05-21,3692,0,M,1981-03-16,2,Unknown,10,10107,,0
2756,2,1946-08-17,4725,1,S,1981-05-27,2,Unknown,10,10207,,0
2757,2,1935-08-18,0,0,A,1981-05-27,0,Unknown,10,11307,,0
2758,1,,0,0,A,1981-05-22,0,Unknown,50,0,,0
2759,2,1952-08-29,2100,0,D,1981-06-26,2,Unknown,10,10107,,0
2760,3,1956-07-23,1401,1,M,1981-07-09,2,Unknown,10,10107,,0
2761,2,1934-10-04,0,0,M,1981-09-14,2,Unknown,10,10107,,0
2762,2,1954-01-29,0,3,M,1981-11-03,2,Unknown,10,10107,,0
2763,2,1952-01-22,4572,1,M,1981-11-09,2,Unknown,10,0,,0
2764,2,1954-03-10,0,0,A,1981-12-07,0,Unknown,10,11307,,0
2765,2,1962-05-05,0,0,C,1982-01-06,2,Unknown,10,10107,,0
2766,3,1921-03-24,0,0,A,1982-01-22,0,DC,10,10107,,0
2767,2,1948-04-20,3634,1,M,1982-01-22,2,Unknown,10,10207,,0
2768,2,1960-10-22,1500,0,C,1982-05-12,2,Unknown,10,10107,,0
2769,3,1953-06-02,2095,1,E,1982-05-27,2,Unknown,10,10107,,0
2770,2,1956-05-24,0,0,M,1982-06-25,2,Unknown,10,10207,,0
2771,2,1949-07-10,6777,2,G,1982-10-25,2,Unknown,10,10107,,0
2772,3,1959-09-04,1445,1,U,1982-11-12,0,DC,21,10207,,0
2773,2,1961-03-18,0,1,U,1982-12-09,2,Unknown,10,10107,,0
2774,3,1945-11-22,0,0,M,1983-01-18,2,Unknown,10,10207,,0
2775,3,1946-07-09,0,0,A,1983-02-09,0,Unknown,10,10107,,0
2776,3,1947-03-03,0,1,M,1983-02-23,2,Unknown,10,10107,,0
2777,2,1948-01-07,0,0,A,1983-03-30,0,Unknown,10,0,,0
2778,3,1930-06-03,3766,0,B,1983-04-26,2,Unknown,10,10107,,0
2779,2,1955-11-14,0,0,A,1983-05-03,0,Unknown,10,10107,,0
2780,2,1934-11-22,5433,1,B,1983-05-26,2,Unknown,10,10107,,0
2781,3,1940-03-18,0,0,M,1983-06-10,2,Unknown,10,10107,,0
2782,3,1943-07-18,1501,2,M,1983-10-12,2,Unknown,10,10107,,0
2783,3,1935-06-02,2666,0,V,1983-11-04,2,Unknown,10,11307,,0
2784,2,1944-09-01,0,0,S,1983-11-14,2,Unknown,10,10107,,0
2785,2,1958-03-18,2322,1,G,1983-11-14,2,Unknown,10,10207,,0
2786,3,1931-01-19,0,0,V,1983-12-02,0,Unknown,10,10107,,0
2787,2,1948-05-04,0,0,S,1974-07-09,2,Unknown,10,10507,,0
2788,3,1913-05-11,0,0,A,1975-02-03,0,DV,21,11307,2000-09-06,1
2789,3,1948-09-28,0,0,A,1976-05-28,0,Unknown,10,11307,,0
2790,2,1949-04-07,0,0,A,1976-10-25,0,Unknown,10,11307,,0
2791,2,1942-08-22,2590,3,S,1976-11-22,2,Unknown,10,11907,,0
2792,3,1926-09-04,0,0,D,1977-06-21,2,Unknown,10,11307,,0
2793,4,1927-03-22,0,0,C,1978-03-22,0,Unknown,10,11307,,0
2794,3,1942-05-23,0,0,A,1978-06-19,0,Unknown,10,11307,,0
2795,3,1928-08-19,0,0,A,1978-08-17,0,DV,21,10307,2001-01-26,1
2796,3,1941-01-02,0,0,A,1978-09-18,0,Unknown,10,11307,,0
2797,3,1950-12-03,0,0,A,1978-10-26,0,Unknown,10,11307,,0
2798,3,1949-04-08,2736,0,M,1978-12-21,0,Unknown,10,10307,,0
2799,2,1955-08-26,0,0,A,1978-12-27,0,DC,10,11307,,0
2800,3,1953-09-25,2135,0,B,1979-02-09,2,Unknown,10,11307,,0
2801,3,1938-03-11,0,0,M,1979-02-09,2,Unknown,10,10307,,0
2802,3,1948-08-06,2713,2,G,1979-02-26,2,Unknown,10,11307,,0
2803,2,1936-11-17,0,0,M,1979-02-27,2,Unknown,10,10307,,0
2804,2,1940-11-10,0,0,A,1979-06-21,0,Unknown,10,0,,0
2805,3,1953-09-09,0,0,A,1979-08-24,0,Unknown,10,11307,,0
2806,2,1951-07-22,0,0,C,1979-09-12,2,Unknown,10,10307,,0
2807,2,1942-07-01,2256,0,S,1979-10-29,2,Unknown,10,10307,,0
2808,2,1908-03-21,0,0,A,1980-01-10,0,Unknown,10,15607,,0
2809,3,1918-08-30,0,0,A,1980-01-21,0,DC,21,10307,,0
2810,3,1949-04-04,0,0,M,1980-02-06,2,Unknown,10,10307,,0
2811,2,1952-04-09,2515,0,U,1980-03-03,2,Unknown,10,10307,,0
2812,4,1937-06-25,1731,0,C,1980-03-26,0,Unknown,10,15607,,0
2813,3,1951-11-07,0,1,D,1980-03-26,2,Unknown,10,10307,,0
2814,2,1950-06-22,0,0,A,1980-04-16,2,DC,10,0,1992-06-17,1
2815,3,1935-05-05,0,0,M,1980-05-21,2,Unknown,10,12807,,0
2816,2,1956-12-28,0,3,M,1980-05-21,2,Unknown,10,10307,,0
2817,3,1944-02-27,0,0,M,1980-06-11,2,Unknown,10,10307,,0
2818,4,1952-06-05,0,0,C,1980-07-17,0,Unknown,10,11307,,0
2819,3,1943-10-13,0,0,A,1981-01-12,0,DC,10,11307,,0
2820,3,1941-02-27,2515,0,M,1981-02-13,2,Unknown,10,10307,,0
2821,2,1948-04-01,0,0,A,1981-03-02,0,Unknown,10,11307,,0
2822,3,1942-02-26,6412,0,M,1981-05-13,2,Unknown,10,17507,,0
2823,2,1954-04-07,0,0,A,1981-05-15,0,Unknown,10,11307,,0
2824,2,1949-09-09,0,0,M,1981-05-15,2,Unknown,10,10307,,0
2825,3,1949-06-12,2000,1,V,1981-07-20,2,Unknown,10,10307,,0
2826,3,1949-09-19,1356,2,M,1981-07-20,2,Unknown,10,10307,,0
2827,2,1936-12-15,0,0,A,1981-08-04,0,Unknown,10,11307,,0
2828,3,1946-06-05,1,0,M,1981-10-28,2,Unknown,10,10107,,0
2829,2,1957-05-23,0,2,M,1981-11-05,2,Unknown,10,10307,,0
2830,4,1959-07-24,0,0,C,1981-11-30,0,Unknown,10,11307,,0
2831,3,1954-03-14,0,0,M,1982-01-06,2,Unknown,10,14607,,0
2832,3,1957-03-22,0,0,A,1982-03-18,0,Unknown,10,10307,,0
2833,3,1943-05-01,2239,1,D,1982-04-07,0,Unknown,10,10307,,0
2834,3,1954-10-02,0,0,M,1982-03-29,2,Unknown,10,10307,,0
2835,2,1953-10-17,0,0,M,1982-06-30,2,Unknown,10,18707,,0
2836,2,1958-07-19,2144,1,C,1982-06-30,2,Unknown,10,18707,,0
2837,2,1959-08-24,0,0,M,1982-09-28,2,Unknown,10,10307,,0
2838,2,1940-06-21,0,0,A,1982-11-18,0,DC,10,0,1991-10-16,1
2839,2,1955-09-02,3345,1,D,1983-02-08,2,Unknown,10,12807,,0
2840,4,1961-02-13,0,0,C,1983-03-28,2,Unknown,10,10307,,0
2841,3,1945-12-24,2400,0,M,1983-10-19,2,Unknown,10,10307,,0
2842,2,1960-10-02,3200,3,U,1983-11-14,2,Unknown,10,10307,,0
2843,3,1938-08-03,0,0,A,1983-11-14,0,DV,10,0,1995-12-27,1
2844,3,1933-09-09,0,0,A,1967-06-06,0,DV,21,13607,1998-06-16,1
2845,3,1939-04-03,0,0,M,1967-06-27,2,Unknown,10,13907,,0
2846,2,1935-09-21,2416,0,E,1990-12-10,2,Unknown,10,13807,,0
2847,3,1911-11-13,0,0,A,1968-04-16,0,Unknown,21,0,,0
2848,3,1931-12-14,0,0,A,1971-12-31,0,Unknown,10,11307,,0
2849,3,1942-07-16,0,0,M,1987-02-09,2,Unknown,10,13607,,0
2850,3,1926-06-05,0,0,D,1972-01-18,2,Unknown,10,10107,,0
2851,3,1918-02-26,0,0,A,1972-03-07,0,DC,10,12779,,0
2852,2,1941-05-16,3038,0,B,1972-10-09,2,Unknown,10,12779,,0
2853,3,1936-07-22,2439,0,C,1975-01-27,0,Unknown,10,11307,,0
2854,3,1937-10-18,2134,0,M,1976-05-06,2,Unknown,10,10107,,0
2855,2,1938-06-23,0,1,M,1976-08-30,0,Unknown,10,13607,,0
2856,2,1940-04-13,0,0,M,1976-10-25,2,Unknown,10,15607,,0
2857,3,1941-09-10,0,0,A,1976-10-27,0,Unknown,10,11307,,0
2858,2,1943-03-06,1706,0,M,1976-11-29,2,Unknown,10,10107,,0
2859,2,1937-05-30,0,0,A,1977-01-17,0,DC,10,0,,0
2860,3,1940-11-20,3660,0,M,1977-01-21,2,Unknown,10,14607,,0
2861,2,1941-09-05,0,0,M,1977-05-13,2,Unknown,10,10207,,0
2862,2,1949-06-20,3437,1,M,1977-06-09,2,Unknown,10,14707,,0
2863,2,1940-03-23,2503,0,M,1977-06-20,0,Unknown,10,11307,,0
2864,3,1925-10-05,0,0,M,1978-05-11,2,Unknown,10,10207,,0
2865,2,1938-04-03,3330,0,M,1978-11-27,2,Unknown,10,17607,,0
2866,2,1946-08-07,3018,3,M,1979-02-15,2,Unknown,10,11307,,0
2867,3,1948-07-03,2798,0,U,1979-10-15,2,Unknown,10,10207,,0
2868,3,1951-03-18,2500,2,M,1980-01-14,2,Unknown,10,12807,,0
2869,2,1953-02-08,0,0,M,1980-06-13,2,Unknown,10,13807,,0
2870,3,1949-02-01,0,0,A,1980-08-18,0,Unknown,10,17807,,0
2871,3,1951-09-08,2374,0,C,1981-01-27,2,Unknown,10,18707,,0
2872,2,1952-09-10,0,0,M,1981-02-16,2,Unknown,10,10607,,0
2873,2,1948-02-12,0,0,M,1981-05-18,2,Unknown,10,14607,,0
2874,2,1950-06-08,0,0,A,1981-08-26,0,Unknown,10,11307,,0
2875,3,1959-12-21,2530,3,D,1981-09-14,2,Unknown,10,16607,,0
2876,2,1956-07-18,0,0,A,1982-12-13,0,Unknown,21,0,,0
2877,2,1941-05-17,0,0,M,1983-02-18,0,Unknown,10,13607,,0
2878,2,1942-09-15,0,0,M,1977-09-08,0,DC,10,14607,,0
2879,2,1947-03-29,0,0,D,1977-09-27,2,Unknown,10,17807,,0
2880,3,1950-03-09,2393,2,D,1977-10-27,2,Unknown,10,14607,,0
2881,3,1935-03-25,0,0,D,1977-11-30,2,Unknown,10,14607,,0
2882,3,1957-03-09,0,0,D,1977-12-27,2,Unknown,10,11307,,0
2883,2,1939-03-02,2000,0,D,1977-12-30,2,Unknown,10,14607,,0
2884,2,1951-10-25,0,0,A,1978-01-10,2,Unknown,10,14607,,0
2885,3,1920-03-23,0,0,A,1978-01-27,0,Unknown,10,11307,,0
2886,2,1943-07-12,0,1,B,1978-03-02,2,Unknown,10,14607,,0
2887,3,1942-05-06,0,0,A,1978-04-11,0,Unknown,10,11307,,0
2888,2,1945-12-19,0,0,A,1978-04-11,0,Unknown,10,14607,,0
2889,2,1948-02-16,0,0,A,1978-05-12,0,Unknown,10,11307,,0
2890,3,1947-08-21,0,0,A,1978-05-23,0,Unknown,10,11307,,0
2891,2,1947-01-14,0,0,M,1978-06-12,2,Unknown,10,14607,,0
2892,2,1953-05-16,0,0,M,1978-07-13,2,Unknown,10,14607,,0
2893,3,1940-04-19,2440,0,V,1978-07-18,2,Unknown,10,14607,,0
2894,3,1940-09-12,0,0,M,1978-08-22,0,Unknown,10,14607,,0
2895,2,1946-06-22,0,0,D,1978-09-22,2,Unknown,10,13507,,0
2896,2,1937-11-17,0,0,M,1978-10-16,2,Unknown,10,14607,,0
2897,4,1941-08-29,3798,0,C,1978-12-11,2,Unknown,10,14607,,0
2898,3,1953-03-02,0,1,M,1978-12-20,2,Unknown,10,11307,,0
2899,3,1946-08-05,0,0,M,1979-03-30,2,Unknown,10,14607,,0
2900,3,1935-04-01,0,0,A,1979-04-06,0,Unknown,10,11307,,0
2901,2,1948-02-22,0,0,A,1979-05-21,0,Unknown,10,11307,,0
2902,2,1943-08-24,0,0,A,1979-06-13,0,Unknown,10,11307,,0
2903,2,1939-11-23,0,0,M,1979-06-14,2,Unknown,10,14607,,0
2904,3,1934-06-29,0,0,A,1979-08-16,0,Unknown,10,11307,,0
2905,2,1946-07-29,0,0,M,1979-08-16,2,Unknown,10,14607,,0
2906,3,1951-01-18,0,0,B,1979-08-17,0,Unknown,10,14607,,0
2907,3,1945-10-18,0,0,S,1979-09-19,2,Unknown,10,14607,,0
2908,3,1945-05-26,0,0,M,1979-09-27,2,Unknown,10,14607,,0
2909,3,1947-03-02,0,0,D,1979-10-16,2,Unknown,10,11307,,0
2910,4,1942-01-02,0,0,C,1979-11-08,2,Unknown,10,14607,,0
2911,2,1930-07-01,0,0,M,1979-12-06,2,Unknown,10,14607,,0
2912,3,1932-12-30,0,0,M,1979-12-10,2,Unknown,10,14607,,0
2913,3,1960-05-09,0,2,M,1979-12-10,2,Unknown,10,14607,,0
2914,2,1959-11-21,0,3,M,1980-01-11,2,Unknown,10,14607,,0
2915,2,1941-02-27,0,0,A,1980-01-16,0,Unknown,10,0,,0
2916,3,1947-01-16,0,0,A,1980-02-22,0,Unknown,10,11307,,0
2917,3,1924-12-28,0,0,D,1980-02-29,2,Unknown,10,14607,,0
2918,3,1950-01-22,3930,0,G,1980-03-12,0,Unknown,10,11307,,0
2919,2,1940-02-23,0,0,M,1980-04-02,2,Unknown,10,14607,,0
2920,2,1938-05-14,3202,0,M,1980-06-30,0,Unknown,10,11307,,0
2921,2,1945-01-21,0,0,A,1980-07-11,0,Unknown,10,11307,,0
2922,2,1927-01-16,0,0,A,1980-07-31,0,DC,21,11307,,0
2923,3,1942-08-25,0,0,M,1980-09-23,2,Unknown,10,14607,,0
2924,3,1942-01-30,0,0,A,1980-10-27,0,Unknown,10,11307,,0
2925,2,1940-09-08,1320,0,M,1980-11-20,2,Unknown,10,14607,,0
2926,3,1947-06-18,3000,0,B,1980-11-24,2,Unknown,10,14607,,0
2927,3,1941-11-21,0,0,A,1980-12-01,0,Unknown,10,11307,,0
2928,3,1923-04-06,0,0,A,1981-03-13,0,Unknown,10,11307,,0
2929,4,1952-06-06,0,0,C,1981-05-06,0,Unknown,10,11307,,0
2930,2,1949-03-02,0,0,M,1981-05-22,2,Unknown,10,14607,,0
2931,2,1925-12-03,0,0,A,1981-07-23,0,Unknown,10,11307,,0
2932,3,1942-01-01,0,0,A,1981-10-16,0,Unknown,10,14607,,0
2933,2,1944-09-01,0,0,A,1981-12-09,0,Unknown,10,11307,,0
2934,3,1947-04-27,0,0,M,1981-12-30,6,Unknown,10,14607,,0
2935,2,1948-11-23,2524,3,M,1981-12-30,2,Unknown,10,14607,,0
2936,2,1951-01-11,0,0,A,1982-01-06,0,Unknown,10,14607,,0
2937,3,1947-08-20,0,0,D,1982-01-19,2,Unknown,10,14607,,0
2938,3,1944-04-27,2064,0,M,1982-01-28,2,Unknown,10,14607,,0
2939,2,1948-07-13,0,0,A,1982-02-19,0,Unknown,10,11307,,0
2940,3,1951-10-09,1766,1,D,1982-02-23,2,Unknown,10,14607,,0
2941,2,1944-11-01,0,0,A,1982-03-04,0,Unknown,10,11307,,0
2942,3,1939-08-01,0,0,M,1982-04-16,2,Unknown,10,14607,,0
2943,3,1938-10-08,0,0,M,1982-05-06,0,Unknown,10,14607,,0
2944,3,1937-11-21,2730,0,G,1982-07-26,0,Unknown,10,11307,,0
2945,2,1957-01-26,0,0,A,1982-06-16,0,Unknown,21,11307,,0
2946,3,1959-02-19,0,1,M,1982-07-12,2,Unknown,10,14607,,0
2947,2,1958-07-20,0,0,A,1982-07-16,0,Unknown,10,11307,,0
2948,3,1946-02-13,0,0,A,1982-07-22,0,Unknown,10,11307,,0
2949,2,1944-09-26,0,0,M,1982-10-04,2,Unknown,10,14607,,0
2950,3,1942-09-06,0,0,D,1982-12-28,2,Unknown,10,14607,,0
2951,4,1928-09-15,0,0,C,1982-12-27,0,Unknown,10,14607,,0
2952,3,1940-09-02,0,0,D,1983-02-21,2,Unknown,10,14607,,0
2953,2,1947-02-17,0,0,D,1983-03-29,0,Unknown,10,14607,,0
2954,3,1952-05-04,6000,2,M,1983-05-10,0,Unknown,10,14607,,0
2955,3,1949-10-30,0,0,D,1983-07-06,2,Unknown,10,14607,,0
2956,3,1951-06-10,2035,1,M,1983-08-31,2,Unknown,10,11907,,0
2957,3,1954-10-09,2233,2,M,1983-10-28,2,Unknown,10,14607,,0
2958,2,1959-10-05,2860,0,B,1983-11-04,2,Unknown,10,14607,,0
2959,2,1959-08-10,1866,3,M,1983-12-02,2,Unknown,10,14607,,0
2960,3,1935-12-20,0,0,M,1982-10-12,0,DV,21,17807,2000-07-18,1
2961,3,1944-04-16,0,1,B,1982-11-10,2,Unknown,10,17807,,0
2962,3,1961-11-27,0,0,A,1983-02-18,0,Unknown,10,17807,,0
2963,4,1950-03-15,1457,1,C,1983-02-28,0,Unknown,10,17807,,0
2964,3,1945-11-06,0,0,M,1983-03-04,2,Unknown,10,17807,,0
2965,2,1941-03-16,0,0,A,1983-04-28,0,Unknown,10,17807,,0
2966,2,1951-12-21,2509,1,D,1983-08-11,2,Unknown,10,17807,,0
2967,3,1949-05-30,0,0,A,1983-10-12,0,Unknown,10,17807,,0
2968,3,1942-05-24,0,0,M,1983-12-19,0,DV,21,17807,2005-01-07,1
2969,2,1925-11-14,0,0,A,1981-01-19,2,DC,21,13507,,0
2970,2,1950-08-11,0,0,M,1981-05-08,2,Unknown,10,14607,,0
2971,2,1953-09-07,3048,2,M,1981-06-26,2,Unknown,10,10807,,0
2972,2,1960-02-02,0,1,M,1981-08-04,2,Unknown,10,13507,,0
2973,4,1963-01-31,1777,0,U,1981-08-31,2,Unknown,10,13507,,0
2974,3,1940-01-20,0,0,A,1981-09-11,0,Unknown,10,0,,0
2975,2,1954-02-19,0,0,A,1981-09-25,0,DV,21,11307,2004-04-05,1
2976,3,1955-02-05,0,0,A,1981-09-25,0,Unknown,10,13507,,0
2977,3,1957-12-06,0,0,M,1981-10-09,0,Unknown,10,13507,,0
2978,3,1943-12-07,0,0,A,1981-10-16,0,Unknown,10,13507,,0
2979,3,1953-09-01,2385,1,M,1981-11-06,2,Unknown,10,13507,,0
2980,3,1954-02-11,2282,2,G,1981-11-13,2,Unknown,10,13507,,0
2981,3,1955-07-28,2927,2,D,1981-11-20,2,Unknown,10,13507,,0
2982,3,1949-07-10,0,0,D,1981-11-20,2,Unknown,10,13507,,0
2983,2,1951-09-28,2032,0,M,1981-11-30,2,Unknown,10,13507,,0
2984,2,1945-11-15,3000,0,M,1981-12-11,2,Unknown,10,13507,,0
2985,3,1949-07-27,0,0,M,1982-02-22,2,Unknown,10,14607,,0
2986,2,1942-07-17,2100,0,M,1982-03-05,2,Unknown,10,17807,,0
2987,2,1957-10-07,2551,0,D,1982-03-22,2,Unknown,10,13507,,0
2988,3,1958-08-17,1126,2,M,1982-03-29,2,Unknown,10,13507,,0
2989,4,1956-12-06,0,0,C,1982-04-05,2,Unknown,10,13507,,0
2990,2,1962-02-25,0,0,A,1982-05-18,0,Unknown,10,13507,,0
2991,3,1945-09-14,2845,0,D,1982-05-25,2,Unknown,10,13507,,0
2992,4,1951-10-18,0,0,C,1982-05-25,2,Unknown,10,13507,,0
2993,3,1944-05-26,0,0,M,1982-06-22,0,Unknown,10,13507,,0
2994,2,1951-02-28,2800,0,D,1982-07-08,2,Unknown,10,13507,,0
2995,2,1956-05-24,1500,3,M,1982-07-26,2,Unknown,10,13507,,0
2996,2,1946-02-21,4619,0,M,1982-09-02,2,Unknown,10,13507,,0
2997,3,1959-09-26,0,0,A,1982-09-30,0,Unknown,10,0,,0
2998,2,1937-11-07,3623,0,V,1982-10-05,2,Unknown,10,10307,,0
2999,3,1951-06-28,0,0,D,1982-10-05,2,Unknown,10,13507,,0
3000,2,1961-10-01,0,0,A,1982-10-28,0,Unknown,10,11307,,0
3001,2,1939-09-08,2030,0,M,1982-10-25,2,Unknown,10,13507,,0
3002,3,1918-07-25,0,0,V,1982-11-08,2,Unknown,10,13507,,0
3003,2,1923-02-04,0,0,A,1982-11-23,0,DC,10,13507,,0
3004,2,1946-02-21,0,0,M,1982-12-22,2,Unknown,10,13507,,0
3005,3,1960-12-28,0,0,A,1982-12-29,2,Unknown,10,13507,,0
3006,2,1951-08-24,0,0,A,1983-01-18,0,Unknown,10,0,,0
3007,2,1959-02-28,1920,2,M,1983-03-02,2,Unknown,10,13507,,0
3008,2,1956-09-16,0,0,M,1983-02-28,2,Unknown,10,13507,,0
3009,2,1956-05-20,2446,2,M,1983-04-18,2,Unknown,10,11307,,0
3010,3,1954-04-27,0,0,D,1983-04-18,2,Unknown,10,13507,,0
3011,3,1960-09-16,1875,1,M,1983-05-03,2,Unknown,10,13507,,0
3012,2,1958-10-01,1958,3,G,1983-06-07,2,Unknown,10,13807,,0
3013,3,1938-06-05,1257,0,M,1983-06-08,2,Unknown,10,13507,,0
3014,3,1950-08-10,0,0,D,1983-06-08,2,Unknown,10,18707,,0
3015,2,1954-04-12,0,0,M,1983-06-29,2,Unknown,10,13507,,0
3016,3,1942-04-02,1755,0,M,1983-07-18,2,Unknown,10,13507,,0
3017,3,1950-10-11,0,1,D,1983-07-18,2,Unknown,10,13507,,0
3018,3,1943-04-23,0,0,M,1983-07-18,2,Unknown,10,13507,,0
3019,2,1955-02-20,0,0,A,1983-07-26,0,Unknown,10,11307,,0
3020,2,1955-10-21,0,0,C,1983-08-04,2,Unknown,10,13507,,0
3021,3,1939-11-10,0,0,M,1983-08-25,2,Unknown,10,12607,,0
3022,2,1958-02-03,0,2,M,1983-09-26,2,Unknown,10,13507,,0
3023,2,1947-02-17,0,0,A,1983-10-11,2,Unknown,10,13507,,0
3024,3,1961-09-16,0,3,M,1983-10-11,2,Unknown,10,13507,,0
3025,2,1938-12-10,0,0,A,1983-11-02,0,DC,21,13507,,0
3026,3,1950-03-28,0,0,D,1983-12-02,2,Unknown,10,13507,,0
3027,4,1954-04-07,0,0,C,1979-03-06,2,Unknown,10,10107,,0
3028,3,1941-12-24,0,0,A,1979-03-19,0,Unknown,10,11307,,0
3029,4,1951-04-03,0,0,C,1979-04-19,0,Unknown,10,11307,,0
3030,2,1926-07-14,0,0,A,1979-04-20,0,Unknown,10,11307,,0
3031,3,1946-07-19,0,2,M,1979-05-08,0,DC,10,10107,,0
3032,1,,0,0,A,1979-05-14,0,Unknown,50,11307,,0
3033,2,1917-09-16,0,0,A,1979-05-28,0,Unknown,10,11307,,0
3034,3,1927-02-25,0,0,A,1979-06-22,0,Unknown,10,10207,,0
3035,3,1940-09-21,0,0,M,1979-07-18,2,Unknown,10,10207,,0
3036,3,1922-01-27,0,0,A,1979-07-31,0,DV,21,11307,2003-12-29,1
3037,3,1935-03-22,0,0,A,1979-08-20,0,Unknown,21,11307,,0
3038,2,1922-05-02,0,0,A,1979-09-21,2,DV,10,10107,1995-01-04,1
3039,2,1939-10-02,4300,1,V,1979-10-09,2,Unknown,10,10207,,0
3040,3,1948-11-12,2248,1,M,1979-10-18,2,Unknown,10,10207,,0
3041,3,1933-06-30,0,0,S,1979-12-19,2,Unknown,10,10107,,0
3042,4,1945-01-18,0,0,C,1980-02-12,0,Unknown,10,11307,,0
3043,3,1926-11-16,0,0,M,1980-02-13,2,Unknown,10,10107,,0
3044,2,1938-05-27,0,0,M,1980-02-26,2,Unknown,10,10107,,0
3045,3,1946-12-10,0,0,A,1980-03-11,0,Unknown,10,10307,,0
3046,3,1935-12-28,0,0,A,1980-03-21,0,Unknown,10,11307,,0
3047,3,1951-08-12,0,0,A,1980-03-21,0,Unknown,10,11307,,0
3048,3,1939-06-12,2980,0,M,1980-04-01,2,Unknown,10,10207,,0
3049,4,1947-05-13,0,0,C,1980-06-30,2,Unknown,10,10207,,0
3050,2,1955-08-13,1840,2,B,1980-06-30,2,Unknown,10,10207,,0
3051,2,1939-05-11,2317,0,M,1980-08-04,2,Unknown,10,10207,,0
3052,3,1945-04-16,0,0,D,1980-08-08,2,Unknown,10,10207,,0
3053,2,1943-03-14,0,0,M,1980-09-10,2,Unknown,10,10207,,0
3054,2,1926-03-29,0,0,A,1980-09-11,0,DV,10,0,1992-06-17,1
3055,2,1945-07-24,0,0,A,1980-09-18,0,DC,21,11307,,0
3056,3,1942-10-02,0,0,A,1980-10-14,0,DV,21,10207,2004-06-04,1
3057,3,1938-08-21,0,0,M,1980-11-26,2,Unknown,10,10107,,0
3058,3,1941-12-11,0,0,D,1980-12-11,2,Unknown,10,10307,,0
3059,3,1948-10-05,4238,1,B,1981-01-07,2,Unknown,10,18707,,0
3060,2,1933-11-03,0,0,A,1981-01-23,2,Unknown,10,10207,,0
3061,2,1949-03-21,0,0,D,1981-02-11,2,Unknown,10,18707,,0
3062,3,1922-03-16,0,0,M,1981-02-26,2,Unknown,10,10107,,0
3063,2,1938-10-20,0,0,A,1981-04-29,0,DC,10,10207,,0
3064,3,1941-10-15,2811,0,M,1981-05-07,2,Unknown,10,10107,,0
3065,2,1951-11-20,0,0,A,1981-05-15,0,DA,10,0,1994-07-12,1
3066,2,1946-12-07,0,0,A,1981-06-30,0,Unknown,10,11307,,0
3067,3,1955-06-10,0,2,M,1981-07-09,2,Unknown,10,10207,,0
3068,4,1951-01-26,0,0,C,1981-07-15,0,DC,10,11307,,0
3069,3,1953-08-16,4200,1,S,1981-09-04,2,Unknown,10,10107,,0
3070,2,1937-06-29,0,0,C,1981-11-17,2,Unknown,10,13507,,0
3071,3,1948-08-13,0,0,D,1981-11-20,2,Unknown,10,10107,,0
3072,4,1960-01-15,2488,0,C,1981-11-26,0,Unknown,10,11307,,0
3073,2,1926-12-06,0,0,C,1982-01-22,2,Unknown,10,13807,,0
3074,1,,0,0,A,1982-04-19,0,Unknown,61,11307,,0
3075,2,1954-05-23,0,0,A,1982-01-29,0,DC,10,10107,,0
3076,4,1952-10-10,2644,0,C,1982-04-27,2,Unknown,10,10207,,0
3077,3,1955-07-20,0,2,M,1982-06-21,2,Unknown,10,10107,,0
3078,2,1953-06-20,0,0,A,1982-06-30,0,DV,21,13907,1997-12-10,1
3079,2,1949-09-17,1524,1,M,1982-09-06,2,Unknown,10,10107,,0
3080,3,1949-01-02,0,0,C,1982-10-04,2,Unknown,10,10507,,0
3081,4,1952-12-14,2459,0,C,1982-10-13,2,Unknown,10,10207,,0
3082,3,1954-11-26,3172,2,M,1982-10-26,2,Unknown,10,10107,,0
3083,2,1934-05-26,0,0,A,1983-02-28,2,DV,10,10207,1995-03-22,1
3084,1,,0,0,A,1983-03-31,0,Unknown,50,0,,0
3085,3,1953-08-17,0,0,A,1983-04-21,0,Unknown,10,10207,,0
3086,3,1939-04-01,0,0,D,1983-05-18,2,Unknown,10,10307,,0
3087,3,1953-05-24,0,0,A,1983-05-17,0,Unknown,10,10307,,0
3088,3,1937-03-15,0,0,M,1983-06-02,2,Unknown,10,10307,,0
3089,2,1943-11-25,0,0,A,1983-06-14,0,Unknown,10,11307,,0
3090,3,1950-02-09,0,0,M,1983-08-05,2,Unknown,10,10107,,0
3091,4,1960-11-01,0,0,C,1983-10-24,0,Unknown,10,10307,,0
3092,3,1934-08-21,0,0,M,1983-10-26,2,Unknown,10,18707,,0
3093,4,1961-02-13,0,0,C,1983-11-21,0,Unknown,10,11307,,0
3094,2,1939-08-06,0,0,M,1983-12-02,2,Unknown,10,10107,,0
3095,4,1955-05-16,0,0,C,1983-12-09,0,Unknown,10,11307,,0
3096,2,1921-01-05,0,0,V,1979-01-22,2,Unknown,10,10107,,0
3097,4,1927-12-28,0,0,C,1979-12-26,0,Unknown,10,10107,,0
3098,3,1940-02-06,2190,0,D,1980-03-31,0,Unknown,10,11307,,0
3099,2,1936-01-07,0,0,M,1980-05-06,2,Unknown,10,10107,,0
3100,2,1948-01-15,1655,1,M,1980-07-07,2,Unknown,10,12607,,0
3101,2,1948-03-17,2784,0,D,1981-01-12,2,Unknown,10,10107,,0
3102,2,1956-11-25,3100,1,U,1981-03-02,2,Unknown,10,10107,,0
3103,4,1951-01-04,0,0,C,1981-04-23,2,Unknown,10,10107,,0
3104,2,1946-12-14,0,0,M,1981-04-28,2,Unknown,10,10107,,0
3105,3,1941-12-23,0,0,A,1981-06-01,0,Unknown,10,11307,,0
3106,2,1939-12-17,0,0,A,1981-06-16,0,Unknown,10,0,,0
3107,3,1936-01-09,0,0,M,1981-07-08,2,Unknown,10,10107,,0
3108,2,1957-11-18,0,0,C,1981-07-21,0,Unknown,10,11307,,0
3109,3,1950-09-24,0,2,D,1981-07-31,2,Unknown,10,10107,,0
3110,3,1947-06-24,3240,0,M,1981-09-11,2,Unknown,10,10107,,0
3111,3,1944-04-22,0,0,A,1981-09-21,0,DC,10,11307,,0
3112,2,1949-08-20,3064,4,B,1981-09-21,2,Unknown,10,10107,,0
3113,2,1954-06-22,2286,1,M,1981-10-19,2,Unknown,10,15607,,0
3114,4,1951-02-01,0,0,C,1981-11-13,0,Unknown,10,10107,,0
3115,3,1928-08-14,0,0,A,1981-11-20,0,Unknown,10,10107,,0
3116,3,1954-10-22,0,2,U,1982-02-09,2,Unknown,10,10107,,0
3117,3,1933-07-11,1800,0,M,1982-03-24,2,Unknown,10,10107,,0
3118,2,1939-09-28,0,0,M,1982-08-24,2,Unknown,10,10107,,0
3119,4,1954-10-14,1736,1,C,1982-11-04,2,Unknown,10,10107,,0
3120,3,1938-07-20,1928,0,B,1983-06-29,2,Unknown,10,11307,,0
3121,2,1947-10-01,0,0,C,1983-08-05,2,Unknown,10,10107,,0
3122,3,1933-11-05,0,0,A,1983-08-19,0,Unknown,10,11307,,0
3123,3,1923-01-20,0,0,A,1983-11-07,0,Unknown,10,11307,,0
3124,2,1952-08-09,0,0,A,1979-03-23,0,Unknown,10,11307,,0
3125,2,1957-05-13,0,0,A,1979-04-09,0,Unknown,10,11307,,0
3126,4,1955-09-30,0,0,C,1979-09-24,2,Unknown,10,12779,,0
3127,2,1952-12-09,3031,3,M,1979-12-04,2,Unknown,10,12779,,0
3128,2,1948-06-30,0,0,A,1979-12-04,2,DC,10,0,1993-04-07,1
3129,2,1934-05-02,0,0,A,1980-05-07,0,DC,10,0,,0
3130,2,1945-07-28,2945,0,D,1980-06-16,2,Unknown,10,12779,,0
3131,2,1950-06-26,0,2,S,1981-02-12,2,Unknown,10,12779,,0
3132,3,1946-01-20,3016,3,M,1981-02-23,2,Unknown,10,10107,,0
3133,4,1979-10-28,0,0,C,1981-05-18,0,Unknown,21,11307,,0
3134,3,1946-11-27,2055,1,G,1981-06-22,2,Unknown,10,12779,,0
3135,2,1958-11-13,0,0,C,1982-02-16,2,Unknown,10,12779,,0
3136,3,1941-04-09,2639,3,D,1982-02-16,2,Unknown,10,12779,,0
3137,2,1947-02-08,0,0,M,1982-03-08,0,Unknown,10,0,,0
3138,3,1959-01-12,2496,2,D,1982-05-06,2,Unknown,10,12779,,0
3139,2,1954-09-23,2935,3,M,1982-10-21,2,Unknown,10,12779,,0
3140,3,1954-03-30,0,3,M,1983-01-11,2,Unknown,10,12779,,0
3141,3,1945-04-04,0,0,M,1983-05-03,2,Unknown,10,12779,,0
3142,3,1950-02-08,0,0,M,1983-11-23,0,Unknown,10,0,,0
3143,2,1947-11-19,6846,2,U,1984-01-26,2,Unknown,10,12779,,0
3144,2,1953-10-21,0,0,M,1980-11-26,2,Unknown,10,10107,,0
3145,3,1947-05-18,0,0,D,1981-02-10,2,Unknown,10,17807,,0
3146,2,1962-04-10,6073,1,B,1981-02-12,2,Unknown,10,10107,,0
3147,2,1953-07-20,0,0,A,1981-03-17,0,Unknown,10,0,,0
3148,3,1952-09-01,2095,1,D,1981-03-31,2,Unknown,10,10107,,0
3149,3,1952-10-01,0,2,D,1981-05-19,2,Unknown,10,0,,0
3150,4,1957-04-12,0,0,C,1981-07-20,0,Unknown,10,0,,0
3151,3,1942-12-22,4421,0,M,1981-10-26,2,Unknown,10,10107,,0
3152,2,1945-05-18,4558,3,B,1983-01-06,2,Unknown,10,10307,,0
3153,3,1943-08-20,1679,0,M,1982-11-16,2,Unknown,10,10107,,0
3154,4,1962-12-11,4360,1,C,1982-11-15,2,Unknown,10,10107,,0
3155,3,1957-05-26,0,2,M,1982-12-03,0,Unknown,10,10107,,0
3156,2,1936-05-09,0,0,A,1982-12-02,0,Unknown,10,11307,,0
3157,2,1956-01-08,4906,2,M,1982-12-17,2,Unknown,10,10107,,0
3158,2,1933-11-15,0,0,A,1982-12-17,0,Unknown,10,11307,,0
3159,3,1957-09-04,3506,2,D,1983-01-27,0,Unknown,10,0,,0
3160,3,1953-08-11,0,0,A,1983-02-09,0,Unknown,10,0,,0
3161,3,1941-02-13,0,0,U,1983-02-16,2,Unknown,10,10107,,0
3162,3,1927-11-26,0,0,V,1983-03-23,2,Unknown,10,10107,,0
3163,3,1960-09-03,4435,2,D,1983-05-26,2,Unknown,10,10107,,0
3164,2,1955-05-09,0,0,A,1983-11-25,2,DV,10,0,1993-01-13,1
3165,2,1939-10-29,1868,0,D,1983-11-25,2,Unknown,10,10107,,0
3166,3,1962-03-02,0,0,A,1983-12-27,0,Unknown,10,11307,,0
3167,3,1949-08-17,2249,2,E,1984-01-30,2,Unknown,10,10207,,0
3168,2,1956-05-07,0,0,D,1984-01-30,2,Unknown,10,13507,,0
3169,3,1944-07-27,0,0,A,1984-01-30,0,Unknown,10,17807,,0
3170,3,1955-01-25,0,0,M,1984-01-31,2,Unknown,10,18707,,0
3171,2,1951-09-29,0,0,M,1984-01-31,2,Unknown,10,12779,,0
3172,2,1960-07-12,2244,1,D,1984-01-31,2,Unknown,10,10907,,0
3173,2,1961-03-19,0,0,M,1984-02-01,2,Unknown,10,12807,,0
3174,2,1953-03-14,0,0,A,1984-02-01,0,Unknown,10,0,,0
3175,3,1957-02-28,2964,1,C,1984-02-03,2,Unknown,10,16707,,0
3176,2,1954-09-23,0,2,M,1984-02-03,0,DV,21,12607,2004-03-31,1
3177,2,1945-03-14,0,0,A,1984-02-03,0,DV,10,13507,1992-01-29,1
3178,3,1937-10-01,0,0,M,1984-02-06,2,Unknown,10,17807,,0
3179,3,1927-09-26,4996,0,V,1984-02-08,2,Unknown,10,10107,,0
3180,3,1951-02-19,0,0,A,1984-02-09,0,Unknown,10,0,,0
3181,2,1953-06-13,0,3,M,1984-02-13,2,Unknown,10,10507,,0
3182,2,1935-06-12,0,0,A,1984-02-13,0,DC,10,10307,,0
3183,3,1951-10-12,0,0,M,1984-02-14,2,Unknown,10,16707,,0
3184,3,1960-01-31,0,0,M,1984-02-16,2,Unknown,10,16707,,0
3185,4,1947-07-19,0,0,C,1984-02-17,2,Unknown,10,10207,,0
3186,3,1937-11-27,0,0,A,1984-02-17,0,DV,10,0,1994-03-09,1
3187,3,1939-05-08,2500,0,B,1984-02-17,0,Unknown,10,11307,,0
3188,2,1937-02-04,0,0,A,1984-02-21,0,Unknown,10,0,,0
3189,2,1941-06-04,0,0,M,1984-02-21,2,Unknown,10,12607,,0
3190,2,1959-08-01,0,2,M,1984-02-23,2,Unknown,10,13507,,0
3191,3,1953-02-02,2953,0,C,1984-02-23,2,Unknown,10,14607,,0
3192,3,1949-08-25,1830,0,V,1984-02-27,2,Unknown,10,10807,,0
3193,4,1936-12-16,0,0,C,1984-02-27,2,DV,10,15807,1994-02-09,1
3194,3,1953-01-23,0,1,M,1984-02-27,2,Unknown,10,13607,,0
3195,3,1955-07-15,0,2,U,1984-02-28,2,Unknown,10,16707,,0
3196,3,1944-04-18,0,0,M,1984-02-29,2,Unknown,10,13907,,0
3197,2,1943-09-12,0,0,M,1984-02-29,2,Unknown,10,17907,,0
3198,3,1957-04-29,2000,2,M,1984-03-02,2,Unknown,10,16707,,0
3199,2,1955-11-25,3900,2,M,1984-03-02,2,Unknown,10,10107,,0
3200,2,1956-03-22,0,0,A,1984-03-02,0,Unknown,10,0,,0
3201,3,1958-11-09,0,0,M,1984-03-05,2,Unknown,10,13507,,0
3202,3,1945-09-19,0,0,A,1984-03-05,0,Unknown,10,0,,0
3203,3,1939-02-08,0,0,A,1984-03-05,0,DV,21,10907,1997-06-02,1
3204,3,1936-03-21,0,0,M,1984-03-07,2,Unknown,10,18707,,0
3205,2,1962-11-17,0,0,A,1984-03-07,0,Unknown,10,0,,0
3206,4,1957-07-16,2065,1,U,1984-03-07,2,Unknown,10,10607,,0
3207,3,1940-05-18,0,0,A,1984-03-08,0,Unknown,10,0,,0
3208,3,1953-04-06,0,0,A,1984-03-09,0,DC,10,0,1994-10-20,1
3209,2,1938-06-02,0,0,A,1984-03-09,0,Unknown,10,11307,,0
3210,2,1956-09-22,2685,2,D,1984-03-12,2,Unknown,10,17807,,0
3211,3,1961-09-09,1893,1,M,1984-03-12,2,Unknown,10,12607,,0
3212,2,1947-07-17,0,0,A,1984-03-13,0,Unknown,10,0,,0
3213,2,1949-10-01,0,0,M,1984-03-14,0,Unknown,10,0,,0
3214,3,1943-12-26,2800,3,V,1984-03-14,2,Unknown,10,11907,,0
3215,2,1932-10-20,0,0,C,1984-03-21,2,Unknown,10,15707,,0
3216,2,1937-05-05,0,0,M,1984-03-21,2,Unknown,10,17507,,0
3217,4,1961-06-27,1700,1,D,1984-03-21,2,Unknown,10,16707,,0
3218,3,1942-12-07,0,0,M,1984-03-21,2,Unknown,10,10107,,0
3219,3,1930-09-26,0,0,V,1984-03-21,0,DV,21,0,2004-12-02,1
3220,1,,0,0,A,1984-03-21,0,Unknown,50,0,,0
3221,2,1938-09-05,2818,1,G,1984-03-21,2,Unknown,10,15807,,0
3222,3,1958-03-04,0,0,A,1984-03-22,0,Unknown,10,0,,0
3223,3,1944-04-13,0,0,A,1984-03-22,0,Unknown,10,16707,,0
3224,3,1964-10-29,0,3,C,1984-03-26,2,Unknown,10,10107,,0
3225,2,1946-02-20,4326,2,B,1984-03-26,2,Unknown,10,13907,,0
3226,3,1947-10-16,0,0,A,1984-03-30,0,Unknown,10,0,,0
3227,3,1948-01-15,1825,0,D,1984-03-30,2,Unknown,10,17807,,0
3228,2,1952-10-21,0,0,M,1984-03-30,2,Unknown,10,18707,,0
3229,2,1948-07-21,2775,0,M,1984-03-30,2,Unknown,10,10807,,0
3230,3,1926-12-08,0,0,A,1984-04-02,0,Unknown,10,15607,,0
3231,2,1945-05-25,0,0,A,1984-04-02,0,RA,21,0,2006-11-24,1
3232,3,1939-07-26,1800,0,M,1984-04-02,2,Unknown,10,10807,,0
3233,2,1958-11-04,1142,0,D,1984-04-02,2,Unknown,10,16707,,0
3234,3,1960-01-06,0,0,A,1984-04-02,0,DV,21,13907,2001-08-01,1
3235,2,1956-05-13,0,0,M,1984-04-03,2,Unknown,10,15707,,0
3236,2,1958-06-18,1965,2,M,1984-04-04,2,Unknown,10,10307,,0
3237,2,1937-05-14,0,0,A,1984-04-04,0,DV,21,11307,1999-02-15,1
3238,4,1945-11-26,2152,0,C,1984-04-04,0,Unknown,10,11307,,0
3239,3,1948-09-30,1393,3,M,1984-04-04,2,Unknown,10,10307,,0
3240,4,1948-02-26,0,0,C,1984-04-05,2,Unknown,10,11307,,0
3241,2,1941-02-10,0,0,A,1984-04-06,0,Unknown,10,17907,,0
3242,2,1958-08-20,0,0,A,1984-04-06,0,Unknown,10,0,,0
3243,3,1961-04-02,0,0,A,1984-04-06,0,DC,10,0,,0
3244,2,1935-11-15,0,0,A,1984-04-06,0,Unknown,10,0,,0
3245,2,1951-10-06,2271,2,U,1984-04-06,2,Unknown,10,10107,,0
3246,3,1940-05-06,0,0,M,1984-04-06,0,Unknown,10,10107,,0
3247,4,1956-02-07,0,0,C,1984-04-10,0,DC,21,13507,,0
3248,3,1954-09-23,2400,1,M,1984-04-11,2,Unknown,10,11907,,0
3249,2,1954-07-21,0,0,C,1984-04-11,2,Unknown,10,13507,,0
3250,2,1957-04-09,0,0,M,1984-04-11,2,Unknown,10,13507,,0
3251,2,1940-11-29,0,0,A,1984-04-11,0,Unknown,10,0,,0
3252,2,1947-03-30,4226,0,M,1984-04-12,2,Unknown,10,17907,,0
3253,2,1951-07-21,2049,1,G,1984-04-12,2,Unknown,10,13607,,0
3254,4,1956-08-22,0,0,C,1984-04-16,0,Unknown,10,11307,,0
3255,2,1948-05-09,0,0,C,1984-04-16,0,Unknown,10,10207,,0
3256,2,1939-05-05,0,0,A,1984-04-16,0,Unknown,10,0,,0
3257,3,1940-09-10,2543,0,B,1984-04-12,2,Unknown,10,12779,,0
3258,2,1952-01-13,2543,1,U,1984-04-12,2,Unknown,10,12779,,0
3259,2,1962-01-17,0,0,A,1984-04-17,0,Unknown,10,0,,0
3260,2,1951-05-11,0,0,A,1984-04-18,0,Unknown,10,0,,0
3261,3,1962-10-03,0,3,U,1984-04-18,2,Unknown,10,17807,,0
3262,4,1959-12-02,0,0,C,1984-04-18,0,Unknown,10,11307,,0
3263,3,1934-12-14,0,0,D,1984-04-19,2,Unknown,10,18707,,0
3264,3,1939-08-10,0,0,M,1984-04-19,2,Unknown,10,16707,,0
3265,3,1933-06-16,0,0,A,1984-04-24,0,Unknown,10,10207,,0
3266,2,1955-09-18,2060,1,E,1984-04-24,2,Unknown,10,12607,,0
3267,2,1962-12-25,0,0,A,1984-04-24,0,Unknown,10,0,,0
3268,2,1961-12-15,0,0,D,1984-04-25,2,Unknown,10,10807,,0
3269,2,1960-08-02,0,0,A,1984-04-25,0,Unknown,10,0,,0
3270,4,1960-02-09,1887,1,U,1984-04-26,2,Unknown,10,13507,,0
3271,2,1948-07-05,0,0,M,1984-04-26,2,Unknown,10,16707,,0
3272,2,1938-08-27,1275,0,M,1984-04-27,2,Unknown,10,17607,,0
3273,3,1954-08-03,0,0,A,1984-05-02,0,Unknown,10,0,,0
3274,3,1940-07-15,0,0,A,1984-05-03,0,Unknown,10,0,,0
3275,2,1949-09-28,4950,2,B,1984-05-03,2,Unknown,10,13907,,0
3276,2,1946-06-29,0,0,A,1984-05-03,0,Unknown,10,0,,0
3277,2,1956-05-20,2297,2,M,1984-05-04,2,Unknown,10,13907,,0
3278,3,1946-06-15,0,0,M,1984-05-07,2,Unknown,10,16607,,0
3279,3,1942-08-01,0,0,V,1984-05-09,2,Unknown,10,10107,,0
3280,3,1942-04-11,0,0,M,1984-05-09,0,Unknown,10,18707,,0
3281,2,1945-09-07,2900,0,M,1984-05-10,2,Unknown,10,18507,,0
3282,3,1961-02-04,0,1,C,1984-05-10,2,Unknown,10,11307,,0
3283,2,1928-09-03,0,0,C,1984-05-10,0,DC,10,13507,,0
3284,2,1954-02-06,0,0,M,1984-05-14,2,Unknown,10,10807,,0
3285,3,1952-09-02,3802,2,M,1984-05-14,2,Unknown,10,10307,,0
3286,3,1949-01-31,0,0,A,1984-05-15,0,Unknown,10,10907,,0
3287,3,1952-01-29,0,0,M,1984-05-18,2,Unknown,10,16707,,0
3288,2,1949-04-07,0,0,M,1984-05-23,2,Unknown,10,18507,,0
3289,3,1954-07-01,3356,2,U,1984-05-25,2,Unknown,10,12779,,0
3290,2,1957-08-23,0,0,S,1984-06-01,2,Unknown,10,18507,,0
3291,4,1957-07-23,1950,0,C,1984-06-04,2,Unknown,10,10807,,0
3292,2,1950-02-20,0,0,M,1984-06-05,2,Unknown,21,14907,,0
3293,4,1948-06-04,1600,0,C,1984-06-06,2,Unknown,10,15707,,0
3294,3,1962-01-22,0,0,A,1984-06-07,0,Unknown,10,0,,0
3295,2,1931-10-04,0,0,A,1984-06-07,0,Unknown,10,0,,0
3296,2,1965-02-27,0,0,A,1984-06-07,0,DV,10,0,2005-09-23,1
3297,2,1964-02-10,0,0,A,1984-06-14,0,Unknown,10,11907,,0
3298,2,1951-12-26,0,0,A,1984-06-15,0,Unknown,10,17807,,0
3299,3,1954-11-27,0,0,C,1984-06-15,2,Unknown,10,11307,,0
3300,3,1950-04-25,0,0,A,1984-06-15,0,Unknown,10,10907,,0
3301,2,1920-07-08,0,0,M,1984-06-18,2,Unknown,10,15707,,0
3302,2,1955-08-05,1800,2,M,1984-06-18,2,Unknown,10,13607,,0
3303,4,1947-06-15,0,0,C,1984-06-18,0,Unknown,10,18507,,0
3304,2,1946-02-25,2372,0,V,1984-06-05,2,Unknown,10,16707,,0
3305,3,1926-03-27,0,0,A,1984-06-19,0,Unknown,10,14607,,0
3306,4,1946-10-09,0,0,C,1984-06-19,0,Unknown,21,0,,0
3307,3,1951-10-10,0,0,M,1984-06-19,2,Unknown,21,10107,,0
3308,4,1961-02-09,0,2,C,1984-06-21,0,Unknown,10,10307,,0
3309,3,1946-04-20,2845,0,V,1984-06-21,2,Unknown,10,10307,,0
3310,2,1955-03-12,1875,1,A,1984-06-22,0,Unknown,10,11307,,0
3311,2,1960-01-22,2312,1,D,1984-06-25,2,Unknown,10,18707,,0
3312,4,1961-12-23,0,2,C,1984-06-25,2,Unknown,10,10107,,0
3313,3,1961-07-08,2400,2,B,1984-06-26,2,Unknown,10,10207,,0
3314,3,1952-09-01,1531,2,M,1984-06-26,2,Unknown,10,13507,,0
3315,3,1959-04-29,0,0,A,1984-06-27,0,RA,10,0,1995-01-25,1
3316,3,1958-12-30,0,0,A,1984-06-28,0,Unknown,10,0,,0
3317,3,1957-11-05,1620,1,M,1984-06-28,2,Unknown,10,16607,,0
3318,3,1957-02-02,2500,2,B,1984-06-29,2,Unknown,10,10207,,0
3319,3,1953-01-22,2535,1,D,1984-07-02,2,Unknown,10,10207,,0
3320,2,1952-07-14,0,1,M,1984-07-02,2,Unknown,10,10107,,0
3321,4,1958-08-15,2123,1,G,1984-07-02,2,Unknown,10,10107,,0
3322,2,1948-11-05,0,0,C,1984-07-03,2,Unknown,10,16807,,0
3323,3,1958-06-26,2407,0,U,1984-07-03,0,Unknown,10,10307,,0
3324,4,1945-12-01,2132,0,C,1984-07-04,2,Unknown,10,10107,,0
3325,3,1949-09-17,2656,1,M,1984-07-04,0,Unknown,10,11307,,0
3326,3,1927-12-06,0,0,M,1984-07-06,2,Unknown,10,15607,,0
3327,3,1931-02-24,0,0,A,1984-07-10,0,Unknown,10,0,,0
3328,2,1946-06-24,3721,0,D,1984-07-10,2,Unknown,10,11307,,0
3329,3,1951-08-01,1093,2,G,1984-07-10,2,Unknown,10,10107,,0
3330,3,1936-09-26,0,0,A,1984-07-11,0,DC,10,10207,,0
3331,2,1957-11-01,0,0,A,1984-07-11,0,Unknown,21,0,,0
3332,2,1947-12-05,6262,1,C,1984-07-12,2,Unknown,10,10207,,0
3333,3,1947-04-07,0,0,M,1984-07-16,2,Unknown,10,10807,,0
3334,2,1942-01-12,0,0,A,1984-07-16,0,Unknown,10,10107,,0
3335,2,1935-12-19,0,0,B,1984-07-19,2,Unknown,10,12607,,0
3336,2,1936-11-03,0,0,A,1984-07-20,0,Unknown,10,0,,0
3337,2,1948-09-07,0,0,A,1984-07-24,0,Unknown,10,0,,0
3338,2,1952-03-05,1725,3,M,1984-07-24,2,Unknown,10,10107,,0
3339,3,1958-07-05,0,0,M,1984-07-24,2,Unknown,10,10207,,0
3340,3,1945-03-10,0,0,A,1984-07-24,0,Unknown,10,11307,,0
3341,3,1924-01-16,0,0,M,1984-07-25,2,Unknown,10,17907,,0
3342,3,1942-11-28,0,0,A,1984-07-26,0,Unknown,10,13807,,0
3343,4,1959-02-27,2300,1,U,1984-07-26,2,Unknown,10,17907,,0
3344,3,1945-05-11,0,0,A,1984-07-27,0,DC,21,12607,,0
3345,2,1939-11-06,2500,0,M,1984-07-30,2,Unknown,10,18707,,0
3346,2,1950-06-05,2220,2,M,1984-07-30,2,Unknown,10,10107,,0
3347,2,1949-06-11,0,0,A,1984-07-30,0,Unknown,10,11307,,0
3348,3,1953-03-19,2307,2,M,1984-07-30,2,Unknown,10,10107,,0
3349,4,1956-08-02,0,0,C,1984-08-01,0,Unknown,10,0,,0
3350,3,1923-09-08,0,0,M,1984-08-01,2,Unknown,10,13507,,0
3351,2,1926-08-31,0,0,V,1984-08-02,0,DC,21,17807,,0
3352,4,1959-08-18,1795,2,U,1984-08-02,0,Unknown,10,0,,0
3353,3,1954-10-24,0,0,A,1984-08-03,0,Unknown,10,0,,0
3354,3,1953-01-16,1920,0,G,1984-08-03,2,Unknown,10,13507,,0
3355,2,1948-03-15,0,0,A,1984-08-06,2,DV,10,0,1993-11-17,1
3356,2,1960-02-11,0,0,A,1984-08-07,0,Unknown,10,12607,,0
3357,4,1952-09-07,0,0,C,1984-08-07,2,Unknown,10,10207,,0
3358,3,1936-03-03,0,0,M,1984-08-07,2,Unknown,10,10107,,0
3359,1,,0,0,A,1984-08-07,4,Unknown,50,10207,,0
3360,2,1928-12-25,0,0,M,1984-08-07,2,Unknown,10,10107,,0
3361,3,1956-09-27,0,2,M,1984-08-08,2,Unknown,10,10307,,0
3362,3,1947-05-27,0,0,C,1984-08-13,2,Unknown,10,11307,,0
3363,3,1952-07-16,0,0,M,1984-08-17,2,Unknown,10,16807,,0
3364,3,1958-03-19,1880,1,M,1984-08-17,2,Unknown,10,15807,,0
3365,3,1939-09-05,0,0,A,1984-08-28,0,Unknown,10,11307,,0
3366,3,1954-02-09,0,0,A,1984-08-30,0,Unknown,10,0,,0
3367,2,1949-07-31,3046,2,E,1984-08-31,2,Unknown,10,11907,,0
3368,2,1964-10-03,1905,3,M,1984-09-03,2,Unknown,10,10807,,0
3369,2,1957-04-07,0,2,M,1984-09-03,2,Unknown,10,13507,,0
3370,2,1935-11-09,0,0,A,1984-09-04,0,Unknown,10,0,,0
3371,2,1965-04-16,0,0,A,1984-09-05,0,Unknown,10,11307,,0
3372,3,1947-07-29,2259,2,G,1984-09-05,2,Unknown,10,10107,,0
3373,3,1954-05-02,2100,1,S,1984-09-06,2,Unknown,10,10807,,0
3374,2,1925-02-24,0,0,A,1984-09-06,0,DV,21,10207,2001-07-19,1
3375,4,1958-01-20,0,0,C,1984-09-06,0,DC,10,10107,,0
3376,1,,0,0,A,1984-09-10,0,Unknown,61,17807,,0
3377,2,1927-07-04,0,0,A,1984-09-11,0,Unknown,10,11307,,0
3378,3,1950-10-06,2080,2,M,1984-09-11,2,Unknown,10,10907,,0
3379,4,1949-05-05,0,0,C,1984-09-11,0,Unknown,10,0,,0
3380,3,1950-01-25,2600,0,C,1984-09-11,2,Unknown,10,10107,,0
3381,3,1943-07-31,1743,0,M,1984-09-12,2,Unknown,10,11907,,0
3382,3,1953-09-02,0,0,B,1984-09-10,2,Unknown,10,12779,,0
3383,2,1950-01-03,0,0,A,1984-09-14,2,DC,10,10107,,0
3384,3,1950-08-04,0,0,A,1984-09-17,0,Unknown,10,16707,,0
3385,2,1948-06-11,0,0,M,1984-09-19,2,Unknown,10,17807,,0
3386,3,1960-07-11,3100,2,M,1984-09-20,2,Unknown,10,17907,,0
3387,3,1945-03-05,0,0,A,1984-09-21,0,Unknown,10,0,,0
3388,3,1953-01-27,2935,1,M,1984-09-21,2,Unknown,10,10107,,0
3389,2,1929-03-15,0,0,A,1984-09-25,0,DC,10,18707,,0
3390,3,1944-01-27,0,0,A,1984-09-25,0,Unknown,10,11307,,0
3391,2,1938-08-18,0,0,M,1984-09-27,2,Unknown,10,11907,,0
3392,3,1926-08-17,0,0,M,1984-10-01,0,Unknown,10,17807,,0
3393,3,1958-09-04,0,0,M,1984-10-01,2,Unknown,10,15707,,0
3394,3,1930-11-27,0,0,M,1984-10-01,2,Unknown,21,10107,,0
3395,3,1955-03-14,1671,2,D,1984-10-01,2,Unknown,10,13507,,0
3396,4,1951-10-06,2200,1,C,1984-10-05,2,Unknown,10,10307,,0
3397,2,1928-01-26,0,0,A,1984-10-10,0,Unknown,10,0,,0
3398,3,1938-09-08,0,0,A,1984-10-11,0,Unknown,10,0,,0
3399,3,1963-10-31,0,0,M,1984-10-11,2,Unknown,10,17807,,0
3400,2,1956-03-26,3200,3,M,1984-10-12,2,Unknown,10,18507,,0
3401,3,1945-07-23,0,0,A,1984-10-12,0,DC,21,0,,0
3402,3,1949-03-30,0,0,A,1984-10-15,0,Unknown,10,0,,0
3403,2,1934-08-09,0,0,M,1984-10-16,2,Unknown,10,12607,,0
3404,2,1937-04-05,0,0,M,1984-10-17,2,Unknown,10,14707,,0
3405,3,1934-03-02,0,0,M,1984-10-17,2,Unknown,10,12807,,0
3406,3,1948-04-25,0,0,M,1984-10-17,2,Unknown,10,10907,,0
3407,3,1949-07-25,0,0,A,1984-10-17,0,Unknown,10,0,,0
3408,2,1963-06-29,15244,0,M,1984-10-17,2,Unknown,10,10107,,0
3409,3,1937-07-23,1285,2,M,1984-10-19,2,Unknown,10,12807,,0
3410,3,1950-03-23,1774,0,M,1984-10-22,2,Unknown,10,16807,,0
3411,2,1954-05-01,0,0,C,1984-10-24,2,Unknown,10,10107,,0
3412,2,1959-06-30,0,0,M,1984-10-25,2,Unknown,10,16807,,0
3413,2,1961-12-01,0,0,S,1984-10-25,2,Unknown,10,10307,,0
3414,2,1947-11-28,0,0,A,1984-10-25,0,Unknown,10,0,,0
3415,2,1946-11-20,1562,2,M,1984-10-25,2,Unknown,10,10207,,0
3416,4,1963-05-13,0,0,C,1984-10-25,2,Unknown,10,16707,,0
3417,2,1948-10-25,0,1,M,1984-10-26,2,Unknown,10,10207,,0
3418,2,1960-03-28,0,0,C,1984-10-29,2,Unknown,10,13507,,0
3419,3,1951-10-15,0,0,C,1984-10-29,0,Unknown,10,13507,,0
3420,3,1950-05-09,0,0,D,1984-10-29,2,Unknown,10,16707,,0
3421,3,1945-07-06,0,0,M,1984-10-29,2,Unknown,10,10107,,0
3422,2,1952-09-25,0,0,A,1984-10-29,0,DC,21,10107,,0
3423,2,1942-01-14,2439,0,D,1984-10-30,0,DC,10,10307,,0
3424,2,1959-04-28,2240,2,M,1984-10-30,2,Unknown,10,10807,,0
3425,4,1963-11-27,0,0,C,1984-10-30,2,Unknown,10,14707,,0
3426,2,1951-05-04,2137,1,M,1984-10-31,2,Unknown,10,13607,,0
3427,4,1954-08-12,0,0,C,1984-11-05,2,Unknown,10,13507,,0
3428,3,1962-07-09,0,0,A,1984-11-05,0,Unknown,10,0,,0
3429,3,1938-03-24,0,0,A,1984-11-05,0,Unknown,10,0,,0
3430,3,1957-02-20,0,0,C,1984-11-05,0,Unknown,10,0,,0
3431,2,1961-02-21,0,0,A,1984-11-06,0,Unknown,10,10307,,0
3432,3,1925-06-28,0,0,A,1984-11-06,0,Unknown,10,11307,,0
3433,3,1952-03-11,0,1,M,1984-11-07,2,Unknown,10,16607,,0
3434,3,1942-03-10,0,1,C,1984-11-07,2,Unknown,10,10107,,0
3435,3,1954-07-04,2300,0,M,1984-11-07,2,Unknown,10,14707,,0
3436,4,1962-11-11,0,0,C,1984-11-07,2,Unknown,10,14607,,0
3437,3,1962-09-20,1606,3,M,1984-11-07,2,Unknown,10,13607,,0
3438,4,1954-04-26,0,0,C,1984-11-08,0,Unknown,10,17807,,0
3439,3,1949-12-04,4094,0,D,1984-11-13,2,Unknown,10,12607,,0
3440,3,1963-08-10,0,4,M,1984-11-14,2,Unknown,10,12807,,0
3441,4,1960-07-02,0,2,U,1984-11-14,2,Unknown,10,10107,,0
3442,4,1962-03-12,2201,0,C,1984-11-14,2,Unknown,10,10107,,0
3443,2,1947-02-18,0,2,M,1984-11-15,2,Unknown,10,13507,,0
3444,4,1961-02-24,0,0,C,1984-11-15,0,Unknown,10,10107,,0
3445,3,1945-08-04,1668,0,B,1984-11-16,2,Unknown,10,10607,,0
3446,3,1943-02-12,0,0,A,1984-11-16,0,Unknown,10,0,,0
3447,2,1947-05-26,0,0,A,1984-11-16,0,Unknown,10,0,,0
3448,3,1932-03-08,0,0,A,1984-11-16,0,Unknown,10,0,,0
3449,2,1956-03-26,0,0,A,1984-11-20,0,Unknown,10,11307,,0
3450,2,1958-10-19,1536,2,M,1984-11-21,2,Unknown,10,10807,,0
3451,3,1950-03-15,0,0,M,1984-11-21,2,Unknown,10,0,,0
3452,3,1952-09-08,0,0,A,1984-11-21,0,Unknown,10,0,,0
3453,3,1946-02-23,0,0,V,1984-11-22,2,Unknown,10,17907,,0
3454,3,1956-12-20,0,0,A,1984-11-22,0,Unknown,10,0,,0
3455,2,1928-12-17,0,0,A,1984-11-22,0,DC,10,17807,,0
3456,3,1946-04-20,1774,0,D,1984-11-23,2,Unknown,10,10307,,0
3457,3,1948-08-06,0,0,A,1984-11-23,0,Unknown,10,14907,,0
3458,2,1946-05-01,0,0,A,1984-11-26,0,Unknown,10,11307,,0
3459,3,1941-03-21,0,0,A,1984-11-26,0,Unknown,10,0,,0
3460,3,1945-09-12,0,0,M,1984-11-26,2,Unknown,10,14907,,0
3461,3,1959-04-01,2287,3,M,1984-11-26,2,Unknown,10,17907,,0
3462,2,1960-06-29,0,0,M,1984-11-27,2,Unknown,10,13607,,0
3463,2,1955-09-28,0,0,A,1984-11-27,0,Unknown,21,14707,,0
3464,3,1959-01-08,5255,1,E,1984-11-28,2,Unknown,10,15807,,0
3465,2,1947-09-10,2162,0,G,1984-11-28,2,Unknown,10,10907,,0
3466,3,1961-01-19,1615,2,M,1984-11-29,2,Unknown,10,10307,,0
3467,3,1948-01-18,0,0,M,1984-11-29,2,Unknown,10,18707,,0
3468,2,1958-08-26,0,0,M,1984-11-29,2,Unknown,10,10307,,0
3469,2,1951-10-31,0,0,U,1984-11-29,2,Unknown,10,10307,,0
3470,2,1947-04-23,0,0,A,1984-11-30,2,DC,10,0,1992-09-16,1
3471,3,1962-08-27,1723,1,M,1984-12-03,2,Unknown,10,14907,,0
3472,2,1953-05-05,3137,2,C,1984-12-03,2,Unknown,10,14607,,0
3473,3,1914-08-14,0,0,A,1984-12-03,0,DC,10,10607,,0
3474,2,1948-07-04,0,0,A,1984-12-04,0,Unknown,10,0,,0
3475,3,1960-04-21,0,0,C,1984-12-05,2,Unknown,10,0,,0
3476,4,1954-08-27,0,0,C,1984-12-05,0,Unknown,10,0,,0
3477,3,1958-03-01,0,0,A,1984-12-05,0,Unknown,10,10907,,0
3478,2,1954-03-01,0,0,A,1984-12-06,0,Unknown,10,11307,,0
3479,2,1960-10-02,4905,2,M,1984-12-07,2,Unknown,10,10107,,0
3480,3,1939-06-18,0,0,A,1984-12-07,0,DC,10,10107,,0
3481,3,1943-02-03,3500,0,V,1984-12-07,0,Unknown,10,16707,,0
3482,3,1932-08-30,0,0,M,1984-12-10,2,Unknown,10,10207,,0
3483,3,1954-01-07,0,0,A,1984-12-11,0,Unknown,10,0,,0
3484,3,1936-10-03,0,0,M,1984-12-11,0,DV,21,13607,2002-07-15,1
3485,3,1949-05-26,0,0,M,1984-12-12,2,Unknown,10,18507,,0
3486,3,1963-12-27,0,3,M,1984-12-12,2,Unknown,10,17907,,0
3487,3,1957-01-24,3600,2,G,1984-12-12,2,Unknown,10,10107,,0
3488,2,1958-12-29,2700,3,A,1984-12-12,0,Unknown,10,13507,,0
3489,4,1938-04-22,2302,0,C,1984-12-12,0,DC,21,0,,0
3490,2,1965-11-22,2405,4,D,1984-12-14,2,Unknown,10,10807,,0
3491,2,1929-07-24,0,0,M,1984-12-14,2,Unknown,10,14707,,0
3492,1,,0,0,A,1984-12-14,0,Unknown,50,10507,,0
3493,3,1958-02-26,0,0,A,1984-12-14,0,Unknown,10,11307,,0
3494,2,1959-10-15,0,0,A,1984-12-14,2,DV,10,17807,1994-02-23,1
3495,2,1928-01-16,1809,0,M,1984-12-14,0,DC,10,10107,,0
3496,3,1932-03-22,0,0,A,1984-12-17,0,DC,10,17907,,0
3497,4,1961-10-15,2714,2,U,1984-12-17,2,Unknown,10,12607,,0
3498,3,1951-03-10,1789,0,E,1984-12-17,2,Unknown,10,13907,,0
3499,3,1949-03-23,0,0,S,1984-12-18,2,Unknown,10,12607,,0
3500,3,1960-08-10,0,1,U,1984-12-18,0,Unknown,10,12807,,0
3501,2,1951-01-04,1834,2,M,1984-12-18,2,Unknown,10,13607,,0
3502,2,1953-03-29,2787,1,M,1984-12-19,2,Unknown,10,16807,,0
3503,2,1964-07-10,2674,2,E,1984-12-19,2,Unknown,10,10907,,0
3504,3,1963-11-05,0,0,M,1984-12-19,2,Unknown,10,10107,,0
3505,3,1955-06-18,2136,0,B,1984-12-20,2,Unknown,10,13607,,0
3506,2,1944-07-06,1864,0,M,1984-12-20,2,Unknown,10,13807,,0
3507,2,1963-04-29,0,0,M,1984-12-27,2,Unknown,10,12607,,0
3508,3,1959-12-01,0,0,M,1984-12-27,2,Unknown,10,17807,,0
3509,2,1947-05-25,0,0,A,1984-12-27,0,Unknown,10,11607,,0
3510,3,1958-02-15,3071,2,M,1984-12-28,2,Unknown,10,10907,,0
3511,2,1956-02-12,0,0,A,1984-12-28,0,Unknown,10,0,,0
3512,2,1962-03-30,0,0,A,1985-01-02,0,RA,10,0,1994-05-11,1
3513,3,1955-07-25,1660,2,B,1985-01-03,2,Unknown,10,13807,,0
3514,4,1955-10-11,0,0,C,1985-01-03,2,Unknown,10,10107,,0
3515,2,1954-11-21,0,0,A,1985-01-04,0,Unknown,10,0,,0
3516,2,1960-02-20,4610,0,D,1985-01-07,2,Unknown,10,13907,,0
3517,2,1949-03-01,3232,2,C,1985-01-04,2,Unknown,10,12779,,0
3518,2,1954-07-09,0,2,M,1985-01-04,2,Unknown,10,12779,,0
3519,4,1961-04-03,0,0,C,1985-01-08,0,Unknown,10,12607,,0
3520,3,1948-04-14,0,0,M,1985-01-08,2,Unknown,10,16707,,0
3521,3,1944-09-26,0,0,A,1985-01-07,0,DV,21,16707,2001-02-22,1
3522,2,1944-10-19,2200,0,M,1985-01-11,2,Unknown,10,14607,,0
3523,2,1938-12-26,0,0,M,1985-01-14,2,Unknown,10,10307,,0
3524,3,1953-10-23,0,0,V,1985-01-14,2,Unknown,10,10307,,0
3525,2,1963-06-11,4137,2,M,1985-01-14,2,Unknown,10,16707,,0
3526,3,1962-10-09,2838,3,F,1985-01-14,2,Unknown,10,16707,,0
3527,3,1964-12-22,1895,1,M,1985-01-15,2,Unknown,10,13507,,0
3528,2,1950-08-24,1646,3,M,1985-01-15,2,Unknown,10,10307,,0
3529,2,1944-09-15,0,0,A,1985-01-15,0,DC,10,11307,,0
3530,3,1952-09-24,2843,2,M,1985-01-16,2,Unknown,10,14607,,0
3531,4,1960-12-09,0,0,C,1985-01-17,0,Unknown,10,11307,,0
3532,2,1940-08-18,2188,0,M,1985-01-21,2,Unknown,10,17507,,0
3533,3,1936-08-05,2230,2,D,1985-01-21,2,Unknown,10,12779,,0
3534,2,1946-06-17,0,0,A,1985-01-21,0,Unknown,10,14607,,0
3535,2,1939-11-28,0,0,A,1985-01-22,0,Unknown,10,0,,0
3536,3,1953-04-27,0,0,A,1985-01-24,2,DV,10,14607,1995-01-18,1
3537,3,1937-10-28,2025,0,D,1985-01-25,2,Unknown,10,10907,,0
3538,2,1939-06-13,3048,0,M,1985-01-28,2,Unknown,10,10907,,0
3539,2,1947-08-15,0,0,M,1985-01-28,2,Unknown,10,15707,,0
3540,3,1952-12-26,0,0,A,1985-01-28,0,Unknown,10,10207,,0
3541,2,1955-03-02,0,0,A,1985-01-29,0,Unknown,10,18507,,0
3542,2,1957-09-17,0,0,M,1985-01-29,2,Unknown,10,18507,,0
3543,3,1961-05-26,0,0,M,1985-01-29,2,Unknown,10,10807,,0
3544,2,1943-10-01,2150,1,M,1985-01-29,2,Unknown,10,14907,,0
3545,3,1936-08-31,0,0,A,1985-01-29,0,Unknown,10,0,,0
3546,2,1952-07-29,0,0,A,1985-01-28,0,Unknown,10,11307,,0
3547,2,1960-12-01,0,0,M,1985-01-30,2,Unknown,10,13507,,0
3548,2,1952-04-20,1200,1,M,1985-01-30,0,Unknown,10,16807,,0
3549,3,1960-07-24,0,0,M,1985-01-30,2,Unknown,10,14607,,0
3550,2,1949-12-12,0,0,S,1985-01-30,2,Unknown,10,16807,,0
3551,4,1950-08-02,0,0,C,1985-02-04,2,Unknown,10,14607,,0
3552,2,1946-03-04,0,2,M,1985-02-04,2,Unknown,10,10107,,0
3553,2,1955-03-13,1785,2,M,1985-02-04,2,Unknown,10,18707,,0
3554,2,1944-10-04,0,0,A,1985-02-04,0,Unknown,10,0,,0
3555,3,1955-04-26,0,4,M,1985-02-04,2,Unknown,10,11307,,0
3556,4,1951-11-06,0,0,C,1985-02-04,0,Unknown,10,0,,0
3557,3,1949-06-28,0,0,M,1985-02-01,2,Unknown,10,11307,,0
3558,3,1953-05-19,3204,2,D,1985-02-05,0,Unknown,10,15807,,0
3559,3,1950-01-22,1700,1,M,1985-02-05,2,Unknown,10,16707,,0
3560,3,1939-10-18,0,0,A,1985-02-07,0,Unknown,10,0,,0
3561,2,1958-01-01,0,0,M,1985-02-08,0,Unknown,10,13507,,0
3562,2,1935-12-10,0,0,A,1985-02-08,0,Unknown,10,0,,0
3563,3,1953-05-24,1692,1,G,1985-02-11,2,Unknown,10,10207,,0
3564,2,1957-06-04,0,0,A,1985-02-11,0,Unknown,10,0,,0
3565,2,1952-12-20,0,2,M,1985-02-12,0,Unknown,10,11307,,0
3566,2,1962-01-15,3146,2,U,1985-02-13,2,Unknown,10,13907,,0
3567,4,1955-06-07,0,0,C,1985-02-14,0,Unknown,10,17807,,0
3568,3,1953-06-30,0,0,D,1985-02-14,0,Unknown,10,10307,,0
3569,1,,0,0,A,1985-02-14,4,Unknown,50,10107,,0
3570,2,1952-07-27,1949,1,U,1985-02-14,0,DC,10,10107,,0
3571,2,1948-04-18,2673,1,M,1985-02-15,0,Unknown,10,13507,,0
3572,2,1958-06-05,0,0,M,1985-02-18,2,Unknown,10,10307,,0
3573,2,1953-03-31,0,0,A,1985-02-18,0,Unknown,10,0,,0
3574,3,1955-11-11,2134,2,M,1985-02-19,2,Unknown,10,10107,,0
3575,2,1946-07-03,1691,0,E,1985-02-20,2,Unknown,10,16707,,0
3576,2,1958-02-22,0,0,A,1985-02-20,0,Unknown,10,0,,0
3577,3,1963-09-16,0,0,M,1985-02-21,2,Unknown,10,18507,,0
3578,2,1939-09-17,0,0,M,1985-02-21,0,DC,21,13807,,0
3579,3,1954-05-08,0,2,M,1985-02-22,2,Unknown,10,15707,,0
3580,4,1953-10-31,0,0,C,1985-02-22,0,Unknown,10,13507,,0
3581,2,1959-09-16,0,0,A,1985-02-22,0,Unknown,10,11307,,0
3582,2,1951-02-03,2200,0,M,1985-02-25,2,Unknown,10,10107,,0
3583,3,1949-04-12,5409,1,M,1985-02-26,2,Unknown,10,10307,,0
3584,2,1939-07-25,0,0,A,1985-02-26,2,DC,10,0,1992-01-08,1
3585,2,1950-12-18,2912,3,M,1985-02-27,2,Unknown,10,10907,,0
3586,3,1950-09-20,1771,0,C,1985-02-27,2,Unknown,10,18707,,0
3587,4,1963-03-02,0,1,C,1985-02-26,2,Unknown,10,10107,,0
3588,3,1952-11-01,0,1,M,1985-03-06,2,Unknown,10,10107,,0
3589,3,1953-05-31,2300,1,E,1985-03-06,2,Unknown,10,10107,,0
3590,3,1954-12-04,0,0,A,1985-03-07,0,Unknown,10,0,,0
3591,3,1945-04-18,0,0,M,1985-03-07,2,Unknown,10,10107,,0
3592,2,1952-12-23,0,0,A,1985-03-07,0,DV,21,10307,2004-08-30,1
3593,3,1958-02-12,0,0,M,1985-03-07,2,Unknown,10,0,,0
3594,2,1942-09-14,0,0,A,1985-03-07,0,Unknown,10,11307,,0
3595,3,1961-01-22,1990,2,V,1985-03-11,2,Unknown,10,17907,,0
3596,3,1952-10-03,0,0,D,1985-03-11,2,Unknown,10,11907,,0
3597,3,1950-01-28,0,0,M,1985-03-08,2,Unknown,10,14707,,0
3598,3,1943-11-10,0,0,M,1985-03-13,0,DV,21,13907,2005-01-04,1
3599,3,1951-06-25,1400,0,D,1985-03-14,0,Unknown,10,12807,,0
3600,2,1953-03-05,0,0,M,1985-03-14,2,Unknown,10,12807,,0
3601,3,1948-10-10,1940,2,M,1985-03-14,2,Unknown,10,10107,,0
3602,3,1950-10-24,2172,0,C,1985-03-14,2,Unknown,10,10107,,0
3603,2,1948-01-22,0,0,M,1985-03-15,2,Unknown,10,10807,,0
3604,3,1952-11-20,0,0,C,1985-03-15,2,Unknown,10,17807,,0
3605,3,1950-04-25,0,0,M,1985-03-18,0,Unknown,10,11307,,0
3606,3,1949-04-23,0,0,M,1985-03-18,2,Unknown,10,13807,,0
3607,4,1951-08-30,0,0,C,1985-03-21,0,Unknown,10,0,,0
3608,3,1960-04-16,0,0,A,1985-03-21,0,Unknown,10,15807,,0
3609,2,1953-11-13,0,0,A,1985-03-21,0,Unknown,10,0,,0
3610,3,1929-03-22,0,0,A,1985-03-22,0,DC,10,17907,,0
3611,2,1927-10-18,0,0,M,1985-03-22,0,DC,10,10207,,0
3612,3,1938-10-25,0,0,A,1985-03-22,0,Unknown,10,13607,,0
3613,3,1963-01-14,0,0,C,1985-03-22,2,Unknown,10,10107,,0
3614,3,1953-06-30,0,0,C,1985-03-25,2,Unknown,10,15707,,0
3615,3,1948-11-22,0,0,M,1985-03-26,2,Unknown,10,10607,,0
3616,2,1950-01-10,0,0,A,1985-03-28,0,Unknown,10,10107,,0
3617,2,1937-01-08,0,0,A,1985-03-29,0,Unknown,10,0,,0
3618,3,1948-08-16,2378,2,D,1985-04-01,2,Unknown,10,16807,,0
3619,3,1931-03-31,0,0,M,1985-04-03,2,Unknown,10,14907,,0
3620,3,1954-06-16,0,0,A,1985-04-03,0,Unknown,10,0,,0
3621,2,1928-11-29,0,0,A,1985-04-04,0,Unknown,10,10907,,0
3622,2,1936-01-23,0,0,C,1985-04-04,2,Unknown,10,10207,,0
3623,3,1952-09-03,0,0,A,1985-04-05,0,DC,10,0,1994-01-26,1
3624,2,1950-11-25,1959,2,C,1985-04-09,0,Unknown,10,18707,,0
3625,3,1955-10-07,0,0,M,1985-04-09,2,Unknown,10,17507,,0
3626,3,1947-04-21,0,0,A,1985-04-10,0,Unknown,10,11307,,0
3627,3,1948-02-20,0,0,C,1985-04-15,2,Unknown,10,14907,,0
3628,3,1944-01-08,0,0,V,1985-04-17,2,Unknown,10,10907,,0
3629,3,1949-03-17,1080,0,M,1985-04-17,2,Unknown,10,16807,,0
3630,3,1959-12-29,0,1,M,1985-04-18,0,Unknown,10,13907,,0
3631,4,1939-01-20,0,0,C,1985-04-18,0,RA,10,0,1994-07-27,1
3632,2,1963-11-05,0,0,A,1985-04-19,0,Unknown,10,0,,0
3633,2,1944-08-20,0,0,M,1985-04-19,2,Unknown,10,13507,,0
3634,3,1978-01-29,1425,0,U,1985-04-22,2,Unknown,10,10807,,0
3635,3,1942-03-02,2600,0,G,1985-04-22,2,Unknown,10,14707,,0
3636,3,1951-01-20,2191,2,M,1985-04-24,2,Unknown,10,10107,,0
3637,3,1960-02-17,0,0,D,1985-04-25,0,Unknown,10,11307,,0
3638,3,1948-01-20,2500,0,C,1985-04-25,2,Unknown,10,10307,,0
3639,2,1941-04-12,0,0,M,1985-04-25,2,Unknown,10,10907,,0
3640,4,1958-05-05,0,0,C,1985-04-26,0,Unknown,10,0,,0
3641,2,1932-07-01,0,0,A,1985-04-29,0,Unknown,10,11307,,0
3642,4,1946-10-30,0,0,C,1985-04-26,2,Unknown,10,14707,,0
3643,3,1942-09-12,0,0,M,1985-05-02,0,DV,21,17807,2006-01-02,1
3644,2,1961-09-15,0,0,A,1985-05-03,0,Unknown,10,18707,,0
3645,3,1936-02-02,0,0,M,1985-05-06,2,Unknown,10,10307,,0
3646,3,1948-12-23,0,0,A,1985-05-06,2,Unknown,10,10107,,0
3647,1,,0,0,A,1985-05-07,0,Unknown,50,11307,,0
3648,3,1955-10-10,0,0,A,1985-05-09,0,DV,21,10607,2002-11-18,1
3649,2,1950-04-28,0,0,A,1985-05-10,0,Unknown,10,13507,,0
3650,2,1952-01-17,2924,1,M,1985-05-10,2,Unknown,10,13507,,0
3651,2,1960-10-01,0,0,A,1985-05-10,0,Unknown,10,0,,0
3652,2,1946-07-11,0,0,A,1985-05-13,0,DC,10,10907,,0
3653,4,1956-12-18,0,0,C,1985-05-14,0,DV,21,10307,2005-06-10,1
3654,1,,0,0,A,1985-05-15,4,Unknown,50,17907,,0
3655,2,1948-10-30,0,0,A,1985-05-20,2,DC,10,0,1993-03-18,1
3656,2,1943-01-02,0,0,A,1985-05-21,0,Unknown,10,0,,0
3657,2,1949-11-17,0,2,M,1985-05-22,2,Unknown,10,10907,,0
3658,3,1954-07-30,3050,1,M,1985-05-22,2,Unknown,10,10307,,0
3659,2,1941-10-12,1700,0,M,1985-05-22,2,Unknown,10,13507,,0
3660,2,1958-06-10,3201,3,M,1985-05-22,2,Unknown,10,13907,,0
3661,2,1951-05-19,0,0,M,1985-05-23,0,Unknown,10,14607,,0
3662,3,1956-06-01,2078,2,M,1985-05-23,2,Unknown,10,10207,,0
3663,2,1956-03-10,0,2,M,1985-05-23,2,Unknown,10,17907,,0
3664,3,1947-04-23,0,0,A,1985-05-24,2,Unknown,10,17807,,0
3665,3,1951-07-25,1203,1,M,1985-05-24,2,Unknown,10,17807,,0
3666,3,1958-11-11,1901,1,U,1985-05-24,2,Unknown,10,10307,,0
3667,2,1961-05-15,0,3,M,1985-05-28,2,Unknown,10,13507,,0
3668,4,1955-12-17,0,0,C,1985-05-28,2,Unknown,10,10107,,0
3669,3,1950-04-15,0,0,A,1985-05-29,0,Unknown,10,0,,0
3670,3,1940-05-26,0,0,M,1985-05-30,2,Unknown,10,16607,,0
3671,3,1927-05-16,0,0,A,1985-05-30,0,Unknown,10,0,,0
3672,2,1940-12-15,0,0,A,1985-05-31,0,Unknown,10,0,,0
3673,3,1942-10-08,0,0,V,1985-06-04,0,Unknown,10,10307,,0
3674,2,1953-05-24,3200,0,M,1985-06-05,2,Unknown,10,10307,,0
3675,3,1952-08-31,0,0,A,1985-06-05,0,Unknown,10,0,,0
3676,2,1955-05-09,0,0,A,1985-06-05,0,Unknown,10,11607,,0
3677,2,1944-09-25,0,2,M,1985-06-06,2,Unknown,10,14607,,0
3678,3,1934-03-13,0,0,A,1985-06-07,0,Unknown,10,0,,0
3679,2,1939-03-20,3384,0,S,1985-06-07,2,Unknown,10,11307,,0
3680,2,1936-09-29,0,0,A,1985-06-07,0,Unknown,10,0,,0
3681,2,1949-12-10,0,0,D,1985-06-10,2,Unknown,10,16607,,0
3682,3,1949-04-24,2249,0,A,1985-06-10,0,Unknown,10,0,,0
3683,2,1959-06-17,0,0,A,1985-06-10,0,Unknown,10,11307,,0
3684,2,1960-03-04,0,0,C,1985-06-10,2,Unknown,10,10107,,0
3685,3,1946-11-02,4499,0,V,1985-06-11,2,Unknown,10,10107,,0
3686,2,1934-03-29,0,0,M,1985-06-11,2,Unknown,10,16807,,0
3687,3,1949-03-20,1952,0,D,1985-06-11,2,Unknown,10,10207,,0
3688,3,1935-09-16,0,0,V,1985-06-11,0,Unknown,10,0,,0
3689,4,1953-06-09,0,0,C,1985-06-11,0,Unknown,10,0,,0
3690,2,1945-11-01,0,0,A,1985-06-11,0,Unknown,10,0,,0
3691,3,1939-05-28,15244,0,C,1985-06-12,0,DV,21,10207,2000-04-18,1
3692,1,,0,0,A,1985-06-12,4,Unknown,50,10107,,0
3693,2,1937-10-28,0,0,A,1985-06-13,0,DC,21,0,,0
3694,3,1960-03-28,4198,2,D,1985-06-13,2,Unknown,10,10107,,0
3695,2,1943-09-01,0,0,A,1985-06-13,0,Unknown,10,0,,0
3696,2,1958-05-20,0,0,A,1985-06-14,0,Unknown,10,0,,0
3697,2,1937-09-05,0,0,A,1985-06-17,0,Unknown,10,0,,0
3698,4,1983-12-22,0,0,C,1985-06-14,0,Unknown,21,10807,,0
3699,4,1959-10-05,2659,0,C,1985-06-19,0,Unknown,10,11307,,0
3700,2,1928-07-15,0,0,A,1985-06-19,0,Unknown,10,0,,0
3701,2,1952-07-25,2909,2,M,1985-06-19,2,Unknown,10,10107,,0
3702,2,1946-04-23,0,0,A,1985-06-20,0,Unknown,10,0,,0
3703,2,1949-01-20,1768,5,M,1985-06-20,2,Unknown,10,10207,,0
3704,2,1943-01-21,0,0,A,1985-06-20,2,DC,10,13607,1993-03-24,1
3705,2,1945-05-11,1639,0,A,1985-06-21,0,Unknown,10,0,,0
3706,3,1954-04-17,0,0,M,1985-06-24,2,Unknown,10,10907,,0
3707,2,1949-02-19,0,0,A,1985-06-24,0,DC,21,10107,,0
3708,3,1960-08-02,0,0,A,1985-06-25,0,Unknown,21,10207,,0
3709,2,1943-05-18,0,1,M,1985-06-25,0,Unknown,10,0,,0
3710,3,1942-09-11,0,0,A,1985-06-25,0,Unknown,10,0,,0
3711,3,1945-01-08,0,0,A,1985-06-25,0,Unknown,10,0,,0
3712,3,1938-02-13,1513,0,M,1985-06-26,2,Unknown,10,10907,,0
3713,2,1947-03-18,0,0,A,1985-06-26,0,Unknown,10,0,,0
3714,2,1963-08-03,1830,0,C,1985-06-26,2,Unknown,10,12607,,0
3715,2,1949-07-30,2111,0,D,1985-06-26,2,Unknown,10,12807,,0
3716,2,1946-07-27,0,0,A,1985-06-27,0,DV,21,0,2002-03-22,1
3717,3,1943-12-07,0,0,S,1985-06-26,2,Unknown,10,10807,,0
3718,3,1959-05-11,0,1,M,1985-06-28,2,Unknown,10,13507,,0
3719,2,1938-07-24,2255,0,D,1985-07-01,2,Unknown,10,10907,,0
3720,2,1962-02-17,0,0,A,1985-07-01,0,DA,10,0,1994-09-09,1
3721,2,1952-09-11,0,1,M,1985-07-02,2,Unknown,10,17807,,0
3722,2,1947-02-04,0,0,A,1985-07-02,0,Unknown,10,0,,0
3723,3,1930-02-11,0,0,A,1985-07-03,0,Unknown,10,0,,0
3724,2,1946-06-01,0,0,A,1985-07-03,0,Unknown,10,0,,0
3725,2,1959-05-01,2300,1,M,1985-07-04,2,Unknown,10,16707,,0
3726,2,1934-01-01,0,0,A,1985-07-04,0,Unknown,10,0,,0
3727,2,1926-05-22,0,0,V,1985-07-04,0,Unknown,10,18707,,0
3728,3,1950-10-03,0,0,M,1985-07-05,2,Unknown,10,10107,,0
3729,2,1953-01-15,0,0,A,1985-07-09,0,Unknown,10,0,,0
3730,2,1963-02-09,0,1,D,1985-07-10,2,Unknown,10,13507,,0
3731,3,1951-06-21,0,0,A,1985-07-12,0,Unknown,21,0,,0
3732,2,1952-06-14,2060,1,B,1985-07-12,2,Unknown,10,10207,,0
3733,3,1947-03-31,0,2,M,1985-07-16,2,Unknown,10,10207,,0
3734,2,1928-02-06,1000,0,A,1985-07-17,0,Unknown,21,0,,0
3735,2,1931-01-28,0,0,M,1985-07-17,2,Unknown,10,11607,,0
3736,2,1944-12-22,0,0,M,1985-07-17,2,Unknown,10,11607,,0
3737,3,1928-10-01,0,0,V,1985-07-17,2,Unknown,10,11907,,0
3738,3,1940-06-02,0,0,M,1985-07-18,2,Unknown,10,13807,,0
3739,3,1945-04-05,1783,0,M,1985-07-18,2,Unknown,21,0,,0
3740,3,1941-09-19,2119,0,M,1985-07-18,0,Unknown,10,11307,,0
3741,3,1962-07-10,0,0,M,1985-07-19,2,Unknown,10,13507,,0
3742,3,1953-05-26,0,0,A,1985-07-19,0,Unknown,21,0,,0
3743,2,1947-11-10,0,0,A,1985-07-22,0,Unknown,21,0,,0
3744,4,1958-12-28,0,0,C,1985-07-22,0,Unknown,10,11307,,0
3745,3,1956-05-14,1524,1,M,1985-07-23,0,DV,21,15807,2005-10-20,1
3746,2,1947-05-26,0,0,A,1985-07-23,0,DC,21,10107,,0
3747,3,1933-11-22,0,0,A,1985-07-23,0,Unknown,10,0,,0
3748,4,1949-06-24,0,0,C,1985-07-23,2,Unknown,10,10107,,0
3749,4,1961-03-08,0,0,C,1985-07-24,0,Unknown,10,11307,,0
3750,3,1948-09-17,0,0,A,1985-07-24,0,Unknown,10,0,,0
3751,2,1932-08-19,0,0,A,1985-07-24,2,DC,21,18707,,0
3752,2,1946-01-10,2773,0,M,1985-07-24,2,Unknown,21,0,,0
3753,2,1956-04-24,2208,1,E,1985-07-25,2,Unknown,10,13907,,0
3754,2,1949-04-14,3108,0,U,1985-07-25,2,Unknown,10,12607,,0
3755,3,1953-11-27,0,0,M,1985-07-25,2,Unknown,10,10107,,0
3756,3,1948-08-04,0,0,M,1985-07-30,2,Unknown,10,10307,,0
3757,3,1946-04-30,0,0,A,1985-07-30,0,DC,10,13807,1992-03-04,1
3758,2,1947-08-01,0,0,A,1985-07-31,0,Unknown,10,0,,0
3759,3,1956-09-30,1200,3,M,1985-07-31,2,Unknown,10,16807,,0
3760,3,1938-09-05,1467,0,M,1985-08-05,2,Unknown,10,11607,,0
3761,2,1935-03-19,2092,0,M,1985-08-05,2,Unknown,10,13507,,0
3762,4,1953-06-24,0,0,C,1985-08-05,2,Unknown,10,10107,,0
3763,3,1956-02-21,0,0,M,1985-08-02,0,Unknown,10,12779,,0
3764,2,1948-04-13,2744,0,M,1985-08-07,2,Unknown,10,14607,,0
3765,2,1932-10-03,0,0,M,1985-08-08,0,Unknown,10,0,,0
3766,2,1948-11-03,0,0,A,1985-08-08,0,Unknown,10,11307,,0
3767,2,1950-04-25,0,0,M,1985-08-09,2,Unknown,10,16707,,0
3768,2,1934-11-17,0,0,A,1985-08-09,0,DC,10,13507,,0
3769,3,1948-07-29,1358,0,M,1985-08-09,2,Unknown,10,13507,,0
3770,2,1960-07-17,2300,2,G,1985-08-12,2,Unknown,10,18507,,0
3771,2,1942-05-27,0,0,A,1985-08-12,0,DC,10,0,1992-03-25,1
3772,3,1952-01-23,0,0,M,1985-08-13,2,Unknown,10,15607,,0
3773,4,1957-07-26,0,0,C,1985-08-22,0,Unknown,10,0,,0
3774,3,1936-01-08,0,0,M,1985-08-23,2,Unknown,10,15707,,0
3775,4,1959-07-18,0,0,C,1985-08-23,0,Unknown,10,0,,0
3776,2,1952-08-10,0,0,M,1985-08-26,0,Unknown,10,11607,,0
3777,3,1957-02-03,0,0,A,1985-08-27,0,DA,21,0,2005-05-23,1
3778,2,1961-08-11,0,3,M,1985-08-30,2,Unknown,10,12607,,0
3779,2,1943-05-23,3660,1,M,1985-08-30,2,Unknown,10,10107,,0
3780,3,1949-10-06,0,0,D,1985-08-30,2,Unknown,10,18707,,0
3781,3,1958-09-18,2045,2,M,1985-09-02,2,Unknown,10,10207,,0
3782,3,1947-03-18,1988,0,M,1985-09-03,0,Unknown,10,13907,,0
3783,2,1957-05-14,0,0,M,1985-09-04,2,Unknown,10,17907,,0
3784,3,1946-07-14,2086,0,M,1985-09-04,2,Unknown,10,13907,,0
3785,2,1956-08-19,2409,1,E,1985-09-04,2,Unknown,10,17907,,0
3786,2,1943-12-13,0,0,A,1985-09-04,0,DV,10,0,1992-04-01,1
3787,2,1938-08-06,4734,0,M,1985-09-05,0,DC,21,11307,,0
3788,2,1924-07-09,0,0,M,1985-09-05,2,Unknown,10,14607,,0
3789,3,1939-10-07,1746,0,M,1985-09-05,2,Unknown,10,12607,,0
3790,3,1952-02-06,0,0,A,1985-09-06,0,Unknown,10,10207,,0
3791,3,1959-06-17,0,0,A,1985-09-10,0,Unknown,10,11307,,0
3792,2,1942-06-30,2941,0,D,1985-09-10,2,Unknown,10,12607,,0
3793,2,1940-03-10,0,0,M,1985-09-11,0,DC,21,13807,,0
3794,3,1930-08-15,0,0,A,1985-09-11,0,Unknown,10,0,,0
3795,2,1949-08-26,0,0,M,1985-09-12,2,Unknown,10,18507,,0
3796,2,1959-03-16,0,0,M,1985-09-12,0,DV,21,10107,2006-11-14,1
3797,3,1956-10-12,2539,2,U,1985-09-13,2,Unknown,10,16707,,0
3798,2,1951-03-01,2286,2,M,1985-09-13,2,Unknown,10,10107,,0
3799,3,1952-07-13,0,0,A,1985-09-16,0,Unknown,10,10307,,0
3800,4,1964-11-20,0,0,C,1985-09-17,0,Unknown,10,0,,0
3801,2,1947-10-01,0,3,M,1985-09-13,2,Unknown,10,12779,,0
3802,3,1952-04-07,3614,2,B,1985-09-13,2,Unknown,10,12779,,0
3803,4,1930-05-31,0,0,C,1985-09-18,2,Unknown,10,10307,,0
3804,2,1944-08-12,4800,0,M,1985-09-18,2,Unknown,10,14607,,0
3805,3,1949-03-14,0,0,M,1985-09-18,2,Unknown,10,10107,,0
3806,2,1964-03-09,1777,2,M,1985-09-19,2,Unknown,10,10107,,0
3807,3,1950-07-12,0,0,A,1985-09-25,0,Unknown,10,11307,,0
3808,2,1963-06-26,3543,3,M,1985-09-25,2,Unknown,10,12807,,0
3809,2,1957-02-09,1620,0,M,1985-09-23,2,Unknown,10,10807,,0
3810,2,1951-07-13,2678,2,B,1985-09-26,2,Unknown,10,17807,,0
3811,3,1947-06-03,1850,0,M,1985-09-26,0,Unknown,10,0,,0
3812,2,1962-04-18,2400,1,U,1985-09-26,2,Unknown,10,10907,,0
3813,2,1956-10-29,0,0,C,1985-09-27,2,Unknown,10,18507,,0
3814,3,1963-09-28,1623,2,M,1985-09-27,2,Unknown,10,16807,,0
3815,2,1958-11-20,0,0,A,1985-09-27,0,Unknown,10,11307,,0
3816,2,1945-02-05,2980,0,S,1985-09-27,2,Unknown,10,10307,,0
3817,2,1945-09-14,0,1,M,1985-09-27,2,Unknown,10,11907,,0
3818,3,1954-09-21,0,0,M,1985-09-30,2,Unknown,10,14607,,0
3819,3,1951-04-14,2752,1,M,1985-10-01,2,Unknown,10,10807,,0
3820,3,1949-12-24,0,0,A,1985-10-01,0,Unknown,21,0,,0
3821,2,1965-10-13,0,0,A,1985-10-01,0,Unknown,10,0,,0
3822,2,1930-12-11,0,0,M,1985-10-02,2,Unknown,10,10207,,0
3823,3,1954-01-13,0,3,D,1985-10-01,2,Unknown,10,10107,,0
3824,3,1926-10-12,0,0,M,1985-09-30,2,Unknown,10,12779,,0
3825,3,1941-12-20,0,0,A,1985-10-03,0,Unknown,10,0,,0
3826,2,1955-01-24,0,1,M,1985-10-07,2,Unknown,10,12607,,0
3827,3,1948-07-10,0,0,M,1985-10-08,2,Unknown,10,15807,,0
3828,2,1940-11-22,0,0,A,1985-10-08,0,Unknown,21,10107,,0
3829,2,1959-08-09,0,0,M,1985-10-09,2,Unknown,10,10107,,0
3830,2,1951-01-06,2347,1,G,1985-10-10,0,DC,21,16707,,0
3831,3,1951-02-03,0,0,A,1985-10-15,0,Unknown,21,0,,0
3832,4,1964-08-04,2227,2,U,1985-10-15,2,Unknown,10,13607,,0
3833,2,1942-06-04,0,0,S,1985-10-16,0,Unknown,10,0,,0
3834,3,1939-12-10,0,0,A,1985-10-16,2,DC,10,0,1995-03-15,1
3835,2,1949-05-04,0,0,M,1985-10-16,2,Unknown,10,13507,,0
3836,2,1957-06-16,2306,1,M,1985-10-16,2,Unknown,10,10107,,0
3837,3,1951-01-14,3730,0,C,1985-10-16,2,Unknown,10,14707,,0
3838,4,1946-02-03,0,0,C,1985-10-17,0,Unknown,10,0,,0
3839,3,1939-05-12,0,0,M,1985-10-17,2,Unknown,10,15807,,0
3840,1,,0,0,A,1985-10-18,4,Unknown,50,17807,,0
3841,2,1942-04-27,0,0,A,1985-10-18,0,Unknown,21,0,,0
3842,4,1961-11-12,1200,2,G,1985-10-24,0,Unknown,10,11307,,0
3843,3,1938-11-10,0,0,A,1985-10-24,0,Unknown,10,10207,,0
3844,3,1942-03-28,2466,0,V,1985-10-24,2,Unknown,10,10907,,0
3845,2,1939-06-10,0,0,M,1985-10-24,2,Unknown,10,17507,,0
3846,3,1951-10-14,0,0,A,1985-10-25,0,Unknown,10,17507,,0
3847,3,1952-03-29,1500,1,M,1985-10-25,2,Unknown,10,13907,,0
3848,3,1949-06-04,0,1,V,1985-10-25,2,Unknown,10,11907,,0
3849,3,1943-10-04,0,0,M,1985-10-28,2,Unknown,10,10907,,0
3850,3,1936-01-18,1729,0,M,1985-10-28,2,Unknown,10,13807,,0
3851,4,1946-04-24,0,0,C,1985-10-28,2,Unknown,10,13507,,0
3852,3,1946-09-18,0,0,A,1985-10-28,0,Unknown,10,17807,,0
3853,2,1961-01-22,0,1,U,1985-10-29,2,Unknown,10,10107,,0
3854,2,1932-11-12,0,0,A,1985-10-31,0,Unknown,10,0,,0
3855,3,1946-04-27,0,0,A,1985-11-05,0,Unknown,10,17807,,0
3856,2,1964-09-27,0,0,A,1985-11-05,0,Unknown,10,0,,0
3857,3,1939-02-24,1815,0,V,1985-11-06,2,Unknown,10,10207,,0
3858,2,1960-09-06,0,0,A,1985-11-06,0,Unknown,10,0,,0
3859,3,1955-12-07,0,0,A,1985-11-12,0,Unknown,10,11307,,0
3860,2,1959-11-15,2342,3,M,1985-11-13,2,Unknown,10,10107,,0
3861,4,1959-02-07,0,0,C,1985-11-14,0,Unknown,10,11307,,0
3862,2,1959-08-15,0,0,M,1985-11-15,2,Unknown,10,18707,,0
3863,2,1928-02-17,2324,0,M,1985-11-15,0,Unknown,10,11307,,0
3864,4,1952-09-21,0,0,C,1985-11-18,0,Unknown,10,11307,,0
3865,2,1958-04-03,0,0,M,1985-11-18,2,Unknown,10,13507,,0
3866,2,1960-03-26,0,0,C,1985-11-18,2,Unknown,10,18507,,0
3867,2,1957-12-31,0,0,M,1985-11-18,2,Unknown,10,17607,,0
3868,2,1960-01-11,2132,0,U,1985-11-19,2,Unknown,10,11307,,0
3869,3,1949-09-07,3000,0,D,1985-11-20,2,Unknown,10,17607,,0
3870,3,1939-10-26,0,0,M,1985-11-20,2,Unknown,10,13807,,0
3871,2,1951-07-19,0,0,B,1985-11-21,0,DV,21,11307,2001-01-16,1
3872,2,1935-05-03,0,0,A,1985-11-21,0,Unknown,10,0,,0
3873,2,1935-09-10,0,0,A,1985-11-21,0,Unknown,10,0,,0
3874,4,1964-06-11,0,0,C,1985-11-21,0,Unknown,10,11307,,0
3875,2,1962-01-04,2938,3,D,1985-11-25,2,Unknown,10,11607,,0
3876,2,1961-08-21,0,0,M,1985-11-25,2,Unknown,10,14607,,0
3877,2,1960-05-11,0,0,M,1985-11-25,2,Unknown,10,13907,,0
3878,3,1948-06-10,0,0,A,1985-11-26,0,Unknown,10,11307,,0
3879,2,1941-09-22,0,0,A,1985-11-28,0,Unknown,10,18707,,0
3880,3,1937-06-01,0,0,A,1985-11-29,0,Unknown,10,11307,,0
3881,2,1958-10-21,2200,3,E,1985-12-02,2,Unknown,10,14607,,0
3882,3,1961-10-03,0,2,M,1985-12-03,2,Unknown,10,10307,,0
3883,3,1965-08-01,1241,2,M,1985-12-03,2,Unknown,10,10107,,0
3884,3,1918-06-26,0,0,A,1985-12-04,0,DC,10,0,1995-05-10,1
3885,3,1950-09-13,2695,0,G,1985-12-05,2,Unknown,10,15607,,0
3886,3,1944-12-31,1872,0,B,1985-12-05,0,Unknown,10,13807,,0
3887,3,1944-10-01,1372,0,M,1985-12-05,0,Unknown,10,11307,,0
3888,2,1950-06-17,0,0,A,1985-12-05,0,RA,10,0,1995-03-22,1
3889,2,1957-08-18,2130,0,U,1985-12-06,2,Unknown,10,17907,,0
3890,3,1963-11-03,0,0,M,1985-12-09,2,Unknown,10,10807,,0
3891,3,1953-09-19,3400,0,B,1985-12-09,0,Unknown,21,0,,0
3892,3,1954-07-14,0,0,A,1985-12-11,0,Unknown,21,0,,0
3893,2,1951-05-09,3079,2,M,1985-12-11,2,Unknown,10,10107,,0
3894,2,1947-09-09,0,0,M,1985-12-11,2,Unknown,10,16707,,0
3895,3,1941-10-27,1781,0,D,1985-12-12,2,Unknown,10,16707,,0
3896,2,1962-11-24,0,0,A,1985-12-11,0,Unknown,10,12607,,0
3897,2,1963-03-13,0,0,D,1985-12-11,2,Unknown,10,10807,,0
3898,3,1950-07-31,0,0,M,1985-12-13,2,Unknown,10,14707,,0
3899,3,1958-10-12,3000,1,G,1985-12-16,2,Unknown,10,14607,,0
3900,2,1962-03-20,0,0,A,1985-12-16,0,Unknown,10,10107,,0
3901,3,1932-01-03,1900,0,M,1985-12-17,2,Unknown,10,10207,,0
3902,3,1931-11-12,0,0,D,1985-12-18,2,Unknown,10,16607,,0
3903,2,1946-01-05,0,0,M,1985-12-18,2,Unknown,10,17807,,0
3904,2,1963-05-19,0,0,A,1985-12-18,0,Unknown,10,0,,0
3905,3,1941-07-24,0,0,M,1985-12-18,2,Unknown,10,13807,,0
3906,3,1950-07-06,0,1,D,1985-12-19,0,Unknown,10,10307,,0
3907,2,1942-03-29,1200,0,M,1985-12-19,2,Unknown,10,10207,,0
3908,3,1964-11-01,0,0,M,1985-12-19,2,Unknown,10,10907,,0
3909,2,1939-01-21,0,0,M,1985-12-30,2,Unknown,10,13807,,0
3910,3,1953-07-26,1982,2,D,1986-01-02,2,Unknown,10,13507,,0
3911,2,1959-06-17,1684,0,D,1986-01-02,2,Unknown,10,13907,,0
3912,2,1956-09-04,5900,2,U,1986-01-03,2,Unknown,10,12607,,0
3913,3,1956-05-31,0,0,A,1986-01-07,0,Unknown,10,11307,,0
3914,3,1954-09-22,0,0,A,1986-01-07,0,Unknown,10,17807,,0
3915,3,1953-05-20,0,0,A,1986-01-07,0,Unknown,10,17807,,0
3916,3,1943-05-18,0,0,A,1986-01-07,0,Unknown,10,0,,0
3917,2,1948-11-03,0,1,M,1986-01-10,0,DV,21,13807,2004-03-19,1
3918,3,1945-04-10,0,0,M,1986-01-13,2,Unknown,10,17807,,0
3919,2,1964-12-05,0,0,A,1986-01-13,0,Unknown,10,10907,,0
3920,2,1957-04-06,2091,2,M,1986-01-14,2,Unknown,10,10107,,0
3921,3,1952-01-20,0,0,A,1986-01-14,0,Unknown,10,0,,0
3922,4,1982-12-02,0,0,C,1986-01-10,0,Unknown,21,11307,,0
3923,2,1972-08-27,0,0,A,1986-01-14,0,Unknown,21,11307,,0
3924,2,1940-02-15,0,0,V,1986-01-15,2,Unknown,10,17807,,0
3925,2,1960-10-16,1740,0,C,1986-01-15,2,Unknown,10,10107,,0
3926,3,1946-06-03,0,0,M,1986-01-16,2,Unknown,10,14707,,0
3927,2,1956-09-16,0,0,C,1986-01-16,0,Unknown,10,17507,,0
3928,2,1951-06-29,0,0,A,1986-01-17,0,Unknown,10,0,,0
3929,2,1971-07-17,0,1,C,1986-01-17,2,Unknown,21,10107,,0
3930,2,1960-08-25,0,0,A,1986-01-17,2,DV,10,0,1992-06-10,1
3931,2,1943-10-30,2000,0,D,1986-01-20,0,Unknown,10,17507,,0
3932,3,1950-03-18,0,0,A,1986-01-20,0,Unknown,21,0,,0
3933,3,1951-11-02,0,2,D,1986-01-21,2,Unknown,10,13607,,0
3934,3,1960-01-04,2500,1,S,1986-01-21,2,Unknown,10,13507,,0
3935,2,1944-05-02,0,0,M,1986-01-21,2,Unknown,10,10307,,0
3936,3,1937-10-18,0,0,M,1986-01-21,2,Unknown,10,10207,,0
3937,2,1934-07-07,0,0,A,1986-01-21,0,Unknown,10,0,,0
3938,4,1932-08-05,0,0,C,1986-01-20,2,Unknown,10,12779,,0
3939,4,1960-11-05,0,0,C,1986-01-23,0,Unknown,10,11307,,0
3940,3,1948-05-25,0,1,M,1986-01-23,0,Unknown,10,12607,,0
3941,3,1962-04-10,0,0,M,1986-01-24,2,Unknown,10,13507,,0
3942,2,1951-02-18,2438,0,G,1986-01-24,2,Unknown,10,12607,,0
3943,4,1964-11-24,1557,0,C,1986-01-27,2,Unknown,10,13507,,0
3944,3,1914-06-15,0,0,A,1986-01-27,0,DC,21,13507,,0
3945,3,1939-10-21,0,0,A,1986-01-27,0,Unknown,21,0,,0
3946,4,1965-01-30,0,0,U,1986-01-27,2,Unknown,10,10107,,0
3947,2,1937-03-02,0,0,M,1986-01-28,2,DC,21,13507,,0
3948,3,1947-06-15,1875,0,M,1986-01-28,2,Unknown,10,13507,,0
3949,4,1971-06-01,1365,0,U,1986-01-29,2,Unknown,10,10107,,0
3950,2,1948-03-09,0,0,M,1986-01-29,2,Unknown,10,10107,,0
3951,2,1955-08-27,0,0,A,1986-02-04,0,Unknown,21,0,,0
3952,3,1953-02-11,1400,0,D,1986-02-04,2,Unknown,10,10907,,0
3953,3,1938-07-17,0,0,A,1986-02-04,0,Unknown,10,11307,,0
3954,3,1944-11-15,1107,0,M,1986-02-05,2,Unknown,10,13907,,0
3955,3,1946-12-26,0,2,M,1986-02-06,2,Unknown,10,10107,,0
3956,3,1959-03-05,0,1,D,1986-02-07,2,Unknown,10,10807,,0
3957,2,1953-10-10,2051,1,E,1986-02-07,2,Unknown,10,10807,,0
3958,3,1944-05-21,0,0,M,1986-02-07,2,Unknown,10,10807,,0
3959,2,1938-04-22,0,0,A,1986-02-10,0,DC,10,0,,0
3960,2,1961-03-05,1962,0,C,1986-02-10,2,Unknown,10,10107,,0
3961,2,1959-03-03,0,3,M,1986-02-10,2,Unknown,10,10807,,0
3962,3,1944-05-15,0,0,A,1986-02-13,0,Unknown,10,11307,,0
3963,2,1940-11-22,1582,0,V,1986-02-17,2,Unknown,10,11307,,0
3964,2,1963-07-11,0,0,C,1986-02-17,2,Unknown,10,13507,,0
3965,3,1960-06-24,0,0,M,1986-02-20,2,Unknown,10,10307,,0
3966,2,1946-11-08,1131,1,M,1986-02-20,2,Unknown,10,16707,,0
3967,1,,0,0,A,1986-02-21,0,Unknown,61,17907,,0
3968,2,1936-08-28,0,0,M,1986-03-03,2,Unknown,10,13607,,0
3969,3,1959-02-20,0,0,M,1986-03-03,2,Unknown,10,10107,,0
3970,2,1947-07-24,0,0,C,1986-03-04,2,Unknown,10,10107,,0
3971,4,1962-01-18,0,0,C,1986-03-05,0,Unknown,10,0,,0
3972,3,1939-11-23,1375,0,B,1986-03-03,2,Unknown,10,12779,,0
3973,3,1939-10-13,0,0,M,1986-03-07,2,Unknown,10,16607,,0
3974,2,1939-01-15,2981,0,M,1986-03-10,2,Unknown,10,10107,,0
3975,3,1934-12-09,0,0,A,1986-03-11,0,Unknown,10,11307,,0
3976,2,1945-06-02,3402,2,M,1986-03-13,2,Unknown,10,15707,,0
3977,2,1947-03-06,0,0,A,1986-03-13,0,DC,21,13507,,0
3978,2,1943-12-03,0,0,A,1986-03-13,0,Unknown,10,0,,0
3979,2,1920-10-23,0,0,A,1986-03-14,2,DV,10,0,1991-11-27,1
3980,3,1946-08-29,0,0,D,1986-03-17,0,Unknown,10,11307,,0
3981,2,1954-03-11,2100,2,D,1986-03-18,2,Unknown,10,16607,,0
3982,3,1952-09-05,2003,0,C,1986-03-18,2,Unknown,10,10207,,0
3983,4,1953-01-03,2300,0,C,1986-03-18,2,Unknown,10,10107,,0
3984,2,1948-03-17,0,0,A,1986-03-21,0,Unknown,10,15807,,0
3985,4,1962-04-12,2240,1,C,1986-03-21,2,Unknown,10,17907,,0
3986,2,1940-05-10,0,0,M,1986-03-24,2,Unknown,10,0,,0
3987,3,1942-07-30,1000,0,M,1986-03-25,0,Unknown,10,17807,,0
3988,4,1959-11-02,2164,3,U,1986-03-25,2,Unknown,10,11907,,0
3989,2,1952-06-28,0,0,A,1986-03-25,0,Unknown,21,0,,0
3990,2,1961-07-07,1985,3,M,1986-03-26,2,Unknown,10,11307,,0
3991,3,1957-07-12,0,0,A,1986-03-27,0,Unknown,10,0,,0
3992,3,1946-04-03,1092,1,M,1986-03-27,2,Unknown,10,10107,,0
3993,3,1914-03-19,0,0,A,1986-03-27,0,Unknown,10,17807,,0
3994,3,1949-07-10,1367,1,D,1986-03-27,2,Unknown,10,10107,,0
3995,2,1973-02-03,0,0,A,1986-03-28,0,Unknown,21,11307,,0
3996,3,1972-12-09,0,0,M,1986-03-28,2,Unknown,21,10107,,0
3997,2,1972-03-13,0,0,A,1986-03-28,0,Unknown,21,10107,,0
3998,4,1969-10-13,0,1,U,1986-03-28,2,Unknown,10,10107,,0
3999,4,1979-12-15,0,0,C,1986-03-28,0,Unknown,21,10107,,0
4000,4,1969-01-17,0,0,C,1986-03-28,0,Unknown,21,11307,,0
4001,4,1972-09-17,0,2,C,1986-03-28,2,Unknown,10,0,,0
4002,2,1978-02-21,0,0,A,1986-03-28,2,Unknown,10,10107,,0
4003,4,1974-12-21,0,0,C,1986-03-28,0,Unknown,21,10107,,0
4004,4,1976-05-30,0,0,C,1986-03-28,0,Unknown,21,11307,,0
4005,3,1952-09-03,0,0,A,1986-04-01,0,Unknown,10,0,,0
4006,3,1943-05-11,0,0,A,1986-04-02,0,DV,21,11307,2002-05-13,1
4007,3,1954-09-29,0,0,M,1986-04-03,2,Unknown,10,12807,,0
4008,3,1963-01-07,1872,2,M,1986-04-04,2,Unknown,10,13807,,0
4009,2,1948-03-14,0,2,M,1986-04-04,0,DV,21,13507,2004-04-21,1
4010,3,1953-05-29,0,0,A,1986-04-04,0,Unknown,10,10107,,0
4011,4,1947-03-14,0,0,C,1986-04-07,2,Unknown,10,18507,,0
4012,2,1940-12-05,2985,1,M,1986-04-08,2,Unknown,10,10207,,0
4013,2,1953-03-22,0,0,M,1986-04-03,2,Unknown,10,10807,,0
4014,3,1948-12-23,0,0,M,1986-04-10,0,Unknown,10,0,,0
4015,3,1953-12-14,0,0,M,1986-04-10,2,Unknown,10,13807,,0
4016,2,1941-08-29,0,0,A,1986-04-10,0,Unknown,10,18707,,0
4017,2,1975-10-14,0,0,C,1986-04-10,2,Unknown,21,10107,,0
4018,3,1943-02-21,1641,1,M,1986-04-10,2,Unknown,10,10107,,0
4019,3,1953-02-16,0,2,D,1986-04-11,2,Unknown,10,13507,,0
4020,3,1943-08-20,1786,0,M,1986-04-11,2,Unknown,10,16707,,0
4021,3,1937-01-01,0,0,A,1986-04-14,0,Unknown,10,0,,0
4022,2,1939-04-12,0,0,A,1986-04-15,0,Unknown,10,0,,0
4023,3,1928-08-24,0,0,M,1986-04-15,2,Unknown,10,13807,,0
4024,3,1953-01-21,0,0,M,1986-04-16,2,Unknown,10,17907,,0
4025,3,1956-01-22,2000,2,M,1986-04-15,2,Unknown,10,10807,,0
4026,2,1965-03-19,0,0,D,1986-04-18,2,Unknown,10,11907,,0
4027,2,1958-07-05,0,2,M,1986-04-21,2,Unknown,10,14607,,0
4028,3,1941-08-03,331,2,A,1986-04-21,0,Unknown,21,0,,0
4029,3,1936-05-30,0,0,M,1986-04-21,2,Unknown,10,10107,,0
4030,2,1962-10-10,1472,2,M,1986-04-22,2,Unknown,10,11907,,0
4031,3,1947-01-18,2369,0,M,1986-04-21,2,Unknown,10,12779,,0
4032,3,1958-01-17,2500,3,M,1986-04-23,2,Unknown,10,14707,,0
4033,2,1955-06-07,0,0,A,1986-04-23,0,Unknown,10,0,,0
4034,2,1947-06-01,2562,0,M,1986-04-25,2,Unknown,10,13507,,0
4035,2,1956-02-11,0,0,A,1986-04-28,0,Unknown,10,0,,0
4036,2,1954-01-28,0,0,C,1986-04-28,2,Unknown,10,10107,,0
4037,2,1945-09-21,0,0,A,1986-04-29,0,Unknown,10,0,,0
4038,4,1960-05-20,0,0,C,1986-04-30,0,Unknown,10,0,,0
4039,3,1950-04-02,0,0,A,1986-04-30,0,DV,10,0,1993-05-12,1
4040,2,1952-11-10,0,0,M,1986-04-30,2,Unknown,10,10507,,0
4041,2,1942-08-18,0,0,A,1986-04-30,0,Unknown,10,0,,0
4042,2,1951-01-13,0,0,A,1986-04-30,0,Unknown,10,0,,0
4043,2,1952-12-31,0,3,U,1986-05-02,2,Unknown,10,0,,0
4044,2,1931-01-07,0,0,M,1986-05-05,2,Unknown,10,12807,,0
4045,3,1940-04-22,0,0,A,1986-05-05,0,Unknown,10,10207,,0
4046,3,1959-11-26,2347,3,D,1986-05-05,2,Unknown,10,10907,,0
4047,2,1956-01-14,0,0,A,1986-05-06,0,DV,10,0,1992-05-20,1
4048,2,1948-07-27,0,0,A,1986-05-06,0,Unknown,10,13507,,0
4049,2,1956-01-03,2600,2,U,1986-05-06,2,Unknown,10,13907,,0
4050,2,1934-05-21,0,0,A,1986-05-06,0,Unknown,10,11307,,0
4051,2,1950-03-13,2500,1,D,1986-05-07,2,Unknown,10,14707,,0
4052,4,1953-06-23,0,0,C,1986-05-09,0,Unknown,10,10907,,0
4053,2,1953-07-02,2800,0,M,1986-05-12,2,Unknown,10,10107,,0
4054,2,1947-05-27,0,1,M,1986-05-13,0,Unknown,10,11307,,0
4055,3,1959-06-26,0,0,D,1986-05-13,2,Unknown,10,13907,,0
4056,2,1924-04-12,0,0,A,1986-05-15,0,DC,10,0,1994-11-23,1
4057,2,1947-03-06,0,0,M,1986-05-15,2,Unknown,10,18507,,0
4058,2,1960-05-16,2643,2,M,1986-05-16,2,Unknown,10,10107,,0
4059,3,1935-04-28,0,0,A,1986-05-20,0,DV,10,0,1994-07-27,1
4060,3,1960-02-02,0,0,A,1986-05-20,0,Unknown,10,0,,0
4061,2,1934-04-18,0,0,A,1986-05-20,0,Unknown,10,0,,0
4062,2,1954-12-04,0,0,C,1986-05-20,0,Unknown,10,0,,0
4063,3,1950-03-02,2245,1,U,1986-05-20,2,Unknown,10,17807,,0
4064,3,1957-07-19,0,0,D,1986-05-20,2,Unknown,10,10607,,0
4065,3,1927-05-17,0,0,A,1986-05-20,0,Unknown,10,0,,0
4066,2,1950-06-07,0,3,D,1986-05-20,2,Unknown,10,11307,,0
4067,2,1941-11-26,2600,0,S,1986-05-20,2,Unknown,10,18707,,0
4068,3,1961-09-09,2411,3,D,1986-05-22,2,Unknown,10,10107,,0
4069,4,1946-05-04,0,0,C,1986-05-22,0,Unknown,10,18707,,0
4070,4,1978-04-19,0,0,C,1986-05-23,2,Unknown,21,10107,,0
4071,2,1958-04-02,0,0,A,1986-05-26,0,Unknown,10,0,,0
4072,2,1954-11-11,0,0,D,1986-05-26,2,Unknown,10,16807,,0
4073,2,1960-12-20,2800,2,G,1986-05-26,2,Unknown,10,18707,,0
4074,3,1957-01-23,2794,1,D,1986-05-27,2,Unknown,10,17807,,0
4075,3,1960-02-22,0,3,M,1986-05-27,2,Unknown,10,13907,,0
4076,3,1963-01-06,2744,3,M,1986-05-27,2,Unknown,10,18707,,0
4077,2,1956-07-29,0,0,A,1986-05-28,0,Unknown,10,11307,,0
4078,3,1948-03-07,0,0,A,1986-05-28,0,Unknown,10,0,,0
4079,4,1958-01-23,2369,2,U,1986-05-28,2,Unknown,10,10107,,0
4080,2,1971-08-07,0,0,A,1986-05-28,0,DV,21,11307,2002-01-31,1
4081,2,1948-03-21,0,0,A,1986-05-29,0,Unknown,10,0,,0
4082,3,1955-07-07,2241,3,M,1986-05-29,2,Unknown,10,11307,,0
4083,3,1948-10-20,1684,0,M,1986-05-30,2,Unknown,10,16707,,0
4084,3,1945-10-01,0,0,A,1986-05-30,0,Unknown,21,0,,0
4085,3,1964-04-15,1985,2,G,1986-05-30,2,Unknown,10,16707,,0
4086,2,1961-02-20,0,0,A,1986-06-02,0,Unknown,10,0,,0
4087,3,1946-02-15,0,0,A,1986-06-03,0,Unknown,10,0,,0
4088,2,1946-05-05,1265,2,M,1986-06-03,2,Unknown,10,16707,,0
4089,3,1947-11-06,0,0,D,1986-06-03,2,Unknown,10,14707,,0
4090,3,1963-11-06,1942,4,M,1986-06-05,0,Unknown,10,0,,0
4091,2,1926-08-29,0,0,A,1986-06-09,0,DC,10,17807,,0
4092,2,1947-07-25,0,0,M,1986-06-09,2,Unknown,10,16807,,0
4093,3,1944-05-28,0,0,D,1986-06-10,2,Unknown,10,16707,,0
4094,2,1945-07-06,2157,1,M,1986-06-10,0,Unknown,10,11907,,0
4095,3,1945-01-15,1863,0,M,1986-06-10,2,Unknown,10,16807,,0
4096,3,1962-12-16,0,2,M,1986-06-10,0,Unknown,10,16707,,0
4097,3,1940-05-25,0,0,V,1986-06-11,2,Unknown,10,17807,,0
4098,3,1964-02-09,0,0,C,1986-06-12,0,Unknown,10,0,,0
4099,3,1945-10-10,2315,0,D,1986-06-12,2,Unknown,10,10307,,0
4100,2,1957-01-26,0,2,M,1986-06-16,2,Unknown,10,18707,,0
4101,4,1958-12-25,1600,0,C,1986-06-16,2,Unknown,10,12807,,0
4102,3,1929-03-13,0,0,V,1986-06-16,2,Unknown,10,10807,,0
4103,2,1942-07-31,0,0,M,1986-06-16,2,Unknown,10,10807,,0
4104,4,1963-10-28,2018,1,U,1986-06-18,2,Unknown,10,10307,,0
4105,3,1957-07-06,2400,2,M,1986-06-18,0,Unknown,10,13607,,0
4106,3,1957-10-04,2381,5,M,1986-06-16,2,Unknown,10,12779,,0
4107,3,1953-04-10,0,0,A,1986-06-20,0,Unknown,21,0,,0
4108,2,1926-06-24,0,0,A,1986-06-23,0,DC,10,10907,,0
4109,3,1960-04-30,3257,2,D,1986-06-24,2,Unknown,10,12807,,0
4110,4,1971-05-09,0,0,C,1986-06-24,0,Unknown,21,10107,,0
4111,2,1958-01-30,0,0,A,1986-06-25,0,DV,21,16807,2000-10-26,1
4112,4,1977-02-10,0,0,C,1986-06-26,2,Unknown,21,10107,,0
4113,2,1985-11-10,0,0,C,1986-06-26,2,Unknown,21,10107,,0
4114,2,1981-05-11,0,0,C,1986-06-26,2,Unknown,21,10107,,0
4115,3,1961-09-11,1750,2,A,1986-06-26,0,Unknown,10,0,,0
4116,4,1981-04-24,0,0,C,1986-06-26,2,Unknown,21,10107,,0
4117,2,1948-06-13,1500,0,M,1986-06-27,2,Unknown,10,10107,,0
4118,3,1956-04-15,0,0,C,1986-06-30,2,Unknown,10,10207,,0
4119,4,1979-04-07,0,0,C,1986-06-30,2,Unknown,21,10107,,0
4120,3,1955-12-25,1463,0,D,1986-06-30,2,Unknown,10,10107,,0
4121,3,1939-02-03,2130,0,M,1986-07-01,2,Unknown,10,0,,0
4122,2,1961-05-19,0,0,M,1986-07-02,2,Unknown,10,16607,,0
4123,3,1949-05-15,0,0,M,1986-07-02,2,Unknown,10,12807,,0
4124,4,1951-12-10,0,0,C,1986-07-02,0,Unknown,10,11307,,0
4125,2,1929-03-25,3363,0,M,1986-07-04,2,Unknown,10,16807,,0
4126,2,1958-06-08,0,0,C,1986-07-04,2,Unknown,10,10307,,0
4127,2,1956-02-05,0,0,A,1986-07-04,0,Unknown,10,11307,,0
4128,2,1977-12-26,0,0,A,1986-07-04,0,Unknown,21,10107,,0
4129,2,1945-02-18,0,0,A,1986-07-08,0,Unknown,21,0,,0
4130,2,1963-04-24,0,3,M,1986-07-08,2,Unknown,10,15807,,0
4131,3,1931-05-30,0,0,M,1986-07-08,2,Unknown,21,12607,,0
4132,3,1965-02-25,1359,2,M,1986-07-09,2,Unknown,10,17907,,0
4133,2,1944-10-10,0,0,M,1986-07-09,2,Unknown,10,10307,,0
4134,3,1939-03-12,0,0,A,1986-07-09,0,Unknown,10,11307,,0
4135,2,1961-06-09,0,0,M,1986-07-10,0,DC,10,0,,0
4136,2,1962-01-12,0,0,C,1986-07-11,2,Unknown,10,10207,,0
4137,3,1939-02-03,0,0,A,1986-07-11,0,DC,10,17807,,0
4138,3,1949-05-16,0,0,A,1986-07-16,0,Unknown,10,11307,,0
4139,2,1947-11-27,2955,1,M,1986-07-17,2,Unknown,10,13507,,0
4140,3,1942-11-15,0,0,A,1986-07-17,0,Unknown,21,0,,0
4141,4,1951-05-24,3101,0,C,1986-07-17,2,Unknown,10,13507,,0
4142,2,1957-07-22,2844,3,B,1986-07-21,0,Unknown,10,10207,,0
4143,3,1943-03-17,0,0,A,1986-07-21,0,Unknown,21,0,,0
4144,2,1922-07-13,0,0,A,1986-07-22,0,DV,21,16707,2004-08-10,1
4145,3,1964-01-18,3968,2,M,1986-07-22,2,Unknown,10,17907,,0
4146,2,1959-02-20,0,0,A,1986-07-22,0,Unknown,10,10107,,0
4147,2,1939-09-18,0,0,A,1986-07-23,0,DC,10,0,1992-05-06,1
4148,3,1944-06-25,2598,0,M,1986-07-24,2,Unknown,10,10107,,0
4149,1,,0,0,A,1986-07-25,0,Unknown,61,10907,,0
4150,2,1954-11-30,0,0,D,1986-07-25,0,DV,21,13507,2005-12-14,1
4151,3,1959-09-27,0,0,A,1986-07-25,0,Unknown,10,11307,,0
4152,3,1953-06-02,0,0,A,1986-07-29,0,Unknown,10,10907,,0
4153,3,1933-03-06,0,0,A,1986-07-31,0,Unknown,10,11307,,0
4154,2,1944-03-09,0,0,A,1986-08-04,0,Unknown,10,14607,,0
4155,3,1957-08-18,0,0,M,1986-08-05,2,Unknown,10,10907,,0
4156,3,1956-07-13,0,0,C,1986-08-06,2,Unknown,10,16707,,0
4157,4,1966-02-06,0,0,C,1986-08-12,0,Unknown,10,0,,0
4158,2,1960-03-10,3360,2,M,1986-08-12,2,Unknown,10,17507,,0
4159,4,1978-04-11,0,0,C,1986-08-20,2,Unknown,21,11307,,0
4160,2,1932-06-19,0,0,A,1986-08-20,0,Unknown,10,13807,,0
4161,3,1947-04-16,0,0,M,1986-08-20,0,DV,21,10107,2005-12-02,1
4162,2,1939-09-25,1415,0,G,1986-08-25,2,Unknown,10,14907,,0
4163,2,1951-03-18,0,0,A,1986-08-26,0,Unknown,10,0,,0
4164,2,1959-12-19,2690,3,M,1986-09-01,2,Unknown,10,16707,,0
4165,2,1922-07-06,0,0,M,1986-09-02,2,Unknown,10,14607,,0
4166,3,1946-10-11,0,0,A,1986-09-02,0,Unknown,10,0,,0
4167,3,1943-10-13,0,0,A,1986-09-02,0,Unknown,10,18707,,0
4168,3,1940-11-12,0,0,V,1986-09-02,2,Unknown,10,10807,,0
4169,3,1932-03-28,2161,0,D,1986-09-03,2,Unknown,10,15607,,0
4170,2,1943-07-09,3657,0,M,1986-09-03,2,Unknown,10,12607,,0
4171,2,1952-06-05,3100,1,M,1986-09-04,2,Unknown,10,13507,,0
4172,3,1955-07-30,0,0,D,1986-09-04,2,Unknown,10,16607,,0
4173,3,1962-10-31,2375,2,G,1986-09-08,2,Unknown,10,11907,,0
4174,3,1957-07-01,0,1,M,1986-09-08,2,Unknown,10,11607,,0
4175,2,1949-06-07,0,0,S,1986-09-09,2,Unknown,21,17907,,0
4176,3,1949-12-02,0,0,D,1986-09-09,2,Unknown,10,16707,,0
4177,2,1947-09-06,0,0,M,1986-09-05,2,Unknown,10,12779,,0
4178,2,1911-06-22,0,0,A,1986-09-10,0,DC,10,10607,,0
4179,2,1958-10-14,0,0,A,1986-09-10,0,Unknown,10,0,,0
4180,2,1955-04-15,1844,2,M,1986-09-10,2,Unknown,10,17907,,0
4181,2,1959-09-02,3000,2,M,1986-09-11,2,Unknown,10,17507,,0
4182,4,1983-04-30,0,0,C,1986-09-12,2,Unknown,21,10107,,0
4183,2,1958-02-24,1839,2,M,1986-09-17,0,DC,10,12807,,0
4184,2,1948-07-08,0,0,A,1986-09-17,0,Unknown,10,11307,,0
4185,2,1944-12-24,0,0,A,1986-09-18,0,RA,10,0,1995-01-11,1
4186,2,1959-12-20,2169,2,M,1986-09-23,2,Unknown,10,10107,,0
4187,2,1961-07-25,3125,3,M,1986-09-23,2,Unknown,10,17507,,0
4188,3,1961-02-15,0,0,M,1986-09-25,2,Unknown,10,13507,,0
4189,4,1961-04-15,0,1,C,1986-09-25,2,Unknown,10,10107,,0
4190,2,1961-05-22,0,3,M,1986-09-25,2,Unknown,10,10107,,0
4191,4,1956-03-04,0,0,C,1986-09-22,2,Unknown,10,12779,,0
4192,3,1964-01-12,0,0,D,1986-09-26,2,Unknown,10,11307,,0
4193,2,1974-09-05,0,0,U,1986-09-26,2,Unknown,10,10107,,0
4194,2,1980-05-27,0,0,A,1986-09-26,0,Unknown,21,10107,,0
4195,3,1950-06-29,2058,0,U,1986-09-26,2,Unknown,10,10107,,0
4196,3,1965-01-03,0,0,D,1986-09-24,2,Unknown,10,10107,,0
4197,3,1947-06-15,2055,3,M,1986-09-29,0,DC,10,10107,,0
4198,2,1944-05-05,0,0,A,1986-10-01,0,Unknown,10,0,,0
4199,2,1955-04-03,0,0,A,1986-10-01,0,Unknown,10,11307,,0
4200,3,1956-06-01,0,0,A,1986-10-02,0,Unknown,21,0,,0
4201,3,1963-12-23,0,0,A,1986-10-02,0,Unknown,10,13807,,0
4202,2,1957-07-17,0,0,A,1986-10-02,2,DC,10,10207,,0
4203,2,1954-09-08,1572,3,M,1986-10-02,2,Unknown,10,16707,,0
4204,2,1954-02-08,0,0,A,1986-10-02,0,Unknown,10,13907,,0
4205,2,1929-09-16,0,0,A,1986-10-03,0,Unknown,10,11307,,0
4206,2,1971-09-27,0,0,M,1986-10-03,2,Unknown,10,0,,0
4207,3,1952-12-21,0,0,M,1986-10-06,2,Unknown,10,10307,,0
4208,2,1960-08-28,0,0,A,1986-10-06,0,Unknown,10,10107,,0
4209,3,1961-03-09,0,0,M,1986-10-08,2,Unknown,10,10907,,0
4210,2,1919-04-07,0,0,A,1986-10-08,0,Unknown,10,10107,,0
4211,2,1957-09-25,0,0,C,1986-10-09,2,Unknown,10,10207,,0
4212,2,1943-06-16,0,0,M,1986-10-09,2,Unknown,10,18707,,0
4213,2,1962-02-06,2550,2,M,1986-10-10,2,Unknown,10,10107,,0
4214,3,1936-09-20,1200,0,M,1986-10-08,2,Unknown,10,12607,,0
4215,2,1960-12-22,3228,0,C,1986-10-13,2,Unknown,10,14607,,0
4216,2,1930-08-25,0,0,M,1986-10-13,2,Unknown,10,15607,,0
4217,2,1945-01-17,0,1,B,1986-10-13,2,Unknown,10,18707,,0
4218,2,1954-10-10,2156,2,M,1986-10-14,2,Unknown,10,10107,,0
4219,3,1964-12-01,0,0,M,1986-10-16,2,Unknown,10,15807,,0
4220,3,1950-11-17,0,0,A,1986-10-20,0,Unknown,10,15807,,0
4221,3,1931-10-05,0,0,M,1986-10-20,2,Unknown,10,16607,,0
4222,2,1949-07-08,0,0,A,1986-10-22,0,Unknown,10,0,,0
4223,3,1960-07-13,0,2,D,1986-10-23,0,Unknown,10,11307,,0
4224,2,1935-03-07,0,0,A,1986-10-23,0,Unknown,10,0,,0
4225,2,1958-05-20,0,2,M,1986-10-23,2,Unknown,21,0,,0
4226,3,1911-02-15,0,0,A,1986-10-24,2,DC,10,0,1992-10-14,1
4227,2,1939-08-29,0,0,M,1986-10-24,2,Unknown,10,17507,,0
4228,3,1951-04-08,0,0,A,1986-10-27,0,Unknown,21,0,,0
4229,3,1960-07-22,0,0,A,1986-10-28,0,Unknown,10,0,,0
4230,3,1956-11-01,0,0,A,1986-10-30,0,Unknown,10,11907,,0
4231,2,1949-02-10,0,0,D,1986-10-30,2,Unknown,10,14607,,0
4232,2,1935-05-16,0,2,M,1986-10-30,0,Unknown,10,12607,,0
4233,3,1948-05-04,0,0,C,1986-11-03,0,Unknown,10,16707,,0
4234,3,1937-05-10,0,0,A,1986-11-03,0,Unknown,10,10107,,0
4235,3,1961-02-26,0,0,M,1986-11-03,2,Unknown,10,14707,,0
4236,2,1954-12-17,0,0,M,1986-11-04,2,Unknown,10,14607,,0
4237,2,1936-12-07,1281,0,M,1986-11-04,2,Unknown,10,10607,,0
4238,3,1963-12-25,0,2,M,1986-11-04,2,Unknown,10,18707,,0
4239,4,1962-12-29,2506,3,C,1986-11-06,2,Unknown,10,10107,,0
4240,3,1943-12-02,0,0,A,1986-11-07,0,Unknown,21,0,,0
4241,4,1959-03-23,0,0,C,1986-11-07,0,Unknown,10,0,,0
4242,4,1951-02-22,0,0,C,1986-11-12,2,Unknown,10,13807,,0
4243,2,1951-09-05,0,0,A,1986-11-12,0,Unknown,10,0,,0
4244,2,1956-11-14,0,0,D,1986-11-12,2,Unknown,10,18707,,0
4245,3,1963-09-07,0,3,M,1986-11-13,2,Unknown,10,18707,,0
4246,3,1942-05-19,0,0,A,1986-11-14,0,Unknown,10,11307,,0
4247,2,1960-12-13,0,2,M,1986-11-14,2,Unknown,10,18707,,0
4248,3,1976-12-08,0,0,M,1986-11-17,2,Unknown,10,10107,,0
4249,2,1952-04-10,5033,1,M,1986-11-17,2,Unknown,10,18707,,0
4250,3,1963-07-27,2667,1,B,1986-11-18,2,Unknown,10,13607,,0
4251,3,1962-06-01,0,0,M,1986-11-18,2,Unknown,10,13907,,0
4252,2,1962-11-09,0,0,A,1986-11-19,0,Unknown,10,12807,,0
4253,4,1966-03-01,0,0,C,1986-11-21,0,Unknown,10,18707,,0
4254,2,1936-09-25,1700,0,M,1986-11-25,2,Unknown,10,11607,,0
4255,2,1961-05-25,0,0,A,1986-11-25,0,Unknown,10,11307,,0
4256,2,1947-06-04,0,2,M,1986-11-25,2,Unknown,10,14607,,0
4257,2,1957-03-23,0,2,M,1986-11-26,0,Unknown,10,10207,,0
4258,2,1962-02-26,0,2,M,1986-11-26,2,Unknown,10,17907,,0
4259,4,1959-04-03,0,0,C,1986-11-26,2,Unknown,10,10107,,0
4260,2,1934-11-08,0,0,M,1986-11-28,2,Unknown,10,18507,,0
4261,2,1965-05-05,1830,2,U,1986-11-28,2,Unknown,10,10607,,0
4262,3,1956-11-19,1453,3,M,1986-12-01,2,Unknown,10,10107,,0
4263,2,1950-10-26,11433,2,A,1986-12-02,0,Unknown,21,0,,0
4264,4,1966-09-12,2783,2,U,1986-12-03,2,Unknown,10,15807,,0
4265,2,1959-01-12,1731,2,B,1986-12-05,2,Unknown,10,16607,,0
4266,4,1942-01-28,0,0,C,1986-12-09,2,Unknown,10,11307,,0
4267,3,1944-07-22,0,0,A,1986-12-09,0,Unknown,10,16707,,0
4268,2,1960-12-22,2000,2,M,1986-12-10,2,Unknown,10,10207,,0
4269,2,1962-12-02,0,0,M,1986-12-10,2,Unknown,10,15707,,0
4270,2,1963-03-07,0,0,A,1986-12-10,0,Unknown,10,11307,,0
4271,2,1966-03-16,0,0,U,1986-12-10,2,Unknown,10,14707,,0
4272,2,1963-09-04,0,0,M,1986-12-11,0,DV,21,10607,2002-04-22,1
4273,2,1950-10-20,0,0,A,1986-12-15,0,Unknown,10,18507,,0
4274,2,1965-02-01,2200,2,G,1986-12-15,2,Unknown,10,13507,,0
4275,3,1962-11-21,0,0,M,1986-12-15,0,Unknown,10,14707,,0
4276,2,1946-06-24,0,0,A,1986-12-16,0,Unknown,23,0,,0
4277,3,1945-04-04,0,0,M,1986-12-17,2,Unknown,10,13507,,0
4278,4,1955-03-16,0,0,C,1986-12-17,2,Unknown,10,15807,,0
4279,2,1961-06-02,0,0,A,1986-12-17,0,Unknown,10,11307,,0
4280,3,1953-07-17,9146,3,D,1986-12-18,2,Unknown,10,16807,,0
4281,3,1946-05-07,0,0,M,1986-12-19,2,Unknown,10,10907,,0
4282,3,1950-05-09,0,0,D,1986-12-22,2,Unknown,10,15807,,0
4283,3,1939-05-16,0,0,A,1986-12-22,0,Unknown,10,11307,,0
4284,3,1936-07-01,0,0,A,1986-12-22,0,Unknown,10,11607,,0
4285,2,1960-05-07,0,0,A,1986-12-23,0,Unknown,10,0,,0
4286,3,1933-12-29,0,0,D,1986-12-23,2,Unknown,10,18707,,0
4287,3,1952-04-29,0,0,A,1986-12-24,0,Unknown,10,10107,,0
4288,4,1962-10-30,0,0,C,1986-12-29,0,Unknown,10,0,,0
4289,2,1957-07-29,0,0,A,1986-12-29,0,Unknown,21,0,,0
4290,2,1957-06-25,1670,0,C,1986-12-29,2,Unknown,10,10207,,0
4291,4,1981-01-04,0,0,C,1986-12-29,2,Unknown,21,10107,,0
4292,2,1978-03-09,0,0,A,1986-12-29,0,Unknown,21,10107,,0
4293,3,1964-10-18,1051,2,U,1987-01-02,2,Unknown,10,10307,,0
4294,2,1929-10-23,0,0,A,1987-01-02,0,Unknown,10,14607,,0
4295,3,1952-03-12,0,0,M,1987-01-07,2,Unknown,10,10107,,0
4296,2,1944-03-22,0,0,D,1987-01-07,2,Unknown,10,18707,,0
4297,2,1961-04-05,0,0,A,1987-01-08,0,Unknown,10,11307,,0
4298,3,1963-04-23,0,0,M,1987-01-08,2,Unknown,10,14607,,0
4299,2,1962-04-04,0,0,C,1987-01-08,2,Unknown,10,14707,,0
4300,2,1963-02-25,1933,0,C,1987-01-14,2,Unknown,10,13507,,0
4301,2,1947-07-16,0,0,A,1987-01-14,0,Unknown,10,16807,,0
4302,4,1960-03-14,0,0,C,1987-01-15,0,Unknown,10,10207,,0
4303,3,1946-10-31,0,0,M,1987-01-15,2,Unknown,10,10307,,0
4304,3,1942-03-10,0,0,A,1987-01-15,0,Unknown,21,0,,0
4305,4,1972-12-06,0,0,C,1987-01-16,0,Unknown,21,10107,,0
4306,2,1943-04-02,0,0,A,1987-01-21,0,DV,21,10607,1999-05-05,1
4307,2,1956-02-17,0,0,M,1987-01-28,2,Unknown,10,14607,,0
4308,3,1962-06-16,0,0,A,1987-01-29,0,Unknown,10,11307,,0
4309,2,1959-12-17,2575,2,E,1987-01-29,2,Unknown,10,17907,,0
4310,2,1978-03-03,0,0,C,1987-01-29,2,Unknown,21,10107,,0
4311,2,1947-07-11,0,0,A,1987-01-29,0,Unknown,10,10107,,0
4312,3,1963-04-19,0,0,M,1987-01-30,2,Unknown,10,14707,,0
4313,3,1955-06-25,968,2,M,1987-02-02,2,Unknown,10,10207,,0
4314,2,1980-01-01,0,0,A,1987-02-02,0,Unknown,21,10107,,0
4315,2,1956-07-14,2304,2,M,1987-02-02,2,Unknown,10,10107,,0
4316,4,1964-05-23,0,0,C,1987-02-03,2,Unknown,10,14607,,0
4317,2,1973-10-30,0,0,A,1987-02-03,2,DV,21,13507,1994-07-27,1
4318,2,1949-02-15,0,0,A,1987-02-05,0,Unknown,10,0,,0
4319,2,1944-11-17,0,0,A,1987-02-05,0,Unknown,10,0,,0
4320,3,1948-04-12,0,0,A,1987-02-06,0,Unknown,10,0,,0
4321,2,1947-07-06,0,0,A,1987-02-09,0,Unknown,10,0,,0
4322,3,1958-01-22,2134,2,D,1987-02-10,2,Unknown,10,14607,,0
4323,2,1966-01-05,0,0,A,1987-02-11,2,DV,10,0,1992-04-08,1
4324,2,1957-08-27,0,0,A,1987-02-11,2,Unknown,10,10907,,0
4325,3,1955-12-10,1560,2,M,1987-02-11,0,Unknown,10,11307,,0
4326,3,1956-12-28,0,0,A,1987-02-11,0,Unknown,21,0,,0
4327,4,1948-11-21,0,0,C,1987-02-11,0,Unknown,21,0,,0
4328,2,1948-04-28,0,0,A,1987-02-12,0,Unknown,10,0,,0
4329,4,1959-10-10,0,0,C,1987-02-12,0,Unknown,10,16707,,0
4330,3,1957-08-30,0,0,A,1987-02-16,0,Unknown,10,14607,,0
4331,3,1950-04-11,0,0,A,1987-02-17,2,RA,10,15807,1995-01-25,1
4332,2,1943-12-16,0,0,A,1987-02-17,0,Unknown,10,0,,0
4333,3,1949-05-12,2137,2,M,1987-02-17,2,Unknown,10,10207,,0
4334,4,1956-10-05,2248,1,C,1987-02-18,0,Unknown,10,0,,0
4335,2,1964-06-02,0,0,C,1987-02-23,2,Unknown,10,14607,,0
4336,3,1957-10-28,983,3,M,1987-02-23,2,Unknown,10,13607,,0
4337,3,1942-09-30,0,0,M,1987-02-25,2,Unknown,10,11907,,0
4338,2,1944-04-24,0,0,A,1987-02-25,2,RA,10,14907,1995-02-15,1
4339,3,1950-08-06,1906,0,M,1987-02-26,2,Unknown,10,17907,,0
4340,3,1937-06-27,2303,0,M,1987-02-26,0,Unknown,21,0,,0
4341,3,1940-05-20,0,0,A,1987-03-02,0,Unknown,21,0,,0
4342,3,1959-06-03,0,0,A,1987-03-02,0,Unknown,10,0,,0
4343,3,1936-04-21,0,0,A,1987-03-03,0,Unknown,10,0,,0
4344,3,1950-07-19,0,0,A,1987-03-03,0,Unknown,10,0,,0
4345,3,1958-03-06,2091,0,D,1987-03-03,2,Unknown,10,10907,,0
4346,3,1961-03-27,4580,1,M,1987-03-03,2,Unknown,10,10907,,0
4347,3,1928-05-21,0,0,A,1987-03-03,0,Unknown,10,0,,0
4348,1,,0,0,A,1987-03-03,4,Unknown,50,10107,,0
4349,3,1951-06-16,0,0,A,1987-03-04,0,Unknown,10,0,,0
4350,3,1951-12-05,0,0,A,1987-03-04,0,Unknown,21,0,,0
4351,2,1947-05-18,2287,2,M,1987-03-04,0,Unknown,10,17807,,0
4352,3,1969-04-26,0,0,A,1987-03-04,0,Unknown,10,0,,0
4353,3,1962-09-26,0,0,M,1987-03-05,2,Unknown,10,16707,,0
4354,2,1960-09-08,0,0,A,1987-03-06,0,Unknown,10,10307,,0
4355,3,1960-03-23,0,0,A,1987-03-10,0,Unknown,10,18507,,0
4356,2,1941-07-24,0,0,A,1987-03-11,0,Unknown,10,0,,0
4357,2,1950-05-13,0,0,A,1987-03-11,0,Unknown,10,0,,0
4358,3,1946-01-03,0,0,V,1987-03-11,2,Unknown,10,10807,,0
4359,3,1959-08-30,1294,0,S,1987-03-12,0,Unknown,10,11307,,0
4360,3,1964-03-27,1200,1,D,1987-03-13,2,Unknown,10,10807,,0
4361,2,1957-03-06,8750,1,M,1987-03-16,2,Unknown,10,10107,,0
4362,3,1961-08-16,0,0,A,1987-03-16,0,Unknown,10,10607,,0
4363,3,1954-01-02,0,0,A,1987-03-16,0,Unknown,10,11307,,0
4364,3,1950-11-06,0,0,A,1987-03-18,0,Unknown,10,0,,0
4365,3,1935-12-31,2365,1,S,1987-03-20,0,DV,21,11307,2005-03-10,1
4366,2,1976-08-10,0,0,A,1987-03-20,0,Unknown,21,10107,,0
4367,4,1977-06-22,0,0,C,1987-03-23,0,Unknown,21,10107,,0
4368,3,1961-06-18,1690,2,M,1987-03-24,2,Unknown,10,15707,,0
4369,2,1955-03-02,2300,2,U,1987-03-25,2,Unknown,10,13907,,0
4370,2,1982-02-09,0,0,C,1987-03-26,2,Unknown,21,10107,,0
4371,3,1945-09-02,0,0,A,1987-03-27,0,Unknown,10,0,,0
4372,2,1984-03-06,0,0,C,1987-03-27,2,Unknown,21,10107,,0
4373,4,1982-10-08,0,0,C,1987-03-27,0,Unknown,21,10107,,0
4374,2,1959-04-27,0,0,A,1987-03-30,0,Unknown,21,0,,0
4375,2,1930-08-02,0,0,M,1987-03-31,2,Unknown,10,17807,,0
4376,2,1956-12-05,0,0,A,1987-03-31,0,Unknown,10,14607,,0
4377,2,1951-07-08,0,0,M,1987-04-02,2,Unknown,10,17807,,0
4378,3,1954-04-01,0,0,M,1987-04-02,2,Unknown,10,10807,,0
4379,2,1980-07-21,0,0,C,1987-04-03,0,Unknown,21,11307,,0
4380,3,1954-02-20,0,0,A,1987-04-03,0,Unknown,10,0,,0
4381,3,1942-12-28,0,0,D,1987-04-06,2,Unknown,10,10307,,0
4382,2,1952-04-27,1983,2,M,1987-04-07,2,Unknown,10,0,,0
4383,3,1957-10-17,0,2,M,1987-04-07,2,Unknown,10,11307,,0
4384,3,1955-06-26,0,2,V,1987-04-09,2,Unknown,10,13507,,0
4385,2,1956-02-28,4432,2,M,1987-04-10,2,Unknown,10,13507,,0
4386,2,1961-11-08,0,0,M,1987-04-10,2,Unknown,21,12607,,0
4387,2,1972-04-24,0,0,A,1987-04-10,0,Unknown,21,10107,,0
4388,3,1944-04-25,0,0,A,1987-04-10,0,Unknown,10,10807,,0
4389,2,1957-04-22,0,0,A,1987-04-13,0,DC,21,16707,,0
4390,3,1949-06-29,0,0,A,1987-04-14,0,Unknown,10,17907,,0
4391,2,1964-08-03,0,0,A,1987-04-15,0,Unknown,10,0,,0
4392,2,1922-02-10,0,0,V,1987-04-15,2,DC,21,10107,,0
4393,2,1921-11-18,0,0,A,1987-04-16,0,DV,21,13907,2000-12-05,1
4394,2,1953-08-18,2808,2,E,1987-04-16,2,Unknown,10,17507,,0
4395,2,1958-08-28,0,0,A,1987-04-21,0,Unknown,10,0,,0
4396,2,1925-03-14,0,0,A,1987-04-22,0,DC,10,11307,,0
4397,2,1954-07-28,0,2,M,1987-04-23,0,Unknown,10,11907,,0
4398,3,1944-06-07,0,0,A,1987-04-23,0,Unknown,10,0,,0
4399,3,1950-01-03,2239,2,M,1987-04-24,2,Unknown,10,10207,,0
4400,2,1976-07-23,0,0,A,1987-04-24,0,Unknown,21,10107,,0
4401,3,1927-09-09,0,0,C,1987-04-27,2,Unknown,10,10107,,0
4402,3,1956-09-18,2948,1,E,1987-04-28,0,Unknown,21,0,,0
4403,2,1959-12-03,0,0,A,1987-04-28,0,Unknown,40,0,,0
4404,3,1938-12-18,0,0,M,1987-04-29,0,Unknown,10,10107,,0
4405,2,1957-01-19,0,0,A,1987-04-30,0,Unknown,10,11307,,0
4406,2,1985-01-17,0,0,C,1987-04-30,2,Unknown,21,10107,,0
4407,2,1928-01-09,0,0,C,1987-05-05,0,DC,10,17907,,0
4408,3,1954-03-17,0,0,A,1987-05-05,0,Unknown,10,0,,0
4409,3,1955-06-06,0,0,D,1987-05-06,2,Unknown,10,13507,,0
4410,2,1948-02-11,0,0,M,1987-05-06,2,Unknown,10,13507,,0
4411,3,1945-02-04,0,0,A,1987-05-07,0,Unknown,10,0,,0
4412,2,1961-05-07,0,0,A,1987-05-07,0,Unknown,21,0,,0
4413,2,1952-10-25,2500,2,M,1987-05-07,2,Unknown,10,10107,,0
4414,4,1963-07-01,0,0,C,1987-05-12,0,RA,10,10907,1994-10-27,1
4415,2,1948-01-06,2400,2,M,1987-05-13,2,Unknown,10,15707,,0
4416,2,1984-08-29,0,0,A,1987-05-13,0,Unknown,21,10107,,0
4417,2,1957-02-18,0,0,A,1987-05-14,0,Unknown,10,10107,,0
4418,3,1960-04-20,2400,2,M,1987-05-15,0,Unknown,10,11307,,0
4419,3,1955-03-19,0,0,A,1987-05-15,0,Unknown,10,12607,,0
4420,2,1951-12-24,1059,3,M,1987-05-18,0,Unknown,21,0,,0
4421,2,1939-09-16,2587,0,F,1987-05-19,2,Unknown,10,10107,,0
4422,3,1951-10-15,1668,1,B,1987-05-19,2,Unknown,10,10507,,0
4423,2,1979-07-05,1500,0,C,1987-05-19,0,DC,21,10107,,0
4424,3,1970-02-23,0,1,D,1987-05-19,2,Unknown,21,10107,,0
4425,3,1945-02-08,1311,0,M,1987-05-20,0,Unknown,10,0,,0
4426,2,1930-05-04,0,0,M,1987-05-20,2,Unknown,10,11307,,0
4427,3,1925-06-06,0,0,A,1987-05-21,0,DV,21,0,2003-12-29,1
4428,3,1958-04-25,0,0,A,1987-05-27,0,Unknown,10,0,,0
4429,2,1954-04-18,2222,2,M,1987-06-02,2,Unknown,10,15707,,0
4430,3,1950-04-20,0,0,A,1987-06-02,0,Unknown,21,0,,0
4431,3,1949-05-25,0,0,A,1987-06-02,0,DC,21,10107,,0
4432,2,1954-06-20,1717,1,M,1987-06-03,2,Unknown,10,10307,,0
4433,2,1948-03-12,0,1,M,1987-06-03,2,Unknown,10,10107,,0
4434,2,1958-06-16,0,0,A,1987-06-03,0,Unknown,10,0,,0
4435,3,1953-07-17,1776,1,V,1987-06-03,2,Unknown,10,10107,,0
4436,2,1936-12-30,0,0,M,1987-06-04,2,Unknown,10,11307,,0
4437,3,1930-08-27,0,0,M,1987-06-04,2,Unknown,10,10107,,0
4438,3,1926-07-18,0,0,V,1987-06-04,2,Unknown,10,18707,,0
4439,1,,0,0,A,1987-06-05,0,Unknown,61,14707,,0
4440,3,1954-06-19,0,0,A,1987-06-09,0,Unknown,21,0,,0
4441,2,1941-05-04,0,0,A,1987-06-09,0,Unknown,21,0,,0
4442,3,1965-01-19,2200,2,M,1987-06-09,2,Unknown,10,10107,,0
4443,2,1951-06-10,2874,1,M,1987-06-10,2,Unknown,10,10907,,0
4444,3,1942-07-21,1168,0,M,1987-06-10,0,Unknown,21,0,,0
4445,2,1959-07-31,3767,2,M,1987-06-11,2,Unknown,10,11307,,0
4446,3,1938-02-08,0,0,A,1987-06-16,0,Unknown,10,0,,0
4447,4,1982-03-06,0,0,C,1987-06-16,2,Unknown,21,10107,,0
4448,3,1939-05-13,0,0,M,1987-06-23,2,Unknown,10,11907,,0
4449,3,1947-12-15,1563,0,M,1987-06-23,2,Unknown,10,13507,,0
4450,2,1955-06-01,5016,3,M,1987-06-23,2,Unknown,10,16707,,0
4451,2,1958-03-19,0,0,M,1987-06-23,2,Unknown,10,12779,,0
4452,2,1922-09-08,0,0,D,1987-06-23,0,DC,21,13607,,0
4453,3,1945-05-02,0,0,A,1987-06-24,0,Unknown,10,0,,0
4454,2,1926-09-26,0,0,A,1987-06-26,0,DC,10,10307,,0
4455,2,1953-10-13,2156,1,D,1987-06-26,2,Unknown,10,10307,,0
4456,4,1959-09-25,1699,2,U,1987-06-26,2,Unknown,10,10107,,0
4457,3,1948-06-14,0,0,M,1987-06-26,2,Unknown,10,10107,,0
4458,2,1959-12-28,0,0,A,1987-06-29,0,Unknown,10,0,,0
4459,3,1949-02-16,1805,3,D,1987-06-30,2,Unknown,10,13907,,0
4460,3,1948-06-10,2600,0,A,1987-06-30,0,Unknown,21,0,,0
4461,2,1981-12-04,0,0,A,1987-07-02,0,Unknown,21,10107,,0
4462,3,1957-01-14,2050,1,M,1987-07-03,2,Unknown,10,10307,,0
4463,2,1940-02-13,0,0,M,1987-07-06,2,Unknown,10,14707,,0
4464,2,1937-05-10,1800,0,M,1987-07-08,2,Unknown,10,15707,,0
4465,2,1936-01-17,0,0,A,1987-07-09,0,Unknown,10,14607,,0
4466,2,1932-05-24,0,0,M,1987-07-15,2,Unknown,10,10907,,0
4467,3,1940-10-30,2230,2,M,1987-07-16,0,Unknown,10,0,,0
4468,2,1952-10-17,0,0,A,1987-07-16,0,Unknown,21,0,,0
4469,2,1954-11-19,0,0,A,1987-07-17,2,DV,10,13507,1995-02-01,1
4470,3,1960-01-24,0,0,D,1987-07-17,2,Unknown,10,12807,,0
4471,2,1950-06-11,1265,0,C,1987-07-17,2,Unknown,10,10507,,0
4472,2,1952-01-25,0,0,A,1987-07-20,2,DC,10,0,1995-02-01,1
4473,2,1953-10-21,3860,1,E,1987-07-22,2,Unknown,10,16707,,0
4474,4,1956-07-06,2270,0,C,1987-07-22,2,Unknown,10,10307,,0
4475,2,1946-01-06,0,0,A,1987-07-23,0,Unknown,10,13507,,0
4476,3,1950-04-27,0,0,M,1987-07-24,2,Unknown,21,0,,0
4477,3,1948-03-28,0,0,C,1987-07-27,2,Unknown,10,10207,,0
4478,3,1944-05-14,0,0,C,1987-07-27,2,Unknown,10,15707,,0
4479,4,1950-08-19,0,0,C,1987-07-27,0,Unknown,10,11307,,0
4480,3,1960-03-10,0,0,A,1987-07-29,0,Unknown,10,0,,0
4481,3,1960-10-03,0,2,M,1987-07-29,2,Unknown,10,10107,,0
4482,3,1960-07-18,0,2,M,1987-07-31,0,Unknown,10,0,,0
4483,4,1959-10-28,0,1,C,1987-07-31,2,Unknown,10,10107,,0
4484,2,1951-09-04,0,0,M,1987-07-31,2,Unknown,10,18707,,0
4485,4,1977-01-24,0,0,C,1987-08-03,2,Unknown,21,10107,,0
4486,3,1945-09-03,2130,0,M,1987-08-04,0,Unknown,21,0,,0
4487,2,1947-03-31,2160,2,M,1987-08-06,2,Unknown,10,10807,,0
4488,2,1948-10-06,2200,1,M,1987-08-10,2,Unknown,10,13807,,0
4489,2,1964-09-24,0,0,A,1987-08-10,0,Unknown,10,10907,,0
4490,3,1953-12-04,2364,2,D,1987-08-10,2,Unknown,10,10107,,0
4491,2,1949-12-03,0,0,A,1987-08-10,0,Unknown,10,18707,,0
4492,2,1957-12-27,0,0,A,1987-08-11,0,Unknown,10,0,,0
4493,3,1960-07-22,2100,2,G,1987-08-12,2,Unknown,10,0,,0
4494,4,1975-06-30,0,0,C,1987-08-12,0,Unknown,21,0,,0
4495,2,1935-02-07,0,0,M,1987-08-13,0,Unknown,10,13907,,0
4496,2,1954-02-02,2399,0,C,1987-08-13,2,Unknown,10,17907,,0
4497,2,1948-09-21,0,0,M,1987-08-14,0,Unknown,21,0,,0
4498,2,1950-11-09,0,2,M,1987-08-14,2,Unknown,10,10107,,0
4499,3,1954-11-22,1867,2,M,1987-08-14,2,Unknown,10,10107,,0
4500,2,1948-01-30,0,0,M,1987-08-18,2,Unknown,10,15707,,0
4501,3,1944-01-04,2000,0,D,1987-08-19,0,Unknown,10,11307,,0
4502,4,1954-12-01,0,0,C,1987-08-20,2,Unknown,10,10107,,0
4503,3,1949-10-05,2419,2,D,1987-08-24,2,Unknown,10,14607,,0
4504,2,1956-05-18,0,1,U,1987-08-24,2,Unknown,10,10107,,0
4505,3,1944-04-04,0,0,A,1987-08-26,0,Unknown,10,0,,0
4506,2,1961-06-05,2250,1,U,1987-08-26,2,Unknown,10,12807,,0
4507,2,1963-06-12,1577,2,M,1987-08-26,2,Unknown,10,10107,,0
4508,3,1954-03-16,0,0,A,1987-08-27,0,DC,10,10107,,0
4509,2,1945-07-03,2452,0,B,1987-08-28,2,Unknown,10,0,,0
4510,3,1948-05-30,0,0,A,1987-09-01,0,Unknown,10,0,,0
4511,2,1942-05-03,1950,3,D,1987-09-01,2,Unknown,10,10107,,0
4512,3,1962-01-13,0,0,C,1987-09-01,2,Unknown,10,10107,,0
4513,3,1964-09-16,1796,2,M,1987-09-01,2,Unknown,10,10107,,0
4514,3,1936-09-25,2100,0,M,1987-09-02,2,Unknown,10,11907,,0
4515,3,1964-03-07,0,2,M,1987-09-02,2,Unknown,10,18707,,0
4516,4,1965-05-03,0,0,C,1987-09-03,0,Unknown,10,0,,0
4517,4,1954-11-20,0,2,C,1987-09-03,2,Unknown,10,10107,,0
4518,3,1955-02-16,0,1,M,1987-09-01,0,Unknown,10,12779,,0
4519,4,1961-04-21,0,0,C,1987-09-04,2,Unknown,10,17807,,0
4520,4,1966-07-30,0,0,C,1987-09-07,0,Unknown,10,0,,0
4521,4,1964-09-30,0,0,C,1987-09-07,2,Unknown,10,10807,,0
4522,4,1960-03-10,2552,0,C,1987-09-08,2,Unknown,10,11907,,0
4523,3,1943-08-03,0,0,A,1987-09-09,0,DV,10,0,1993-04-21,1
4524,2,1943-01-28,0,0,A,1987-09-09,0,DA,21,0,2002-11-25,1
4525,2,1935-01-26,0,0,M,1987-09-09,2,Unknown,10,15607,,0
4526,3,1961-01-04,2150,2,M,1987-09-09,2,Unknown,10,10307,,0
4527,3,1946-10-21,1578,0,D,1987-09-09,2,Unknown,10,10107,,0
4528,3,1959-01-03,2005,2,M,1987-09-10,2,Unknown,10,16707,,0
4529,2,1978-06-16,0,0,A,1987-09-11,0,Unknown,21,10107,,0
4530,2,1945-07-22,0,0,A,1987-09-14,0,Unknown,21,0,,0
4531,2,1947-07-22,0,0,A,1987-09-15,0,Unknown,10,0,,0
4532,4,1953-06-13,2252,1,C,1987-09-16,2,Unknown,10,10107,,0
4533,4,1955-05-25,0,0,C,1987-09-21,2,Unknown,10,10607,,0
4534,2,1940-10-25,0,0,M,1987-09-22,2,Unknown,10,14707,,0
4535,4,1945-02-01,0,0,C,1987-09-23,2,Unknown,10,10107,,0
4536,2,1925-01-10,0,0,A,1987-09-23,0,DV,10,0,1993-03-24,1
4537,2,1933-09-21,0,0,A,1987-09-24,0,Unknown,10,11307,,0
4538,4,1982-10-18,0,0,C,1987-09-24,0,Unknown,21,10107,,0
4539,2,1976-07-25,0,0,A,1987-09-24,0,Unknown,21,10107,,0
4540,2,1949-06-28,1494,0,M,1987-09-24,2,Unknown,10,16707,,0
4541,2,1985-01-08,0,0,C,1987-09-28,2,Unknown,21,10107,,0
4542,4,1978-03-21,0,0,C,1987-09-28,2,Unknown,21,10107,,0
4543,2,1987-04-28,0,0,A,1987-09-28,0,Unknown,21,10107,,0
4544,2,1949-03-19,0,0,A,1987-09-29,0,Unknown,10,11607,,0
4545,3,1958-08-28,0,0,A,1987-09-29,0,Unknown,10,13607,,0
4546,2,1963-06-01,2800,2,M,1987-09-30,2,Unknown,10,10107,,0
4547,2,1959-05-14,2775,1,M,1987-10-05,2,Unknown,10,15807,,0
4548,3,1961-08-18,2617,2,D,1987-10-06,2,Unknown,10,10107,,0
4549,2,1928-09-16,0,0,A,1987-10-07,0,DC,21,11307,,0
4550,2,1947-02-21,0,0,A,1987-10-08,0,Unknown,21,0,,0
4551,3,1966-10-22,0,0,C,1987-10-12,0,Unknown,10,16807,,0
4552,4,1962-12-23,2160,3,C,1987-10-12,2,Unknown,10,13507,,0
4553,3,1938-09-24,0,0,D,1987-10-12,0,Unknown,10,0,,0
4554,2,1963-04-22,0,2,U,1987-10-13,0,DC,21,10107,,0
4555,2,1938-01-16,0,0,A,1987-10-13,0,Unknown,21,0,,0
4556,2,1951-05-25,2200,0,B,1987-10-13,2,Unknown,10,13907,,0
4557,3,1943-02-17,0,0,M,1987-10-14,2,Unknown,10,17507,,0
4558,2,1931-06-30,2500,0,M,1987-10-16,2,Unknown,10,13507,,0
4559,3,1960-03-26,0,0,A,1987-10-16,0,DV,21,10107,2001-08-20,1
4560,2,1937-08-10,2000,0,M,1987-10-16,2,Unknown,10,10507,,0
4561,3,1948-09-06,0,0,A,1987-10-19,0,Unknown,10,11307,,0
4562,2,1954-02-07,0,0,D,1987-10-23,2,Unknown,10,10307,,0
4563,3,1964-01-20,1875,2,M,1987-10-26,2,Unknown,10,16707,,0
4564,3,1939-02-14,0,0,M,1987-10-26,2,Unknown,21,10107,,0
4565,3,1961-02-12,2376,1,G,1987-10-26,2,Unknown,10,10907,,0
4566,2,1950-08-25,3784,3,M,1987-10-27,2,Unknown,10,13807,,0
4567,3,1944-08-23,1524,0,D,1987-10-27,2,Unknown,10,10607,,0
4568,3,1951-06-10,0,0,A,1987-10-28,0,DV,21,10307,2002-08-08,1
4569,2,1941-12-25,0,0,D,1987-10-28,2,Unknown,10,10107,,0
4570,2,1959-11-18,0,0,A,1987-11-03,2,Unknown,10,13507,,0
4571,3,1953-08-04,2200,2,M,1987-11-03,2,Unknown,21,0,,0
4572,2,1933-07-30,0,0,A,1987-11-04,0,Unknown,21,0,,0
4573,2,1948-07-17,1988,0,C,1987-11-04,2,Unknown,10,17907,,0
4574,3,1962-01-05,0,0,C,1987-11-05,0,Unknown,10,11307,,0
4575,3,1972-07-31,0,0,C,1987-11-05,2,Unknown,10,10107,,0
4576,3,1947-10-20,0,0,D,1987-11-10,2,Unknown,10,10107,,0
4577,4,1964-07-26,0,1,C,1987-11-10,2,Unknown,10,10107,,0
4578,2,1952-07-06,1730,0,U,1987-11-13,0,Unknown,10,16707,,0
4579,2,1933-03-06,2515,0,M,1987-11-16,2,Unknown,10,17807,,0
4580,2,1958-11-05,1524,2,M,1987-11-16,2,Unknown,10,11307,,0
4581,3,1948-01-27,850,0,G,1987-11-17,2,DA,21,0,2006-04-04,1
4582,3,1958-05-11,0,0,M,1987-11-17,2,Unknown,10,17507,,0
4583,3,1925-11-13,0,0,A,1987-11-17,0,Unknown,10,0,,0
4584,2,1952-12-21,0,0,A,1987-11-18,0,Unknown,10,0,,0
4585,2,1949-03-21,3908,0,M,1987-11-18,2,Unknown,10,13907,,0
4586,2,1961-08-29,3656,3,M,1987-11-18,2,Unknown,10,14707,,0
4587,3,1955-06-27,2398,1,M,1987-11-19,2,Unknown,10,10807,,0
4588,3,1941-09-04,0,0,A,1987-11-19,0,Unknown,10,0,,0
4589,3,1963-10-14,0,0,M,1987-11-19,2,Unknown,10,10107,,0
4590,2,1932-09-07,3000,0,B,1987-11-19,2,Unknown,10,16607,,0
4591,3,1956-06-16,0,0,A,1987-11-20,0,Unknown,10,0,,0
4592,2,1960-05-01,0,0,M,1987-11-20,2,Unknown,10,16707,,0
4593,3,1959-11-03,0,0,S,1987-11-20,2,Unknown,10,10107,,0
4594,2,1947-02-01,1480,1,M,1987-11-23,2,Unknown,10,16707,,0
4595,3,1930-03-22,0,0,A,1987-11-24,0,Unknown,10,11307,,0
4596,2,1974-03-24,0,0,C,1987-11-24,2,Unknown,21,10107,,0
4597,3,1950-08-22,0,0,M,1987-11-25,2,Unknown,10,10107,,0
4598,2,1948-03-24,0,0,A,1987-11-26,2,Unknown,10,15807,,0
4599,3,1943-10-03,0,0,A,1987-11-30,0,Unknown,10,0,,0
4600,2,1955-11-18,3341,3,B,1987-11-30,2,Unknown,10,10107,,0
4601,4,1960-05-24,0,0,C,1987-12-01,0,Unknown,21,0,,0
4602,3,1946-02-24,16620,0,V,1987-12-01,2,DV,21,16807,2007-04-10,1
4603,3,1952-05-08,2280,1,U,1987-11-30,2,Unknown,10,10107,,0
4604,3,1954-02-26,0,0,M,1987-12-04,2,Unknown,10,13507,,0
4605,2,1956-09-17,4193,2,M,1987-12-04,2,Unknown,10,13507,,0
4606,2,1949-09-11,0,2,M,1987-12-04,0,Unknown,10,13507,,0
4607,2,1941-01-17,0,0,M,1987-12-07,2,Unknown,10,13807,,0
4608,2,1952-03-03,4501,0,M,1987-12-07,2,Unknown,10,10607,,0
4609,2,1950-09-27,1765,0,G,1987-12-10,2,Unknown,21,11607,,0
4610,3,1959-04-23,3000,3,M,1987-12-14,2,Unknown,10,10107,,0
4611,2,1963-04-17,0,0,A,1987-12-14,0,Unknown,10,10907,,0
4612,2,1933-12-08,0,0,M,1987-12-15,2,Unknown,10,11907,,0
4613,2,1959-11-24,1417,2,C,1987-12-16,2,Unknown,10,17807,,0
4614,2,1986-11-06,0,0,A,1987-12-16,0,Unknown,21,10107,,0
4615,2,1979-07-07,0,0,C,1987-12-16,2,Unknown,10,10107,,0
4616,3,1955-01-04,0,0,D,1987-12-16,2,Unknown,10,17907,,0
4617,3,1930-02-08,0,0,A,1987-12-16,0,Unknown,10,17907,,0
4618,3,1937-08-31,0,0,B,1987-12-18,2,Unknown,10,12607,,0
4619,3,1952-02-16,0,0,C,1987-12-22,2,Unknown,10,15707,,0
4620,2,1949-07-10,0,0,A,1987-12-22,0,Unknown,10,0,,0
4621,3,1929-06-28,0,0,A,1987-12-22,2,DC,10,10107,1993-05-12,1
4622,3,1964-08-08,1570,2,M,1987-12-23,2,Unknown,10,10107,,0
4623,2,1987-09-06,0,0,C,1987-12-28,2,Unknown,21,10107,,0
4624,3,1947-07-19,0,0,A,1987-12-31,0,Unknown,10,13907,,0
4625,2,1953-11-14,0,0,C,1988-01-04,2,Unknown,10,10107,,0
4626,2,1960-02-17,0,0,A,1988-01-05,0,Unknown,10,10307,,0
4627,2,1937-12-19,3381,0,M,1988-01-06,2,Unknown,10,14607,,0
4628,2,1944-07-15,0,0,A,1988-01-08,0,Unknown,21,0,,0
4629,2,1951-12-05,2700,4,M,1988-01-08,2,Unknown,10,13807,,0
4630,3,1957-12-28,0,0,D,1988-01-08,2,Unknown,10,10907,,0
4631,2,1955-11-28,0,0,A,1988-01-11,0,Unknown,10,0,,0
4632,3,1950-01-21,0,0,A,1988-01-12,0,Unknown,10,0,,0
4633,3,1966-09-28,1787,3,M,1988-01-12,2,Unknown,10,16707,,0
4634,2,1942-10-21,0,0,A,1988-01-14,0,Unknown,10,0,,0
4635,3,1963-10-24,1780,3,M,1988-01-14,2,Unknown,10,10507,,0
4636,2,1967-03-24,0,0,A,1988-01-14,0,Unknown,10,10907,,0
4637,2,1935-05-17,0,0,M,1988-01-14,2,Unknown,10,14707,,0
4638,3,1964-09-05,2120,1,M,1988-01-15,2,Unknown,10,13607,,0
4639,2,1950-04-16,0,0,A,1988-01-15,0,Unknown,21,0,,0
4640,2,1928-06-21,0,0,A,1988-01-15,0,DV,21,10107,2003-06-30,1
4641,2,1958-11-12,0,0,M,1988-01-18,2,Unknown,10,14607,,0
4642,3,1950-10-08,2650,1,C,1988-01-19,2,Unknown,10,15707,,0
4643,2,1962-05-13,0,0,M,1988-01-19,2,Unknown,10,10307,,0
4644,2,1964-07-31,0,0,A,1988-01-19,0,Unknown,10,10207,,0
4645,3,1951-11-29,0,0,M,1988-01-20,2,Unknown,10,10907,,0
4646,2,1959-05-28,0,0,A,1988-01-21,0,Unknown,10,11307,,0
4647,2,1961-07-16,0,0,A,1988-01-21,0,DV,21,17807,2005-01-28,1
4648,3,1957-11-19,1700,1,M,1988-01-21,2,Unknown,10,10107,,0
4649,4,1963-08-04,0,0,C,1988-01-22,0,Unknown,10,12607,,0
4650,2,1938-09-17,1522,0,M,1988-01-22,2,Unknown,10,10807,,0
4651,2,1935-04-26,0,0,A,1988-01-25,0,Unknown,10,0,,0
4652,3,1951-02-15,2263,0,D,1988-01-25,2,Unknown,10,10107,,0
4653,2,1959-01-20,0,0,A,1988-01-26,0,DV,10,0,1993-11-04,1
4654,2,1964-08-19,0,0,A,1988-01-26,0,DV,10,0,1995-06-14,1
4655,3,1956-12-11,0,0,A,1988-01-26,0,Unknown,21,0,,0
4656,4,1943-06-07,0,0,A,1988-01-27,0,Unknown,10,0,,0
4657,2,1962-03-24,0,0,A,1988-01-27,0,Unknown,10,10907,,0
4658,2,1952-06-11,0,0,A,1988-01-28,0,Unknown,10,0,,0
4659,2,1955-12-31,0,0,A,1988-01-29,0,Unknown,10,0,,0
4660,3,1938-12-27,0,0,D,1988-02-01,0,DV,21,10107,2005-01-07,1
4661,3,1938-06-04,1416,0,V,1988-02-02,2,Unknown,10,17807,,0
4662,3,1955-08-11,2376,1,B,1988-02-03,2,Unknown,10,10107,,0
4663,4,1957-04-11,0,2,C,1988-02-03,0,Unknown,10,0,,0
4664,2,1952-03-31,0,0,A,1988-02-04,0,Unknown,10,0,,0
4665,3,1954-02-04,0,0,M,1988-02-08,2,Unknown,10,14607,,0
4666,2,1949-05-05,1448,2,G,1988-02-09,2,Unknown,10,13607,,0
4667,3,1964-04-02,1884,2,C,1988-02-09,2,Unknown,10,10307,,0
4668,3,1921-11-15,0,0,A,1988-02-11,0,DC,10,15607,,0
4669,2,1948-04-13,0,0,A,1988-02-15,0,Unknown,10,11307,,0
4670,3,1943-12-24,0,0,M,1988-02-15,2,Unknown,10,13607,,0
4671,2,1953-09-23,0,0,C,1988-02-17,0,Unknown,21,15707,,0
4672,3,1950-11-27,0,0,A,1988-02-18,2,DA,21,0,1997-08-06,1
4673,3,1965-05-12,2326,0,M,1988-02-19,2,Unknown,10,10107,,0
4674,3,1959-02-25,0,3,S,1988-02-19,2,Unknown,10,16707,,0
4675,2,1952-01-10,0,0,A,1988-02-22,0,Unknown,21,0,,0
4676,4,1953-01-05,0,0,C,1988-02-22,0,Unknown,10,11307,,0
4677,2,1948-04-06,0,0,M,1988-02-22,2,Unknown,10,16707,,0
4678,2,1947-07-18,0,0,S,1988-02-23,0,DC,21,15607,,0
4679,2,1947-11-11,2031,1,M,1988-02-24,2,Unknown,10,17807,,0
4680,2,1940-07-04,3887,2,M,1988-02-25,2,Unknown,10,10207,,0
4681,3,1938-09-13,0,0,A,1988-02-25,0,Unknown,10,0,,0
4682,2,1925-05-09,0,0,A,1988-02-29,2,Unknown,10,10207,,0
4683,3,1937-10-12,0,0,M,1988-02-29,2,Unknown,10,10307,,0
4684,3,1945-09-14,2800,0,D,1988-03-01,2,Unknown,10,10307,,0
4685,3,1948-03-12,0,0,A,1988-03-01,0,Unknown,10,0,,0
4686,2,1950-01-29,0,0,C,1988-03-02,2,Unknown,10,10107,,0
4687,2,1963-12-27,0,0,M,1988-03-03,2,Unknown,21,0,,0
4688,3,1932-10-10,0,0,V,1988-03-04,2,Unknown,10,11907,,0
4689,2,1925-12-08,0,0,A,1988-03-07,0,Unknown,10,0,,0
4690,4,1954-07-03,0,0,C,1988-03-08,0,Unknown,10,0,,0
4691,3,1957-03-04,1540,2,M,1988-03-08,0,Unknown,21,0,,0
4692,3,1943-02-07,0,0,A,1988-03-09,0,Unknown,21,0,,0
4693,3,1961-01-22,0,0,C,1988-03-10,0,Unknown,10,15807,,0
4694,3,1946-04-19,1780,0,C,1988-03-11,2,Unknown,10,0,,0
4695,2,1953-08-22,0,0,A,1988-03-14,0,Unknown,10,16707,,0
4696,3,1959-01-07,1264,0,A,1988-03-15,0,Unknown,21,0,,0
4697,3,1960-07-01,0,2,M,1988-03-15,2,Unknown,10,12607,,0
4698,3,1977-06-29,0,0,C,1988-03-15,2,Unknown,21,10107,,0
4699,4,1949-08-18,0,0,C,1988-03-17,0,Unknown,10,0,,0
4700,3,1964-10-01,0,2,M,1988-03-17,0,Unknown,10,12607,,0
4701,2,1955-08-24,0,0,M,1988-03-17,2,Unknown,10,13507,,0
4702,3,1961-08-21,0,3,M,1988-03-21,2,Unknown,10,10107,,0
4703,2,1944-06-10,0,0,A,1988-03-21,0,DC,21,0,1993-06-23,1
4704,3,1946-01-30,2033,0,M,1988-03-21,2,Unknown,10,16607,,0
4705,2,1950-07-27,0,0,A,1988-03-22,0,Unknown,10,0,,0
4706,4,1967-07-23,0,0,C,1988-03-22,0,Unknown,10,11307,,0
4707,3,1954-02-15,1194,0,D,1988-03-24,2,Unknown,10,13907,,0
4708,2,1978-04-04,0,0,C,1988-03-28,2,Unknown,21,10107,,0
4709,2,1978-12-21,0,0,C,1988-03-28,2,Unknown,21,10107,,0
4710,3,1945-05-13,0,0,M,1988-03-29,2,Unknown,10,17807,,0
4711,3,1941-04-06,0,0,A,1988-03-30,0,Unknown,10,0,,0
4712,3,1947-01-25,0,0,A,1988-03-30,0,Unknown,10,0,,0
4713,2,1945-09-19,0,2,M,1988-04-01,2,Unknown,10,10107,,0
4714,3,1952-02-02,2301,1,M,1988-04-05,0,Unknown,10,11307,,0
4715,4,1958-06-12,2202,2,S,1988-04-05,2,Unknown,10,10607,,0
4716,2,1963-10-20,1600,2,M,1988-04-06,2,Unknown,10,10107,,0
4717,3,1945-12-11,1214,0,M,1988-04-08,2,Unknown,10,16707,,0
4718,2,1952-09-08,0,0,A,1988-04-08,2,DV,10,0,1991-06-12,1
4719,2,1944-04-11,1981,0,M,1988-04-11,2,Unknown,10,12807,,0
4720,4,1985-05-17,0,0,C,1988-04-11,2,Unknown,21,16707,,0
4721,4,1966-09-16,0,0,C,1988-04-12,0,Unknown,10,10107,,0
4722,3,1962-05-23,2282,2,M,1988-04-13,2,Unknown,10,11307,,0
4723,2,1953-08-08,1475,2,M,1988-04-18,2,Unknown,10,15707,,0
4724,2,1929-08-24,0,0,A,1988-04-18,0,Unknown,10,0,,0
4725,3,1933-08-04,0,0,A,1988-04-19,0,Unknown,21,0,,0
4726,3,1954-04-14,2000,0,M,1988-04-19,0,Unknown,21,0,,0
4727,2,1956-03-19,0,0,A,1988-04-20,0,Unknown,21,0,,0
4728,3,1956-04-11,0,0,A,1988-04-20,0,Unknown,10,11307,,0
4729,2,1941-04-30,0,0,A,1988-04-21,0,Unknown,10,0,,0
4730,3,1944-08-01,2280,2,D,1988-04-21,2,Unknown,10,17907,,0
4731,3,1948-05-03,0,0,M,1988-04-26,2,Unknown,10,0,,0
4732,2,1942-12-31,2653,0,D,1988-04-27,2,Unknown,10,17907,,0
4733,3,1939-10-20,0,0,A,1988-04-28,0,Unknown,10,0,,0
4734,2,1942-08-29,0,0,A,1988-05-03,0,RA,10,0,1995-03-22,1
4735,2,1975-02-23,0,0,A,1988-05-03,0,Unknown,21,0,,0
4736,2,1956-02-16,4300,2,M,1988-05-04,2,Unknown,10,18707,,0
4737,2,1946-08-01,2340,2,M,1988-05-04,2,Unknown,10,17907,,0
4738,3,1950-01-12,1921,3,M,1988-05-02,2,Unknown,10,12779,,0
4739,2,1939-08-24,0,0,A,1988-05-04,0,Unknown,10,0,,0
4740,2,1963-09-21,0,0,A,1988-05-05,0,DC,10,0,1993-03-03,1
4741,3,1933-04-29,0,0,A,1988-05-05,0,Unknown,10,11307,,0
4742,2,1953-02-19,2909,2,M,1988-05-05,2,Unknown,10,10207,,0
4743,2,1936-01-17,0,0,M,1988-05-09,2,Unknown,10,13807,,0
4744,3,1957-12-05,1889,2,B,1988-05-09,2,Unknown,10,10207,,0
4745,3,1976-12-22,0,0,A,1988-05-10,0,Unknown,10,10107,,0
4746,3,1950-12-14,0,0,M,1988-05-11,2,Unknown,10,13807,,0
4747,2,1948-01-25,2700,0,D,1988-05-13,2,Unknown,10,16607,,0
4748,3,1957-12-25,0,0,C,1988-05-16,2,Unknown,10,10207,,0
4749,2,1933-03-26,0,0,A,1988-05-16,0,DC,10,0,,0
4750,2,1975-10-07,0,0,A,1988-05-16,0,Unknown,21,10107,,0
4751,4,1960-02-01,0,0,C,1988-05-11,0,Unknown,10,11607,,0
4752,2,1972-06-02,0,0,A,1988-05-17,0,Unknown,21,0,,0
4753,3,1957-11-13,1754,3,D,1988-05-17,2,Unknown,10,10107,,0
4754,3,1946-02-08,2030,0,A,1988-05-19,0,Unknown,21,0,,0
4755,3,1943-09-23,0,0,M,1988-05-19,2,Unknown,10,16607,,0
4756,2,1962-05-30,3110,0,S,1988-05-24,0,Unknown,10,10807,,0
4757,4,1959-07-21,0,0,C,1988-05-25,0,DV,10,18507,1995-11-13,1
4758,2,1951-05-23,0,0,A,1988-05-25,0,Unknown,10,0,,0
4759,3,1945-03-17,0,0,M,1988-05-26,2,Unknown,10,17807,,0
4760,2,1950-09-10,0,0,M,1988-05-27,2,Unknown,10,10207,,0
4761,2,1959-06-23,1400,0,C,1988-05-27,2,Unknown,10,11907,,0
4762,2,1946-07-14,0,0,A,1988-06-01,0,Unknown,21,0,,0
4763,2,1941-09-23,0,0,A,1988-06-03,0,Unknown,21,0,,0
4764,2,1983-08-15,0,0,A,1988-06-03,0,Unknown,21,0,,0
4765,4,1959-04-16,0,0,C,1988-06-03,0,Unknown,10,0,,0
4766,3,1961-10-24,1828,1,D,1988-06-07,2,Unknown,10,10907,,0
4767,3,1959-04-28,900,3,M,1988-06-08,0,Unknown,10,0,,0
4768,4,1987-10-09,0,0,C,1988-06-08,0,Unknown,21,10107,,0
4769,3,1949-07-03,0,1,M,1988-06-10,2,Unknown,10,11607,,0
4770,2,1936-09-16,0,0,A,1988-06-13,0,DV,21,14607,2004-12-24,1
4771,3,1942-11-15,1762,0,M,1988-06-14,2,Unknown,10,10107,,0
4772,2,1960-02-19,2600,3,M,1988-06-15,2,Unknown,10,13507,,0
4773,3,1945-01-19,0,0,A,1988-06-16,0,Unknown,21,0,,0
4774,4,1963-02-12,0,0,C,1988-06-16,2,Unknown,10,13507,,0
4775,3,1964-04-30,1639,3,M,1988-06-17,2,Unknown,10,16807,,0
4776,3,1941-07-22,0,0,A,1988-06-17,0,Unknown,10,11307,,0
4777,2,1965-03-06,0,0,A,1988-06-17,0,Unknown,10,0,,0
4778,4,1985-01-01,0,0,C,1988-06-17,0,Unknown,21,10807,,0
4779,3,1948-06-04,2576,2,A,1988-06-17,0,Unknown,10,16707,,0
4780,2,1950-11-17,0,0,A,1988-06-20,0,Unknown,10,0,,0
4781,4,1942-07-15,1980,0,C,1988-06-20,2,Unknown,10,11907,,0
4782,3,1933-07-11,0,0,A,1988-06-21,0,Unknown,21,0,,0
4783,2,1951-02-12,0,0,A,1988-06-21,0,Unknown,21,0,,0
4784,3,1958-02-11,2176,2,B,1988-06-21,2,Unknown,10,13907,,0
4785,3,1955-02-08,0,0,A,1988-06-21,0,Unknown,10,13907,,0
4786,3,1962-07-27,0,0,C,1988-06-22,2,Unknown,10,12607,,0
4787,3,1959-04-26,0,0,V,1988-06-23,2,Unknown,10,18707,,0
4788,3,1944-10-26,0,0,D,1988-06-23,2,Unknown,10,10907,,0
4789,3,1963-08-06,0,1,V,1988-06-23,2,Unknown,10,10307,,0
4790,2,1929-02-19,0,0,A,1988-06-27,0,Unknown,10,0,,0
4791,2,1951-02-12,0,0,C,1988-06-27,2,Unknown,10,16707,,0
4792,4,1988-04-03,0,0,C,1988-06-27,0,Unknown,21,10107,,0
4793,3,1954-12-08,1771,0,U,1988-06-22,2,Unknown,10,12779,,0
4794,2,1955-12-05,0,0,A,1988-06-28,0,Unknown,10,10907,,0
4795,3,1938-05-21,0,0,A,1988-06-29,0,Unknown,10,0,,0
4796,2,1946-09-03,2700,0,U,1988-06-29,2,Unknown,10,15807,,0
4797,3,1936-03-24,2795,0,C,1988-06-30,2,Unknown,10,15707,,0
4798,3,1974-06-23,1287,2,M,1988-06-30,2,Unknown,10,10107,,0
4799,2,1960-12-10,0,0,A,1988-07-04,0,Unknown,23,0,,0
4800,2,1958-11-27,0,0,A,1988-07-04,0,Unknown,21,0,,0
4801,2,1934-07-26,0,0,A,1988-07-04,0,DC,21,0,,0
4802,3,1946-07-27,4120,0,V,1988-07-05,2,Unknown,10,13507,,0
4803,3,1950-04-08,0,0,A,1988-07-07,0,Unknown,21,0,,0
4804,2,1946-12-09,0,0,A,1988-07-07,0,Unknown,10,0,,0
4805,3,1921-09-15,0,0,A,1988-07-08,0,DV,10,0,1996-05-31,1
4806,3,1944-11-02,0,0,A,1988-07-08,0,Unknown,10,11307,,0
4807,2,1964-09-21,0,0,A,1988-07-11,0,DV,10,0,1994-05-11,1
4808,2,1966-06-12,870,3,M,1988-07-11,2,Unknown,10,16607,,0
4809,2,1939-01-02,0,0,A,1988-07-11,0,Unknown,10,10107,,0
4810,2,1939-12-05,0,0,M,1988-07-11,2,Unknown,10,10907,,0
4811,2,1960-01-08,0,0,A,1988-07-11,0,Unknown,10,0,,0
4812,3,1935-07-01,0,0,A,1988-07-12,0,Unknown,21,0,,0
4813,4,1982-09-10,0,0,C,1988-07-12,2,Unknown,21,10107,,0
4814,3,1960-05-14,0,2,U,1988-07-13,2,Unknown,10,18707,,0
4815,2,1955-11-14,0,3,M,1988-07-18,2,Unknown,10,10307,,0
4816,3,1959-04-15,0,0,C,1988-07-19,2,Unknown,10,10307,,0
4817,4,1960-08-16,0,0,U,1988-07-19,2,Unknown,10,10107,,0
4818,2,1948-12-15,3100,0,A,1988-07-20,0,Unknown,21,0,,0
4819,3,1946-10-14,0,0,A,1988-07-21,0,Unknown,21,0,,0
4820,3,1942-04-24,1418,0,M,1988-07-21,0,Unknown,10,11307,,0
4821,2,1935-08-28,0,0,M,1988-07-21,0,Unknown,10,13507,,0
4822,3,1956-11-22,0,0,A,1988-07-18,0,Unknown,10,12779,,0
4823,3,1939-03-24,0,0,M,1988-07-26,2,Unknown,21,10107,,0
4824,4,1944-02-09,0,0,C,1988-07-26,0,Unknown,10,0,,0
4825,2,1946-03-02,0,0,M,1988-07-27,2,Unknown,10,10107,,0
4826,3,1947-04-19,0,0,V,1988-07-27,2,Unknown,10,14707,,0
4827,2,1959-03-14,2354,0,P,1988-07-27,2,Unknown,10,18707,,0
4828,2,1966-04-07,0,0,A,1988-07-29,0,Unknown,10,0,,0
4829,2,1934-08-17,1143,0,M,1988-08-01,0,Unknown,21,0,,0
4830,4,1988-05-23,0,0,C,1988-08-01,2,Unknown,21,10107,,0
4831,2,1944-11-04,0,0,A,1988-08-02,0,Unknown,10,0,,0
4832,2,1955-02-23,0,0,M,1988-08-02,2,Unknown,21,0,,0
4833,4,1964-04-30,1536,3,U,1988-08-02,2,Unknown,10,14607,,0
4834,2,1960-09-26,0,2,M,1988-08-04,2,Unknown,10,10107,,0
4835,3,1942-02-21,0,0,D,1988-08-05,2,Unknown,10,10907,,0
4836,4,1957-04-29,1650,2,B,1988-08-09,0,Unknown,10,11307,,0
4837,3,1935-02-09,0,0,A,1988-08-09,0,Unknown,10,0,,0
4838,3,1935-09-16,2335,0,V,1988-08-12,2,Unknown,10,10107,,0
4839,2,1936-02-14,0,0,A,1988-08-16,0,Unknown,22,0,,0
4840,4,1941-05-21,2240,2,C,1988-08-17,2,Unknown,10,11607,,0
4841,3,1962-02-10,0,0,M,1988-08-19,2,Unknown,10,16807,,0
4842,2,1944-06-14,1841,0,D,1988-08-22,0,Unknown,10,0,,0
4843,2,1947-08-05,2133,0,D,1988-08-24,2,Unknown,10,13807,,0
4844,2,1953-04-19,4842,4,M,1988-08-24,2,Unknown,10,18707,,0
4845,2,1964-05-03,1417,0,M,1988-08-29,2,Unknown,10,11907,,0
4846,3,1950-01-01,0,1,D,1988-08-29,2,Unknown,10,18707,,0
4847,2,1949-09-12,0,0,A,1988-08-31,0,Unknown,21,0,,0
4848,3,1954-07-25,2583,1,D,1988-09-01,2,Unknown,10,10107,,0
4849,2,1945-01-02,2500,0,V,1988-09-01,2,Unknown,10,13507,,0
4850,2,1960-08-11,0,0,A,1988-09-02,0,Unknown,21,0,,0
4851,4,1965-07-18,2735,0,C,1988-09-02,2,Unknown,10,12607,,0
4852,3,1937-04-21,0,0,A,1988-09-02,0,Unknown,10,11607,,0
4853,2,1945-11-03,0,0,A,1988-09-05,0,Unknown,10,0,,0
4854,4,1955-02-21,3100,1,C,1988-09-05,2,Unknown,10,10107,,0
4855,3,1966-11-08,0,2,M,1988-09-06,2,Unknown,10,10107,,0
4856,2,1963-06-04,0,1,M,1988-09-07,2,Unknown,10,10107,,0
4857,2,1962-08-29,0,1,U,1988-09-07,2,Unknown,10,10107,,0
4858,2,1956-01-10,0,0,A,1988-09-09,0,Unknown,10,0,,0
4859,3,1943-08-13,2450,0,M,1988-09-09,2,Unknown,10,16707,,0
4860,4,1964-03-05,0,0,C,1988-09-12,0,DV,21,13507,2001-02-27,1
4861,2,1958-08-22,0,0,A,1988-09-12,0,Unknown,10,13507,,0
4862,2,1947-08-13,0,0,A,1988-09-15,0,Unknown,21,0,,0
4863,2,1941-02-12,0,0,A,1988-09-15,0,Unknown,21,0,,0
4864,2,1947-10-06,0,0,A,1988-09-15,0,Unknown,21,0,,0
4865,3,1957-12-28,0,0,A,1988-09-19,0,Unknown,21,0,,0
4866,2,1951-09-19,7012,0,A,1988-09-19,0,Unknown,21,0,,0
4867,4,1946-10-11,0,0,C,1988-09-16,2,Unknown,10,12779,,0
4868,3,1934-07-10,1838,4,M,1988-09-20,0,Unknown,10,11307,,0
4869,2,1951-11-08,0,0,M,1988-09-20,2,Unknown,10,13607,,0
4870,2,1964-11-09,0,3,M,1988-09-21,2,Unknown,10,10107,,0
4871,4,1963-03-19,1571,0,U,1988-09-20,2,Unknown,10,10107,,0
4872,2,1976-08-22,0,0,A,1988-09-26,0,Unknown,21,10107,,0
4873,4,1978-04-28,0,0,C,1988-09-26,2,Unknown,10,10107,,0
4874,2,1964-07-24,1871,2,M,1988-09-27,2,Unknown,10,10507,,0
4875,3,1950-09-18,0,0,A,1988-09-27,2,DC,10,0,1991-12-26,1
4876,3,1946-07-07,0,0,A,1988-09-28,0,DC,10,0,1994-04-13,1
4877,4,1971-09-03,0,0,C,1988-09-30,0,Unknown,21,10107,,0
4878,2,1962-01-01,0,0,A,1988-09-30,0,RA,21,0,2003-08-01,1
4879,4,1944-05-22,0,0,C,1988-10-03,0,DC,10,12807,,0
4880,4,1961-01-19,0,0,C,1988-10-03,0,Unknown,10,10307,,0
4881,3,1958-08-26,2700,2,M,1988-10-03,2,Unknown,10,18707,,0
4882,2,1945-05-15,0,0,A,1988-10-04,0,Unknown,21,0,,0
4883,3,1958-03-06,0,1,M,1988-10-05,2,Unknown,10,17807,,0
4884,2,1988-05-29,0,0,A,1988-10-06,0,Unknown,40,0,,0
4885,3,1950-05-20,2680,0,C,1988-10-07,0,Unknown,10,0,,0
4886,2,1986-04-26,0,0,C,1988-10-12,2,Unknown,21,10107,,0
4887,4,1966-01-05,0,0,C,1988-10-13,0,Unknown,10,11307,,0
4888,2,1988-09-11,0,0,C,1988-10-14,2,Unknown,21,10107,,0
4889,3,1936-08-18,5637,0,M,1988-10-17,0,Unknown,10,0,,0
4890,4,1961-10-26,1219,0,U,1988-10-17,2,Unknown,10,11607,,0
4891,2,1952-08-05,0,0,A,1988-10-18,0,Unknown,21,0,,0
4892,2,1963-09-08,1910,2,M,1988-10-18,2,Unknown,10,17807,,0
4893,4,1963-01-21,0,0,C,1988-10-18,2,Unknown,10,15807,,0
4894,2,1987-08-12,0,0,A,1988-10-19,0,Unknown,21,10107,,0
4895,2,1987-12-06,0,0,C,1988-10-20,2,Unknown,21,10107,,0
4896,3,1955-02-01,3141,3,M,1988-10-18,2,Unknown,10,12779,,0
4897,1,,0,0,A,1988-10-21,0,Unknown,50,11307,,0
4898,2,1974-03-30,0,0,C,1988-10-21,2,Unknown,10,10107,,0
4899,2,1934-01-19,0,0,V,1988-10-24,2,Unknown,21,10107,,0
4900,3,1952-02-16,0,0,M,1988-10-24,2,Unknown,10,0,,0
4901,3,1944-12-01,900,0,G,1988-10-24,2,Unknown,10,17807,,0
4902,3,1940-05-02,0,0,A,1988-10-24,0,Unknown,21,0,,0
4903,3,1942-05-11,0,0,A,1988-10-24,0,Unknown,21,0,,0
4904,2,1952-07-07,2733,3,M,1988-10-24,0,Unknown,21,0,,0
4905,2,1972-12-14,0,0,A,1988-10-24,0,Unknown,21,10107,,0
4906,3,1943-07-16,0,0,M,1988-10-27,2,Unknown,10,10107,,0
4907,2,1953-04-10,0,0,A,1988-10-28,0,Unknown,10,11307,,0
4908,4,1988-07-26,0,0,C,1988-11-02,2,Unknown,21,10107,,0
4909,3,1967-05-03,1671,2,M,1988-11-03,2,Unknown,10,16707,,0
4910,2,1954-08-08,0,0,A,1988-11-04,0,Unknown,10,0,,0
4911,3,1947-03-27,0,2,D,1988-11-03,2,Unknown,10,12779,,0
4912,4,1961-08-30,0,0,C,1988-11-07,2,Unknown,10,17907,,0
4913,3,1905-12-24,0,0,A,1988-11-08,0,Unknown,21,0,,0
4914,2,1950-02-18,0,0,A,1988-11-08,0,DV,21,15807,1999-01-26,1
4915,2,1955-06-28,0,0,A,1988-11-09,0,Unknown,10,0,,0
4916,4,1979-12-31,0,0,C,1988-11-08,2,Unknown,21,10107,,0
4917,2,1980-12-19,0,0,C,1988-11-08,2,Unknown,21,10107,,0
4918,4,1987-03-19,0,0,C,1988-11-10,2,Unknown,21,10107,,0
4919,3,1957-03-26,0,2,M,1988-11-14,2,Unknown,10,10307,,0
4920,4,1984-04-10,0,0,C,1988-11-14,2,Unknown,21,10107,,0
4921,4,1957-01-13,0,0,C,1988-11-17,0,Unknown,10,11307,,0
4922,3,1964-05-18,0,1,M,1988-11-17,2,Unknown,10,13907,,0
4923,3,1943-12-21,0,0,A,1988-11-17,0,Unknown,21,10107,,0
4924,3,1952-09-09,2820,1,C,1988-11-17,2,Unknown,10,10807,,0
4925,2,1925-06-14,0,0,A,1988-11-18,0,Unknown,22,0,,0
4926,2,1958-09-28,0,0,M,1988-11-18,2,Unknown,10,10807,,0
4927,3,1964-12-03,0,0,M,1988-11-18,2,Unknown,10,18707,,0
4928,2,1963-10-19,0,0,A,1988-11-21,0,Unknown,10,11307,,0
4929,2,1933-05-18,0,0,A,1988-11-21,0,Unknown,21,0,,0
4930,2,1948-04-05,0,0,A,1988-11-21,0,Unknown,10,11907,,0
4931,2,1980-04-04,0,0,C,1988-11-21,2,Unknown,21,10107,,0
4932,3,1947-08-06,0,0,D,1988-11-22,2,Unknown,10,16707,,0
4933,4,1965-03-08,1205,3,C,1988-11-23,2,Unknown,10,18707,,0
4934,3,1951-11-11,1939,0,D,1988-11-24,2,Unknown,10,10907,,0
4935,3,1945-08-02,2320,0,D,1988-11-25,2,Unknown,10,11907,,0
4936,4,1976-05-03,0,0,C,1988-11-25,2,Unknown,10,10107,,0
4937,3,1957-02-16,0,0,A,1988-11-25,2,Unknown,10,10107,,0
4938,3,1942-02-11,0,0,A,1988-11-30,0,Unknown,21,0,,0
4939,2,1953-03-15,0,0,A,1988-12-01,0,DC,21,0,,0
4940,2,1984-07-09,1200,0,C,1988-12-01,0,Unknown,10,10107,,0
4941,2,1937-03-27,0,0,M,1988-12-01,2,Unknown,10,15807,,0
4942,3,1942-05-14,2300,1,D,1988-12-01,2,Unknown,10,16707,,0
4943,4,1975-06-06,0,0,C,1988-12-02,0,Unknown,21,10107,,0
4944,4,1945-09-26,0,0,C,1988-12-06,0,Unknown,22,0,,0
4945,3,1955-09-13,1200,1,D,1988-12-06,2,Unknown,10,10907,,0
4946,2,1950-01-14,3014,1,M,1988-12-07,2,Unknown,10,16707,,0
4947,2,1943-09-04,2400,0,M,1988-12-08,0,Unknown,10,11307,,0
4948,2,1953-04-10,0,0,A,1988-12-08,2,Unknown,10,10907,,0
4949,3,1933-09-12,0,0,V,1988-12-08,2,Unknown,10,10907,,0
4950,2,1960-02-01,1568,2,M,1988-12-09,2,Unknown,10,10107,,0
4951,3,1932-12-14,0,0,A,1988-12-13,0,Unknown,23,0,,0
4952,4,1966-04-19,0,0,C,1988-12-15,0,Unknown,10,16707,,0
4953,4,1949-05-17,0,0,C,1988-12-15,0,Unknown,10,0,,0
4954,3,1951-03-20,0,1,C,1988-12-16,2,Unknown,10,10107,,0
4955,4,1963-11-10,1900,1,C,1988-12-19,2,Unknown,10,18507,,0
4956,3,1957-08-16,1372,3,M,1988-12-19,2,Unknown,10,13807,,0
4957,2,1944-04-27,3479,0,U,1988-12-19,2,Unknown,10,13907,,0
4958,4,1933-04-01,0,0,C,1988-12-19,0,Unknown,10,10607,,0
4959,3,1943-01-03,1300,0,V,1988-12-20,2,Unknown,10,10107,,0
4960,3,1945-02-02,1200,0,G,1988-12-20,2,Unknown,10,10107,,0
4961,2,1976-11-06,0,0,C,1988-12-20,2,Unknown,21,10107,,0
4962,2,1943-02-10,1909,0,D,1988-12-20,2,Unknown,10,13507,,0
4963,2,1954-01-19,1350,0,A,1988-12-21,0,Unknown,10,0,,0
4964,2,1985-11-24,0,0,C,1988-12-21,2,Unknown,21,10107,,0
4965,2,1958-11-28,0,0,C,1988-12-22,2,Unknown,10,10107,,0
4966,3,1951-08-03,0,0,M,1988-12-23,2,Unknown,10,14707,,0
4967,1,,0,0,A,1988-12-23,0,Unknown,50,10107,,0
4968,1,,0,0,A,1988-12-23,0,Unknown,50,10107,,0
4969,1,,0,0,A,1988-12-23,0,Unknown,50,10107,,0
4970,3,1943-03-17,0,0,A,1988-12-26,0,Unknown,22,0,,0
4971,3,1960-05-10,0,0,A,1988-12-26,0,Unknown,21,0,,0
4972,3,1956-02-09,0,2,C,1988-12-26,2,Unknown,10,13507,,0
4973,4,1962-11-24,0,2,C,1988-12-26,2,Unknown,10,10907,,0
4974,4,1968-03-21,0,0,C,1988-12-27,0,Unknown,10,0,,0
4975,2,1962-05-02,0,0,M,1988-12-27,2,Unknown,10,10107,,0
4976,3,1954-12-18,0,0,A,1988-12-28,0,Unknown,21,0,,0
4977,3,1936-11-30,1353,0,S,1988-12-28,0,DC,10,11307,,0
4978,4,1977-02-25,0,0,C,1988-12-28,2,Unknown,21,10107,,0
4979,3,1946-09-23,0,0,A,1988-12-29,0,Unknown,21,0,,0
4980,2,1945-12-30,0,0,A,1988-12-29,0,Unknown,10,11307,,0
4981,2,1934-01-03,0,0,A,1988-12-30,2,DV,10,0,1992-02-12,1
4982,4,1984-10-24,0,0,C,1988-12-30,2,Unknown,21,10107,,0
4983,3,1962-04-18,0,0,M,1989-01-03,2,Unknown,10,11907,,0
4984,3,1951-09-20,2396,1,C,1989-01-03,2,Unknown,10,10907,,0
4985,3,1950-07-27,0,1,D,1989-01-06,0,Unknown,10,10907,,0
4986,2,1958-05-08,0,3,M,1989-01-06,2,Unknown,10,17907,,0
4987,3,1962-04-25,617,4,G,1989-01-09,0,Unknown,21,0,,0
4988,4,1974-08-23,0,0,C,1989-01-09,0,Unknown,21,0,,0
4989,4,1987-11-05,0,0,C,1989-01-10,2,Unknown,21,10107,,0
4990,4,1976-03-10,1634,0,C,1989-01-10,2,Unknown,10,0,,0
4991,3,1948-12-04,0,0,A,1989-01-12,0,Unknown,10,0,,0
4992,3,1949-03-01,0,0,A,1989-01-12,0,Unknown,10,10107,,0
4993,2,1948-11-27,0,0,M,1989-01-16,0,Unknown,10,17907,,0
4994,3,,0,0,A,1989-01-17,0,DC,10,10907,,0
4995,2,1941-08-07,0,0,M,1989-01-17,2,Unknown,10,14707,,0
4996,2,1951-10-08,0,0,M,1989-01-18,2,Unknown,10,0,,0
4997,2,1957-06-13,2511,3,M,1989-01-18,2,Unknown,10,18707,,0
4998,2,1963-10-03,0,0,C,1989-01-18,2,Unknown,10,17907,,0
4999,3,1961-10-26,0,0,A,1989-01-19,0,Unknown,21,0,,0
5000,2,1947-10-11,2300,0,M,1989-01-20,2,Unknown,10,10807,,0
5001,3,1953-11-13,1866,0,C,1989-01-20,2,Unknown,10,12607,,0
5002,4,1963-02-04,0,0,C,1989-01-20,0,Unknown,10,14607,,0
5003,3,1930-01-09,0,0,A,1989-01-23,0,Unknown,21,0,,0
5004,2,1979-06-20,0,0,C,1989-01-23,0,Unknown,10,10107,,0
5005,3,1948-12-28,0,0,M,1989-01-23,2,Unknown,10,10107,,0
5006,2,1956-01-08,2350,2,M,1989-01-24,2,Unknown,10,10807,,0
5007,2,1950-01-07,0,0,M,1989-01-26,2,Unknown,21,18507,,0
5008,2,1956-06-21,2000,1,M,1989-01-26,2,Unknown,10,15807,,0
5009,3,1943-10-29,1252,0,D,1989-01-30,2,Unknown,10,16707,,0
5010,3,1939-10-09,0,0,M,1989-01-30,2,Unknown,10,17807,,0
5011,2,1961-12-11,2915,0,M,1989-01-30,2,Unknown,10,17907,,0
5012,3,1958-05-24,0,1,V,1989-02-01,2,Unknown,10,10107,,0
5013,3,1965-08-05,2751,4,M,1989-02-01,2,Unknown,10,13807,,0
5014,2,1938-02-27,0,0,A,1989-02-01,0,Unknown,21,0,,0
5015,2,1961-05-10,0,0,A,1989-02-01,0,Unknown,10,10107,,0
5016,4,1978-04-08,0,0,C,1989-02-02,0,Unknown,21,10107,,0
5017,4,1988-01-26,0,0,C,1989-02-02,0,DA,21,0,1998-04-15,1
5018,2,1950-08-06,0,0,A,1989-02-03,0,Unknown,21,0,,0
5019,3,1950-07-31,0,0,M,1989-02-09,2,Unknown,10,12807,,0
5020,3,1965-11-24,2235,2,M,1989-02-09,2,Unknown,10,10307,,0
5021,3,1932-07-06,0,0,A,1989-02-09,0,Unknown,21,0,,0
5022,2,1942-06-20,2476,0,M,1989-02-09,2,Unknown,10,10107,,0
5023,2,1948-02-09,2650,0,M,1989-02-09,0,Unknown,21,0,,0
5024,3,1940-10-21,2330,2,D,1989-02-10,2,Unknown,10,10107,,0
5025,3,1917-08-08,0,0,A,1989-02-13,0,Unknown,10,11307,,0
5026,2,1955-07-27,0,0,A,1989-02-13,0,Unknown,10,17807,,0
5027,3,1956-04-01,0,0,A,1989-02-13,0,Unknown,21,0,,0
5028,3,1957-07-01,0,0,A,1989-02-14,0,Unknown,10,13607,,0
5029,2,1925-06-15,0,0,M,1989-02-15,2,Unknown,10,10907,,0
5030,4,1960-11-07,0,0,C,1989-02-15,0,DV,21,17907,1998-05-05,1
5031,2,1949-06-17,0,0,A,1989-02-16,0,DC,21,0,,0
5032,4,1972-05-27,2357,0,C,1989-02-16,2,Unknown,10,10107,,0
5033,3,1954-04-20,2900,3,D,1989-02-17,2,Unknown,10,10207,,0
5034,2,1933-10-15,0,0,M,1989-02-17,2,Unknown,10,17907,,0
5035,1,,0,0,A,1989-02-21,0,RA,82,0,1996-07-18,1
5036,4,1964-04-21,0,0,C,1989-02-23,2,Unknown,10,10607,,0
5037,3,1951-01-18,2098,0,A,1989-02-24,0,Unknown,10,0,,0
5038,2,1931-10-27,4630,0,M,1989-02-24,2,Unknown,10,16607,,0
5039,4,1955-11-26,0,0,C,1989-02-24,0,Unknown,10,16707,,0
5040,4,1965-03-05,1827,0,C,1989-02-27,2,Unknown,10,10807,,0
5041,2,1939-11-26,0,0,M,1989-02-28,2,Unknown,10,13507,,0
5042,2,1965-03-01,0,0,A,1989-02-28,0,Unknown,10,0,,0
5043,2,1945-06-14,0,1,M,1989-03-02,2,Unknown,10,10107,,0
5044,2,1987-06-18,0,0,C,1989-03-02,2,Unknown,21,10107,,0
5045,2,1940-12-24,0,0,D,1989-03-03,2,Unknown,10,13907,,0
5046,4,1961-08-26,3365,1,C,1989-03-03,2,Unknown,10,10107,,0
5047,3,1956-04-10,1139,1,M,1989-03-03,2,Unknown,10,16707,,0
5048,3,1923-12-25,0,0,A,1989-03-07,0,Unknown,21,0,,0
5049,3,1959-02-21,0,0,A,1989-03-08,0,Unknown,10,0,,0
5050,3,1948-03-25,0,0,D,1989-03-09,2,Unknown,10,10107,,0
5051,3,1952-09-28,1391,0,M,1989-03-13,2,Unknown,10,16707,,0
5052,2,1957-04-02,0,0,A,1989-03-13,0,Unknown,21,0,,0
5053,2,1961-01-27,0,0,M,1989-03-13,2,Unknown,10,10807,,0
5054,2,1969-10-27,0,0,C,1989-03-13,2,Unknown,10,10107,,0
5055,2,1941-11-20,0,3,B,1989-03-14,0,Unknown,10,12779,,0
5056,2,1944-05-31,0,0,A,1989-03-16,0,Unknown,21,0,,0
5057,2,1978-01-23,0,0,C,1989-03-16,0,Unknown,21,10107,,0
5058,2,1961-09-28,0,0,A,1989-03-17,0,Unknown,10,0,,0
5059,3,1959-07-12,2346,6,M,1989-03-22,2,Unknown,10,16707,,0
5060,2,1958-09-29,0,0,A,1989-03-22,0,Unknown,10,0,,0
5061,3,1963-09-08,0,0,A,1989-03-23,0,Unknown,21,0,,0
5062,3,1947-09-09,0,0,A,1989-03-24,0,Unknown,10,0,,0
5063,2,1957-03-11,0,0,A,1989-03-24,0,Unknown,21,0,,0
5064,2,1935-04-06,0,0,A,1989-03-24,0,DV,10,0,1995-06-16,1
5065,4,1980-04-16,0,0,C,1989-03-24,2,Unknown,21,10107,,0
5066,3,1946-04-30,0,0,A,1989-03-28,0,Unknown,10,0,,0
5067,4,1977-05-03,0,0,C,1989-03-28,0,Unknown,21,10107,,0
5068,2,1987-11-13,0,0,A,1989-03-28,0,Unknown,21,0,,0
5069,2,1972-01-21,0,0,A,1989-03-28,2,Unknown,21,10107,,0
5070,2,1978-09-24,0,0,A,1989-03-28,0,DA,21,0,1998-02-17,1
5071,2,1964-09-13,2748,3,M,1989-03-29,2,Unknown,10,10607,,0
5072,2,1951-07-09,1900,2,B,1989-03-30,2,Unknown,10,10207,,0
5073,2,1983-02-25,0,0,A,1989-03-30,0,Unknown,21,10107,,0
5074,3,1950-03-12,2200,0,M,1989-03-31,2,Unknown,10,10107,,0
5075,2,1919-02-28,0,0,A,1989-04-03,0,Unknown,10,0,,0
5076,2,1987-11-13,0,0,C,1989-04-03,2,Unknown,21,10107,,0
5077,3,1966-10-16,0,0,M,1989-04-04,0,Unknown,10,0,,0
5078,3,1928-03-02,0,0,A,1989-04-05,0,Unknown,21,0,,0
5079,3,1948-03-06,0,0,M,1989-04-07,2,Unknown,10,15707,,0
5080,3,1927-05-22,0,0,A,1989-04-07,0,Unknown,10,0,,0
5081,3,1948-01-31,0,0,M,1989-04-11,0,Unknown,21,0,,0
5082,2,1954-12-30,0,0,M,1989-04-11,2,Unknown,10,10107,,0
5083,2,1946-08-30,1526,0,M,1989-04-12,2,Unknown,10,14607,,0
5084,3,1936-04-08,0,0,A,1989-04-07,0,DV,21,13507,1999-03-12,1
5085,3,1946-09-05,1504,0,M,1989-04-14,0,Unknown,21,0,,0
5086,4,1982-03-29,0,0,C,1989-04-18,0,Unknown,21,10107,,0
5087,2,1953-08-08,0,0,A,1989-04-19,0,Unknown,10,11307,,0
5088,3,1956-12-31,0,0,M,1989-04-19,0,DA,21,0,2000-11-15,1
5089,2,1953-01-07,0,0,A,1989-04-20,0,Unknown,23,0,,0
5090,2,1942-06-21,4142,2,B,1989-04-20,2,Unknown,10,10907,,0
5091,2,1965-12-16,0,0,A,1989-04-21,0,Unknown,10,0,,0
5092,2,1923-01-15,0,0,V,1989-04-21,2,Unknown,10,10107,,0
5093,2,1947-02-27,0,0,M,1989-04-21,2,Unknown,10,16607,,0
5094,3,1955-03-20,0,0,A,1989-04-25,0,Unknown,21,0,,0
5095,3,1964-09-15,0,0,A,1989-04-26,0,Unknown,10,11307,,0
5096,3,1948-01-09,1870,0,M,1989-04-26,2,Unknown,10,16807,,0
5097,4,1963-05-15,0,0,C,1989-04-26,0,Unknown,10,10107,,0
5098,3,1953-05-19,2250,1,M,1989-04-27,2,Unknown,10,10107,,0
5099,4,1963-09-21,0,0,C,1989-04-27,0,Unknown,21,0,,0
5100,3,1967-12-13,0,2,M,1989-05-02,0,DV,21,10107,2005-01-14,1
5101,3,1941-10-30,0,0,M,1989-05-02,2,Unknown,10,14707,,0
5102,4,1984-11-02,0,0,C,1989-05-03,2,Unknown,21,10107,,0
5103,3,1945-07-05,0,0,A,1989-05-09,0,Unknown,21,0,,0
5104,3,1952-04-02,0,1,D,1989-05-10,2,Unknown,10,12807,,0
5105,3,1957-08-06,2884,2,B,1989-05-10,2,Unknown,10,17907,,0
5106,2,1941-04-24,2300,2,M,1989-05-11,0,Unknown,21,0,,0
5107,2,1949-12-27,2033,2,E,1989-05-12,2,Unknown,10,13507,,0
5108,3,1962-05-11,0,0,M,1989-05-12,2,Unknown,10,10107,,0
5109,2,1964-01-13,0,0,A,1989-05-16,0,Unknown,23,0,,0
5110,3,1958-09-23,0,0,M,1989-05-17,2,Unknown,10,10107,,0
5111,3,1951-07-25,0,0,M,1989-05-18,2,Unknown,10,14707,,0
5112,3,1943-12-12,0,0,A,1989-05-19,0,Unknown,21,0,,0
5113,3,1952-06-16,0,4,M,1989-05-19,2,Unknown,10,16707,,0
5114,2,1952-01-07,0,0,A,1989-05-22,0,Unknown,10,0,,0
5115,3,1950-01-02,2246,1,M,1989-05-22,2,Unknown,10,10107,,0
5116,2,1937-10-10,0,3,M,1989-05-23,2,Unknown,10,10107,,0
5117,4,1956-02-16,0,0,C,1989-05-24,0,Unknown,10,10307,,0
5118,2,1957-07-26,1771,0,C,1989-05-25,2,Unknown,10,13907,,0
5119,3,1957-02-14,0,0,A,1989-05-25,0,Unknown,10,0,,0
5120,4,1984-11-13,0,0,C,1989-05-25,2,Unknown,21,10107,,0
5121,2,1978-10-30,0,0,C,1989-05-25,2,Unknown,21,10107,,0
5122,2,1949-08-19,1904,0,C,1989-05-31,0,Unknown,10,17807,,0
5123,3,1933-09-06,0,0,A,1989-06-01,0,Unknown,10,11907,,0
5124,2,1987-02-26,0,0,A,1989-06-01,0,Unknown,21,10107,,0
5125,2,1977-05-10,0,0,C,1989-06-05,2,Unknown,21,10107,,0
5126,3,1953-10-30,0,0,A,1989-06-06,0,Unknown,21,0,,0
5127,2,1944-06-30,0,0,A,1989-06-06,0,Unknown,21,0,,0
5128,2,1963-09-01,0,0,A,1989-06-06,0,Unknown,10,17807,,0
5129,3,1945-07-13,0,0,A,1989-06-07,0,Unknown,10,0,,0
5130,3,1952-11-19,2465,1,M,1989-06-07,0,Unknown,21,0,,0
5131,3,1964-09-16,0,0,C,1989-06-07,2,Unknown,10,11907,,0
5132,4,1962-08-27,2071,0,C,1989-06-07,0,Unknown,10,18707,,0
5133,3,1952-03-25,0,0,A,1989-06-08,0,Unknown,21,0,,0
5134,2,1989-03-11,0,0,C,1989-06-08,2,Unknown,21,10107,,0
5135,3,1963-03-24,2060,3,U,1989-06-08,2,Unknown,10,10107,,0
5136,3,1952-06-26,1000,0,M,1989-06-12,0,Unknown,10,0,,0
5137,4,1987-09-18,0,0,C,1989-06-12,2,Unknown,21,10107,,0
5138,2,1981-10-11,1412,0,C,1989-06-13,2,Unknown,10,10107,,0
5139,3,1938-03-25,0,0,A,1989-06-15,0,Unknown,10,0,,0
5140,4,1988-06-05,0,0,C,1989-06-15,2,Unknown,21,10107,,0
5141,2,1946-06-08,0,0,M,1989-06-19,2,Unknown,10,16707,,0
5142,3,1955-07-13,0,2,M,1989-06-20,2,Unknown,21,17907,,0
5143,2,1989-03-22,0,0,A,1989-06-20,0,Unknown,21,10107,,0
5144,2,1944-09-24,0,0,M,1989-06-21,0,Unknown,10,16607,,0
5145,2,1981-04-20,0,0,C,1989-06-23,2,Unknown,21,10107,,0
5146,3,1937-12-14,0,0,D,1989-06-26,2,Unknown,10,10207,,0
5147,2,1978-04-25,0,0,C,1989-06-26,2,Unknown,21,10107,,0
5148,4,1974-12-11,0,0,C,1989-06-27,0,Unknown,21,10107,,0
5149,4,1966-05-18,1686,0,C,1989-06-28,2,Unknown,10,12607,,0
5150,3,1963-06-18,0,0,M,1989-06-28,2,Unknown,10,13607,,0
5151,2,1973-10-29,0,0,A,1989-06-28,0,Unknown,21,10107,,0
5152,4,1964-02-17,2773,3,M,1989-06-29,2,Unknown,10,13807,,0
5153,2,1985-08-02,0,0,A,1989-06-30,0,Unknown,21,10107,,0
5154,2,1984-11-23,0,0,C,1989-06-30,0,Unknown,21,10107,,0
5155,4,1986-03-10,0,0,C,1989-07-03,2,Unknown,21,10107,,0
5156,3,1959-07-27,0,0,A,1989-07-04,0,Unknown,21,0,,0
5157,4,1982-05-21,0,0,C,1989-07-04,0,Unknown,21,10107,,0
5158,2,1956-05-30,0,0,A,1989-07-05,0,Unknown,10,0,,0
5159,2,1931-08-22,0,0,M,1989-07-05,2,Unknown,10,10207,,0
5160,2,1973-08-18,0,0,C,1989-07-05,2,Unknown,21,10107,,0
5161,3,1955-05-24,0,0,A,1989-07-06,0,Unknown,21,0,,0
5162,2,1936-01-18,0,0,M,1989-07-06,2,Unknown,10,10107,,0
5163,2,1946-03-29,0,0,A,1989-07-07,2,DA,21,0,1996-07-09,1
5164,2,1948-06-24,0,2,M,1989-07-07,2,DC,10,15807,,0
5165,2,1984-02-05,0,0,A,1989-07-10,0,Unknown,21,10107,,0
5166,2,1960-08-12,0,0,A,1989-07-12,0,Unknown,10,11307,,0
5167,2,1954-08-24,0,0,A,1989-07-12,0,Unknown,10,15807,,0
5168,2,1946-05-03,0,0,A,1989-07-12,0,Unknown,10,0,,0
5169,2,1949-04-15,0,0,A,1989-07-13,0,Unknown,21,0,,0
5170,3,1946-12-24,2220,1,D,1989-07-20,2,Unknown,10,11907,,0
5171,3,1950-06-12,0,0,A,1989-07-21,0,Unknown,10,0,,0
5172,3,1958-08-19,0,0,M,1989-07-21,2,Unknown,10,10107,,0
5173,3,1945-01-23,0,0,M,1989-07-21,2,Unknown,10,16607,,0
5174,2,1944-03-27,0,1,B,1989-07-24,2,Unknown,10,10107,,0
5175,2,1955-01-05,0,0,C,1989-07-25,2,Unknown,10,10207,,0
5176,3,1950-02-11,2500,0,M,1989-07-27,0,Unknown,10,0,,0
5177,2,1941-06-05,2813,3,U,1989-07-27,2,Unknown,10,10807,,0
5178,3,1949-02-20,0,0,A,1989-08-01,0,Unknown,21,0,,0
5179,2,1961-01-24,0,0,A,1989-08-03,0,Unknown,21,0,,0
5180,3,1965-01-16,0,2,M,1989-08-16,2,Unknown,10,10907,,0
5181,3,1946-05-10,0,0,M,1989-08-21,2,Unknown,10,11907,,0
5182,3,1957-11-05,0,0,A,1989-08-21,0,Unknown,21,0,,0
5183,3,1952-12-03,0,1,M,1989-08-24,2,Unknown,10,11307,,0
5184,3,1945-03-05,0,0,V,1989-08-24,2,Unknown,10,0,,0
5185,3,1965-10-04,0,0,A,1989-08-25,0,Unknown,21,0,,0
5186,1,,0,0,A,1989-08-25,4,Unknown,61,10107,,0
5187,1,,0,0,A,1989-08-25,0,Unknown,61,10107,,0
5188,1,,0,0,A,1989-08-25,0,Unknown,61,10107,,0
5189,4,1947-04-12,3452,0,C,1989-08-28,2,Unknown,10,17807,,0
5190,2,1965-09-25,0,0,C,1989-08-30,2,Unknown,10,13507,,0
5191,3,1934-12-16,3727,0,A,1989-08-31,0,DV,21,13507,1999-05-07,1
5192,2,1953-05-17,0,1,B,1989-08-31,2,Unknown,10,10107,,0
5193,3,1948-10-17,3573,0,C,1989-08-31,2,Unknown,10,10107,,0
5194,1,,0,0,A,1989-09-01,4,Unknown,50,13507,,0
5195,3,1945-04-18,0,0,A,1989-09-05,0,Unknown,21,0,,0
5196,4,1989-05-01,0,0,C,1989-09-06,0,Unknown,10,11307,,0
5197,3,1936-01-07,2039,0,M,1989-09-06,2,Unknown,10,13807,,0
5198,2,1958-04-10,0,0,A,1989-09-07,0,Unknown,10,11307,,0
5199,2,1953-07-25,2500,1,C,1989-09-08,2,Unknown,10,10307,,0
5200,3,1962-01-30,3070,2,M,1989-09-08,0,Unknown,10,10107,,0
5201,3,1963-01-28,0,0,D,1989-09-08,2,Unknown,10,18707,,0
5202,2,1955-07-13,2225,1,G,1989-09-12,2,Unknown,10,17907,,0
5203,3,1953-01-09,0,0,M,1989-09-13,2,Unknown,21,15607,,0
5204,2,1948-08-05,4579,0,M,1989-09-13,2,Unknown,10,14707,,0
5205,4,1984-09-15,0,0,C,1989-09-14,2,Unknown,21,10107,,0
5206,3,1957-07-26,0,2,M,1989-09-14,2,Unknown,10,18707,,0
5207,2,1947-10-05,0,0,E,1989-09-15,2,Unknown,10,14607,,0
5208,2,1945-09-03,0,0,A,1989-09-18,0,Unknown,21,0,,0
5209,2,1949-03-22,2600,2,D,1989-09-18,2,Unknown,10,13907,,0
5210,2,1959-06-13,1747,1,P,1989-09-18,2,Unknown,10,13507,,0
5211,3,1964-09-17,0,1,M,1989-09-19,2,Unknown,21,10107,,0
5212,3,1953-09-19,3411,3,M,1989-09-20,0,Unknown,10,11307,,0
5213,4,1977-06-04,0,0,C,1989-09-22,2,Unknown,21,10107,,0
5214,3,1961-08-17,0,0,A,1989-09-25,0,Unknown,21,10107,,0
5215,2,1986-07-07,0,0,C,1989-09-26,2,Unknown,21,10107,,0
5216,2,1960-08-10,0,0,C,1989-09-26,2,Unknown,10,10107,,0
5217,2,1973-02-12,0,0,A,1989-09-26,0,Unknown,21,10107,,0
5218,4,1986-07-19,0,0,C,1989-09-26,0,Unknown,21,10107,,0
5219,2,1966-02-20,3330,2,D,1989-09-26,2,Unknown,10,14707,,0
5220,1,,0,0,A,1989-09-27,4,Unknown,50,10107,,0
5221,1,,0,0,A,1989-09-27,0,Unknown,50,10107,,0
5222,3,1948-08-26,1200,0,M,1989-09-27,2,Unknown,10,10107,,0
5223,3,1912-02-07,0,0,A,1989-09-28,0,Unknown,10,11307,,0
5224,4,1968-03-06,0,0,C,1989-09-29,0,Unknown,10,11307,,0
5225,2,1930-06-02,0,0,A,1989-09-29,0,Unknown,21,0,,0
5226,3,1965-03-22,0,0,M,1989-10-02,2,Unknown,10,13907,,0
5227,3,1964-01-06,0,2,M,1989-10-02,2,Unknown,10,12807,,0
5228,3,1967-06-16,1330,2,B,1989-10-04,2,Unknown,10,13507,,0
5229,2,1938-12-07,0,0,A,1989-10-06,0,Unknown,21,0,,0
5230,3,1958-03-27,0,0,A,1989-10-06,0,DV,21,16707,1997-07-18,1
5231,2,1947-06-11,2719,0,D,1989-10-09,2,Unknown,10,13507,,0
5232,2,1948-10-17,0,0,A,1989-10-10,0,Unknown,21,11307,,0
5233,2,1934-05-26,0,0,V,1989-10-11,2,Unknown,10,10907,,0
5234,1,,0,0,A,1989-10-11,4,Unknown,61,10107,,0
5235,2,1937-07-27,0,0,A,1989-10-12,0,Unknown,21,0,,0
5236,2,1949-11-13,0,2,M,1989-10-17,2,Unknown,10,10207,,0
5237,3,1946-11-13,0,0,C,1989-10-17,2,Unknown,10,13607,,0
5238,3,1961-06-01,0,3,U,1989-10-17,2,Unknown,10,16707,,0
5239,3,1965-03-16,0,0,M,1989-10-20,2,Unknown,10,16807,,0
5240,3,1936-09-18,0,0,A,1989-10-23,0,Unknown,21,0,,0
5241,2,1947-01-16,0,0,A,1989-10-23,0,Unknown,10,11307,,0
5242,2,1965-11-15,0,0,A,1989-10-23,0,Unknown,10,10307,,0
5243,3,1950-02-21,2106,2,M,1989-10-24,2,Unknown,10,10107,,0
5244,2,1950-12-30,0,0,A,1989-10-25,0,Unknown,21,0,,0
5245,2,1961-09-08,1351,2,M,1989-10-26,2,Unknown,10,10107,,0
5246,3,1953-11-09,0,0,A,1989-10-26,0,Unknown,10,11307,,0
5247,2,1956-02-04,0,2,M,1989-10-30,2,Unknown,10,10107,,0
5248,3,1948-06-15,0,0,M,1989-10-30,0,Unknown,10,13507,,0
5249,2,1926-03-20,0,0,M,1989-11-02,2,Unknown,10,15607,,0
5250,4,1954-12-29,0,0,C,1989-11-06,2,Unknown,10,11307,,0
5251,2,1962-05-20,0,0,A,1989-11-06,0,Unknown,21,0,,0
5252,3,1935-02-15,0,0,V,1989-11-06,0,Unknown,21,0,,0
5253,3,1948-01-05,0,0,A,1989-11-06,0,Unknown,10,11307,,0
5254,3,1958-10-07,0,0,A,1989-11-08,0,Unknown,21,0,,0
5255,2,1939-04-27,0,0,A,1989-11-09,0,Unknown,21,0,,0
5256,2,1960-03-16,0,0,M,1989-11-13,2,Unknown,10,12807,,0
5257,3,1952-03-27,0,0,D,1989-11-13,2,Unknown,10,14707,,0
5258,3,1934-07-27,2600,0,V,1989-11-14,0,DC,10,10307,,0
5259,3,1948-08-17,2116,1,M,1989-11-16,2,Unknown,10,11907,,0
5260,4,1966-02-04,2100,1,C,1989-11-16,2,Unknown,10,14607,,0
5261,2,1957-07-24,0,0,A,1989-11-16,0,Unknown,10,11307,,0
5262,2,1944-10-08,2750,0,M,1989-11-16,0,Unknown,10,0,,0
5263,4,1983-11-10,0,0,C,1989-11-17,2,Unknown,21,10107,,0
5264,2,1936-01-03,0,0,M,1989-11-17,0,DC,21,10907,,0
5265,3,1944-11-13,0,0,M,1989-11-17,0,Unknown,10,10907,,0
5266,2,1942-12-21,0,0,M,1989-11-20,2,Unknown,10,13807,,0
5267,3,1947-12-04,0,0,M,1989-11-20,2,Unknown,10,10807,,0
5268,3,1965-10-13,2420,1,D,1989-11-20,2,Unknown,10,10807,,0
5269,4,1962-03-17,0,0,C,1989-11-20,2,Unknown,10,0,,0
5270,2,1949-10-09,5525,0,G,1989-11-20,2,Unknown,10,10207,,0
5271,4,1962-02-16,0,0,C,1989-11-22,0,Unknown,23,0,,0
5272,3,1938-11-16,0,0,A,1989-11-23,0,Unknown,10,11307,,0
5273,2,1965-12-02,0,0,A,1989-11-24,0,Unknown,21,0,,0
5274,3,1958-07-12,0,0,A,1989-11-27,0,Unknown,10,11307,,0
5275,3,1939-04-24,2021,0,S,1989-11-27,2,Unknown,10,13507,,0
5276,2,1972-06-04,0,0,C,1989-11-28,2,Unknown,21,10107,,0
5277,3,1955-06-24,1600,2,M,1989-11-30,0,DV,21,10107,2006-06-19,1
5278,2,1953-02-03,2509,2,M,1989-12-04,2,Unknown,10,10307,,0
5279,2,1938-01-16,0,0,M,1989-12-05,2,Unknown,10,14707,,0
5280,2,1963-09-12,0,1,M,1989-12-06,2,Unknown,10,10107,,0
5281,4,1963-02-20,1663,0,C,1989-12-06,2,Unknown,10,13507,,0
5282,2,1958-10-21,0,0,A,1989-12-07,0,Unknown,10,11307,,0
5283,2,1958-08-13,2788,1,B,1989-12-07,0,DV,21,17807,2005-06-28,1
5284,4,1941-02-04,0,0,C,1989-12-08,0,DC,10,0,1993-12-08,1
5285,2,1963-11-26,2984,0,C,1989-12-08,2,Unknown,10,15707,,0
5286,4,1986-04-02,0,0,C,1989-12-12,2,Unknown,21,10107,,0
5287,3,1955-12-28,0,0,D,1989-12-13,2,Unknown,10,10107,,0
5288,3,1945-01-11,0,0,A,1989-12-14,2,DV,10,10307,1995-03-03,1
5289,2,1960-06-06,2152,0,C,1989-12-14,2,Unknown,10,10807,,0
5290,2,1964-08-16,0,0,C,1989-12-14,0,Unknown,10,10107,,0
5291,3,1934-09-02,0,0,M,1989-12-14,2,Unknown,10,16707,,0
5292,2,1937-01-03,0,0,A,1989-12-19,0,Unknown,10,11307,,0
5293,3,1960-03-03,1884,0,D,1989-12-19,2,Unknown,10,10107,,0
5294,2,1978-03-17,0,0,C,1989-12-19,2,Unknown,21,10107,,0
5295,2,1974-05-04,0,0,C,1989-12-26,2,Unknown,10,10107,,0
5296,2,1966-01-08,1971,2,M,1989-12-26,2,Unknown,10,10107,,0
5297,2,1962-10-09,0,0,C,1989-12-27,2,Unknown,10,18507,,0
5298,3,1958-12-28,600,2,G,1989-12-27,2,Unknown,10,13507,,0
5299,2,1979-01-08,0,0,C,1989-12-27,2,Unknown,21,10107,,0
5300,2,1965-08-21,3048,1,U,1989-12-28,2,Unknown,10,11307,,0
5301,2,1975-02-01,0,0,C,1989-12-29,2,Unknown,21,10107,,0
5302,4,1978-11-15,0,0,C,1989-12-29,2,Unknown,21,10107,,0
5303,3,1955-08-06,0,0,A,1990-01-04,0,Unknown,10,14707,,0
5304,4,1972-09-24,0,0,C,1990-01-08,2,Unknown,21,10107,,0
5305,3,1955-06-30,0,2,M,1990-01-08,2,Unknown,10,10107,,0
5306,3,1960-05-04,0,0,A,1990-01-09,0,Unknown,21,0,,0
5307,3,1950-10-31,0,0,A,1990-01-11,0,Unknown,10,16707,,0
5308,2,1941-10-09,0,0,A,1990-01-16,0,Unknown,10,11307,,0
5309,4,1989-12-31,0,0,C,1990-01-16,2,Unknown,21,10107,,0
5310,4,1952-04-04,0,0,C,1990-01-16,0,Unknown,10,11307,,0
5311,2,1942-03-12,2500,0,B,1990-01-18,2,Unknown,10,11907,,0
5312,3,1939-02-11,700,0,M,1990-01-18,0,Unknown,21,0,,0
5313,3,1951-03-08,0,2,D,1990-01-19,2,Unknown,10,16707,,0
5314,3,1950-11-11,2000,2,F,1990-01-22,2,Unknown,21,18707,,0
5315,2,1956-11-11,2930,0,B,1990-01-22,2,Unknown,10,10507,,0
5316,3,1944-07-13,0,0,A,1990-01-23,0,Unknown,21,0,,0
5317,2,1950-05-01,0,0,A,1990-01-23,0,DV,21,11307,1998-02-24,1
5318,2,1956-04-03,3000,0,M,1990-01-23,2,Unknown,21,10107,,0
5319,2,1960-10-21,0,0,A,1990-01-23,0,Unknown,10,17807,,0
5320,4,1965-08-24,1680,2,U,1990-01-24,2,Unknown,10,17907,,0
5321,2,1956-12-09,0,0,A,1990-01-25,0,DV,21,12607,2000-12-06,1
5322,2,1938-04-24,0,0,A,1990-01-29,2,DC,10,18707,1994-09-28,1
5323,2,1950-08-29,0,0,A,1990-01-30,0,Unknown,21,0,,0
5324,3,1957-04-20,0,0,A,1990-01-30,0,Unknown,21,0,,0
5325,2,1952-06-21,2863,1,B,1990-01-31,2,Unknown,10,16707,,0
5326,2,1968-11-03,0,1,M,1990-02-05,2,Unknown,10,16807,,0
5327,2,1964-01-18,1134,0,M,1990-02-05,2,Unknown,10,10907,,0
5328,3,1940-03-16,0,0,M,1990-02-05,2,Unknown,10,16707,,0
5329,3,1940-09-10,3366,3,V,1990-02-05,2,Unknown,10,12779,,0
5330,3,1945-08-06,0,0,M,1990-02-08,2,Unknown,10,16707,,0
5331,3,1966-02-12,1865,2,M,1990-02-09,2,Unknown,10,10107,,0
5332,3,1947-06-30,0,0,V,1990-02-09,2,Unknown,10,18707,,0
5333,3,1966-12-23,0,2,M,1990-02-12,2,Unknown,10,15707,,0
5334,2,1933-03-09,0,0,A,1990-02-12,0,DV,21,11307,1999-04-15,1
5335,2,1959-08-25,0,0,A,1990-02-13,0,Unknown,21,0,,0
5336,3,1960-10-02,0,0,A,1990-02-14,0,Unknown,10,0,,0
5337,3,1955-07-15,0,0,A,1990-02-14,0,Unknown,10,10807,,0
5338,3,1962-01-17,0,0,A,1990-02-15,0,Unknown,21,0,,0
5339,3,1950-01-07,1219,0,M,1990-02-16,2,Unknown,10,14607,,0
5340,3,1940-07-22,0,0,C,1990-02-19,2,Unknown,10,10107,,0
5341,3,1966-06-06,0,2,M,1990-02-20,0,Unknown,10,10807,,0
5342,2,1962-01-31,0,0,A,1990-02-20,0,DC,10,0,1994-10-27,1
5343,2,1939-07-17,0,0,A,1990-02-23,0,Unknown,21,0,,0
5344,2,1948-06-13,0,0,A,1990-02-23,0,Unknown,21,0,,0
5345,3,1937-01-18,0,0,S,1990-02-23,2,Unknown,10,10807,,0
5346,2,1958-09-12,0,0,A,1990-02-27,0,Unknown,21,11307,,0
5347,2,1947-02-17,0,2,M,1990-02-27,2,Unknown,10,10507,,0
5348,3,1962-07-05,0,0,A,1990-02-28,0,Unknown,10,11307,,0
5349,2,1962-03-26,2088,1,U,1990-02-28,0,Unknown,10,13507,,0
5350,2,1949-07-20,0,0,A,1990-03-01,0,Unknown,10,11307,,0
5351,2,1940-05-01,0,0,A,1990-03-01,0,Unknown,21,0,,0
5352,3,1956-06-05,0,0,C,1990-03-02,2,Unknown,10,15707,,0
5353,2,1956-04-21,0,0,A,1990-03-05,0,Unknown,21,0,,0
5354,4,1958-03-01,0,0,C,1990-03-07,2,Unknown,10,10207,,0
5355,2,1989-08-21,0,0,A,1990-03-08,0,Unknown,21,0,,0
5356,1,,0,0,A,1990-03-09,4,Unknown,50,10107,,0
5357,3,1962-11-03,1938,3,M,1990-03-09,2,Unknown,10,17907,,0
5358,3,1957-06-15,3000,2,D,1990-03-12,2,Unknown,10,10107,,0
5359,2,1957-08-14,5250,4,M,1990-03-14,0,DA,21,0,2004-08-03,1
5360,2,1937-09-24,0,0,M,1990-03-14,2,Unknown,10,10907,,0
5361,2,1953-10-11,0,0,A,1990-03-15,0,Unknown,21,0,,0
5362,2,1960-07-20,6800,2,M,1990-03-16,2,Unknown,10,10207,,0
5363,2,1942-08-31,1981,0,M,1990-03-16,2,Unknown,10,12607,,0
5364,3,1940-05-15,0,0,M,1990-03-16,2,Unknown,10,11607,,0
5365,2,1967-08-24,0,0,A,1990-03-19,0,Unknown,10,11307,,0
5366,3,1959-07-03,0,0,A,1990-03-19,0,Unknown,21,0,,0
5367,4,1984-08-11,0,0,C,1990-03-19,0,Unknown,21,10107,,0
5368,3,1958-01-29,3116,2,D,1990-03-19,2,Unknown,10,10107,,0
5369,3,1968-03-11,0,0,M,1990-03-20,0,Unknown,10,11307,,0
5370,3,1966-10-05,0,0,A,1990-03-20,0,Unknown,10,10107,,0
5371,3,1930-08-18,0,0,A,1990-03-20,0,Unknown,10,10507,,0
5372,3,1953-05-12,0,0,A,1990-03-22,0,Unknown,21,0,,0
5373,2,1960-04-16,2000,1,M,1990-03-22,2,Unknown,10,17907,,0
5374,4,1968-02-08,0,0,C,1990-03-23,2,Unknown,10,11907,,0
5375,2,1950-11-01,2910,2,G,1990-03-26,0,Unknown,10,11307,,0
5376,3,1950-01-22,0,0,A,1990-03-26,0,Unknown,21,0,,0
5377,3,1935-09-26,0,0,M,1990-03-27,2,Unknown,10,0,,0
5378,3,1933-03-11,0,0,A,1990-03-28,0,Unknown,21,0,,0
5379,2,1985-08-08,0,0,A,1990-03-28,0,Unknown,21,10107,,0
5380,2,1980-05-14,0,0,A,1990-03-28,0,Unknown,21,10107,,0
5381,2,1984-02-27,0,0,C,1990-03-28,2,Unknown,21,10107,,0
5382,2,1979-01-29,0,0,C,1990-03-28,2,Unknown,21,10107,,0
5383,3,1962-01-29,2573,1,D,1990-03-29,2,Unknown,10,17807,,0
5384,3,1953-09-25,0,3,M,1990-03-30,2,Unknown,10,17907,,0
5385,3,1939-03-06,0,0,M,1990-03-30,2,Unknown,10,14707,,0
5386,2,1950-01-07,0,0,A,1990-04-03,0,Unknown,21,0,,0
5387,2,1959-09-11,0,0,A,1990-04-04,2,Unknown,10,15607,,0
5388,2,1945-04-07,0,0,A,1990-04-04,0,Unknown,10,0,,0
5389,2,1945-02-11,0,0,A,1990-04-04,0,Unknown,21,0,,0
5390,4,1967-11-19,0,0,C,1990-04-06,0,Unknown,10,11307,,0
5391,2,1965-07-15,0,0,A,1990-04-06,0,Unknown,10,14707,,0
5392,2,1953-04-04,1400,1,M,1990-04-10,0,Unknown,21,0,,0
5393,3,1932-03-27,0,0,M,1990-04-10,2,Unknown,10,16707,,0
5394,4,1951-11-02,0,0,C,1990-04-10,2,Unknown,10,12607,,0
5395,4,1964-10-06,2243,1,S,1990-04-10,2,Unknown,10,10107,,0
5396,2,1933-05-10,0,0,A,1990-04-10,2,DV,10,0,1992-08-19,1
5397,4,1963-01-21,3355,0,U,1990-04-11,2,Unknown,10,10107,,0
5398,2,1948-03-30,0,0,M,1990-04-11,2,Unknown,10,18707,,0
5399,2,1937-08-16,0,0,A,1990-04-12,0,DC,10,0,,0
5400,3,1954-08-16,2290,3,A,1990-04-12,0,Unknown,21,0,,0
5401,4,1973-02-09,0,0,C,1990-04-12,2,Unknown,21,10107,,0
5402,2,1953-01-04,0,0,A,1990-04-17,0,Unknown,21,0,,0
5403,3,1963-07-08,0,0,D,1990-04-18,0,RA,21,14707,2002-08-26,1
5404,2,1944-07-26,0,0,A,1990-04-19,0,Unknown,21,0,,0
5405,3,1940-04-13,0,0,M,1990-04-20,0,Unknown,10,10107,,0
5406,2,1958-01-24,0,0,A,1990-04-23,0,Unknown,10,0,,0
5407,2,1966-05-13,0,0,U,1990-04-24,2,Unknown,10,10307,,0
5408,3,1954-12-13,2436,2,U,1990-04-24,2,Unknown,10,10307,,0
5409,2,1951-06-11,0,0,A,1990-04-24,0,Unknown,21,0,,0
5410,2,1954-03-01,1170,1,V,1990-04-25,0,Unknown,10,15807,,0
5411,2,1966-10-09,0,0,A,1990-04-26,0,Unknown,21,11307,,0
5412,4,1973-06-27,0,0,C,1990-04-26,0,DV,21,10107,2004-09-20,1
5413,4,1964-03-21,0,0,C,1990-04-27,0,RA,21,10607,2005-11-15,1
5414,2,1956-01-15,0,0,D,1990-04-27,2,Unknown,10,15707,,0
5415,3,1966-08-30,1517,3,G,1990-04-24,2,Unknown,10,13507,,0
5416,2,1965-06-23,0,0,A,1990-05-02,0,Unknown,21,0,,0
5417,2,1950-08-04,0,0,M,1990-05-02,2,DC,10,10307,,0
5418,2,1945-07-31,0,0,A,1990-05-03,0,Unknown,21,0,,0
5419,2,1950-06-21,0,0,M,1990-05-04,2,Unknown,10,15807,,0
5420,2,1953-11-04,0,0,A,1990-05-04,0,Unknown,10,17907,,0
5421,3,1940-04-10,0,0,A,1990-05-04,0,Unknown,21,0,,0
5422,2,1951-06-09,0,0,V,1990-05-07,2,Unknown,10,10307,,0
5423,2,1955-03-19,0,2,M,1990-05-07,2,Unknown,10,10107,,0
5424,3,1935-04-15,0,0,A,1990-05-09,0,Unknown,10,17807,,0
5425,2,1955-03-27,0,0,A,1990-05-10,0,RA,21,12807,2003-07-31,1
5426,3,1950-12-10,0,0,A,1990-05-14,0,Unknown,21,0,,0
5427,2,1948-04-15,2167,0,M,1990-05-14,2,Unknown,10,12807,,0
5428,2,1946-04-04,0,0,A,1990-05-14,0,Unknown,21,0,,0
5429,3,1939-07-23,2485,0,D,1990-05-16,2,Unknown,10,10307,,0
5430,3,1956-02-10,0,0,M,1990-05-16,2,Unknown,10,10107,,0
5431,2,1938-03-25,1315,0,A,1990-05-18,0,Unknown,21,10107,,0
5432,2,1950-05-05,0,0,A,1990-05-22,0,Unknown,21,0,,0
5433,3,1934-12-30,0,0,A,1990-05-23,0,Unknown,21,0,,0
5434,3,1960-09-04,2000,0,C,1990-05-28,2,Unknown,10,14607,,0
5435,3,1958-09-05,1807,1,M,1990-05-29,2,Unknown,10,10107,,0
5436,3,1944-11-17,1327,1,M,1990-05-29,2,Unknown,10,10107,,0
5437,3,1955-07-24,1238,2,G,1990-05-31,2,Unknown,10,10107,,0
5438,4,1958-09-15,1539,1,U,1990-06-05,2,Unknown,10,10107,,0
5439,2,1942-09-16,3000,0,G,1990-06-05,0,Unknown,10,11307,,0
5440,3,1953-11-16,0,0,A,1990-06-06,0,Unknown,10,11307,,0
5441,4,1945-05-14,2660,0,C,1990-06-06,2,Unknown,10,14707,,0
5442,2,1951-03-12,2364,0,E,1990-06-08,2,Unknown,10,12607,,0
5443,2,1951-11-08,0,0,A,1990-06-13,2,DV,10,13807,1994-01-13,1
5444,3,1933-07-22,0,0,M,1990-06-14,2,Unknown,10,14607,,0
5445,3,1974-04-13,1433,0,M,1990-06-15,2,Unknown,10,10107,,0
5446,4,1963-04-26,0,0,C,1990-06-18,0,Unknown,10,10107,,0
5447,3,1948-07-15,0,0,A,1990-06-18,0,Unknown,10,11307,,0
5448,2,1938-09-24,0,0,M,1990-06-19,2,Unknown,10,16607,,0
5449,3,1936-02-17,0,0,M,1990-06-19,2,Unknown,10,14707,,0
5450,2,1937-05-19,0,0,M,1990-06-20,2,Unknown,10,18507,,0
5451,2,1946-06-08,0,0,A,1990-06-21,0,Unknown,10,13507,,0
5452,3,1954-05-08,0,0,M,1990-06-21,2,Unknown,10,10107,,0
5453,4,1966-03-31,0,0,C,1990-06-22,0,Unknown,10,14707,,0
5454,4,1955-10-17,0,0,C,1990-06-26,2,Unknown,10,10307,,0
5455,4,1978-12-26,0,0,C,1990-06-26,2,Unknown,10,10107,,0
5456,2,1953-03-03,0,0,M,1990-06-27,2,Unknown,10,10307,,0
5457,3,1962-06-02,0,3,M,1990-06-27,2,Unknown,10,10807,,0
5458,3,1938-09-26,2300,0,V,1990-06-28,2,Unknown,10,10107,,0
5459,2,1974-11-01,0,0,A,1990-06-29,0,Unknown,21,0,,0
5460,2,1952-03-20,1981,2,M,1990-06-29,2,Unknown,10,17807,,0
5461,3,1943-09-12,0,0,M,1990-06-29,2,Unknown,10,10307,,0
5462,4,1962-05-22,0,0,C,1990-07-03,0,Unknown,10,10107,,0
5463,4,1927-07-03,0,0,C,1990-07-03,0,Unknown,10,13607,,0
5464,3,1942-06-09,0,0,M,1990-07-05,2,Unknown,10,10507,,0
5465,3,1933-09-03,0,0,A,1990-07-10,0,Unknown,10,11307,,0
5466,3,1953-07-08,0,0,A,1990-07-11,0,DV,21,11307,2003-06-26,1
5467,2,1952-06-16,3031,0,G,1990-07-13,2,Unknown,10,10107,,0
5468,2,1963-07-22,0,0,M,1990-07-13,2,Unknown,10,13507,,0
5469,3,1928-01-01,0,0,A,1990-07-17,0,DV,21,11307,1999-02-02,1
5470,2,1928-04-26,0,0,A,1990-07-17,0,Unknown,10,14707,,0
5471,2,1950-10-31,0,0,A,1990-07-18,0,Unknown,10,14907,,0
5472,2,1958-01-30,0,0,M,1990-07-23,2,Unknown,21,13607,,0
5473,2,1953-03-21,0,0,A,1990-07-23,0,Unknown,21,0,,0
5474,2,1987-07-13,0,0,C,1990-07-31,2,Unknown,21,10107,,0
5475,3,1939-06-16,0,0,M,1990-07-31,2,Unknown,10,10107,,0
5476,4,1972-06-15,1800,0,U,1990-08-03,2,Unknown,10,10107,,0
5477,2,1942-07-12,2980,0,S,1990-08-06,2,Unknown,10,11307,,0
5478,2,1968-10-22,0,0,A,1990-08-06,0,Unknown,10,11307,,0
5479,2,1966-09-06,0,0,A,1990-08-06,0,Unknown,10,11307,,0
5480,3,1932-09-16,0,2,M,1990-08-06,0,DV,21,11307,2004-03-31,1
5481,2,1947-10-18,0,2,A,1990-08-07,0,Unknown,10,11307,,0
5482,3,1907-05-26,0,0,A,1990-08-08,0,DC,10,12607,,0
5483,3,1953-11-21,2123,2,M,1990-08-09,0,Unknown,21,0,,0
5484,2,1963-08-26,0,0,M,1990-08-09,2,Unknown,10,14707,,0
5485,2,1943-09-10,0,0,A,1990-08-13,0,Unknown,10,10107,,0
5486,2,1961-03-11,0,3,U,1990-08-13,2,Unknown,10,17907,,0
5487,2,1952-01-13,1870,2,M,1990-08-13,2,Unknown,10,17907,,0
5488,4,1952-08-25,0,0,C,1990-08-13,0,Unknown,10,15807,,0
5489,3,1952-09-28,2104,0,G,1990-08-14,2,Unknown,10,17807,,0
5490,4,1964-04-30,0,0,C,1990-08-16,0,Unknown,10,11307,,0
5491,3,1954-04-23,0,2,M,1990-08-22,2,Unknown,10,16807,,0
5492,3,1955-08-28,0,0,A,1990-08-30,0,Unknown,10,0,,0
5493,3,1941-10-07,1550,0,M,1990-08-31,2,Unknown,10,14707,,0
5494,3,1963-06-05,0,3,M,1990-09-03,2,Unknown,10,12807,,0
5495,2,1959-05-12,0,0,A,1990-09-05,0,Unknown,10,11307,,0
5496,1,,0,0,A,1990-09-06,4,Unknown,50,10107,,0
5497,3,1959-12-16,0,0,M,1990-09-04,2,Unknown,10,12779,,0
5498,3,1972-10-12,2113,2,S,1990-09-07,2,Unknown,10,10107,,0
5499,2,1953-10-19,3446,1,C,1990-09-10,2,Unknown,10,10207,,0
5500,3,1967-10-23,0,0,C,1990-09-10,2,Unknown,10,18507,,0
5501,4,1938-10-29,0,0,C,1990-09-12,0,Unknown,10,15607,,0
5502,3,1964-03-02,1701,2,C,1990-09-12,2,Unknown,10,10207,,0
5503,3,1943-05-01,0,0,A,1990-09-12,0,Unknown,21,0,,0
5504,3,1973-04-07,0,0,C,1990-09-12,2,Unknown,21,10107,,0
5505,3,1963-05-10,0,0,C,1990-09-12,0,Unknown,10,17807,,0
5506,3,1939-11-18,0,0,A,1990-09-12,0,Unknown,10,17807,,0
5507,3,1953-07-18,2767,2,C,1990-09-13,2,Unknown,10,10307,,0
5508,3,1945-04-08,1676,0,D,1990-09-13,2,Unknown,10,10107,,0
5509,3,1963-01-26,1700,2,M,1990-09-13,2,Unknown,10,11307,,0
5510,2,1961-12-13,0,2,M,1990-09-14,2,Unknown,10,10107,,0
5511,3,1934-03-30,0,0,M,1990-09-14,0,Unknown,10,10507,,0
5512,3,1958-11-09,2338,2,M,1990-09-17,2,Unknown,10,13907,,0
5513,3,1963-02-05,0,0,A,1990-09-17,0,DV,21,11307,1997-12-23,1
5514,2,1946-02-13,0,0,M,1990-09-17,2,Unknown,10,10107,,0
5515,3,1949-04-10,1886,0,M,1990-09-18,0,Unknown,10,11307,,0
5516,3,1963-11-15,1750,2,M,1990-09-19,2,Unknown,21,10107,,0
5517,3,1960-05-05,1851,0,M,1990-09-20,2,Unknown,10,10107,,0
5518,3,1947-06-08,0,0,A,1990-09-20,0,Unknown,10,11307,,0
5519,4,1963-08-16,0,0,C,1990-09-21,2,Unknown,10,10807,,0
5520,3,1944-03-15,0,0,A,1990-09-25,0,Unknown,10,11307,,0
5521,2,1981-11-05,0,0,A,1990-09-26,0,Unknown,21,10107,,0
5522,4,1972-12-26,0,0,C,1990-09-26,0,Unknown,21,10107,,0
5523,2,1964-03-16,1685,2,M,1990-09-26,2,Unknown,10,18707,,0
5524,3,1957-01-18,0,0,M,1990-09-27,0,Unknown,21,10107,,0
5525,2,1958-06-12,0,0,A,1990-09-27,0,Unknown,10,11307,,0
5526,3,1958-07-25,0,0,D,1990-09-28,2,Unknown,10,12607,,0
5527,3,1961-10-27,0,0,D,1990-10-01,2,Unknown,10,10107,,0
5528,2,1962-01-25,2290,2,E,1990-10-01,2,Unknown,10,10807,,0
5529,3,1959-08-19,2103,1,M,1990-10-01,2,Unknown,10,15807,,0
5530,2,1964-05-12,1966,1,U,1990-10-02,2,Unknown,10,15707,,0
5531,2,1966-12-19,0,0,C,1990-10-03,2,Unknown,10,14607,,0
5532,3,1961-05-12,0,0,A,1990-10-03,0,Unknown,10,10207,,0
5533,3,1967-02-01,0,3,M,1990-10-03,2,Unknown,10,18707,,0
5534,2,1942-12-31,1993,0,M,1990-10-03,2,Unknown,10,15707,,0
5535,2,1965-01-06,0,0,A,1990-10-05,0,Unknown,10,11307,,0
5536,2,1940-05-21,0,0,A,1990-10-08,0,Unknown,10,11307,,0
5537,2,1961-04-24,0,0,C,1990-10-08,0,Unknown,10,10107,,0
5538,2,1965-06-01,0,0,A,1990-10-08,0,Unknown,23,11307,,0
5539,3,1944-07-01,0,0,A,1990-10-09,0,Unknown,10,11307,,0
5540,2,1963-02-11,0,0,M,1990-10-09,2,Unknown,10,17907,,0
5541,3,1963-11-17,3175,4,M,1990-10-10,2,Unknown,10,10107,,0
5542,2,1953-04-10,0,0,M,1990-10-11,2,Unknown,10,13807,,0
5543,2,1961-07-04,0,0,M,1990-10-12,0,Unknown,10,15707,,0
5544,3,1965-06-07,2000,3,B,1990-10-15,2,Unknown,10,10907,,0
5545,2,1967-03-31,0,0,M,1990-10-18,2,Unknown,10,12607,,0
5546,2,1962-08-19,0,0,D,1990-10-19,2,Unknown,10,15707,,0
5547,3,1954-10-14,1231,2,M,1990-10-22,2,Unknown,10,11907,,0
5548,2,1953-04-29,0,0,A,1990-10-23,0,Unknown,10,11307,,0
5549,2,1953-09-12,1862,1,M,1990-10-23,2,Unknown,10,14607,,0
5550,2,1961-01-08,0,0,A,1990-10-23,0,Unknown,10,13507,,0
5551,3,1966-04-26,2446,2,M,1990-10-23,2,Unknown,10,16707,,0
5552,2,1959-11-25,2304,0,D,1990-10-23,2,Unknown,10,10507,,0
5553,3,1950-10-21,1361,0,E,1990-10-24,2,Unknown,10,10607,,0
5554,4,1965-08-18,0,2,C,1990-10-24,2,Unknown,10,14707,,0
5555,2,1958-01-12,1448,0,M,1990-10-25,2,Unknown,10,14607,,0
5556,3,1947-09-19,0,0,A,1990-10-25,0,Unknown,10,11307,,0
5557,3,1965-11-24,0,0,M,1990-10-25,2,Unknown,10,11907,,0
5558,2,1958-06-05,0,1,M,1990-10-25,2,Unknown,10,16707,,0
5559,2,1950-07-12,1624,0,G,1990-10-26,2,Unknown,10,10107,,0
5560,2,1952-10-01,3318,2,B,1990-10-26,2,Unknown,10,10107,,0
5561,3,1969-03-08,0,3,M,1990-10-26,2,Unknown,10,10107,,0
5562,2,1953-01-03,0,0,M,1990-10-30,2,Unknown,10,14607,,0
5563,3,1961-11-29,890,2,G,1990-10-30,2,Unknown,10,16807,,0
5564,2,1925-11-25,0,0,M,1990-10-30,2,Unknown,10,10107,,0
5565,3,1928-05-22,0,0,A,1990-10-30,0,Unknown,10,10507,,0
5566,2,1959-07-31,0,0,A,1990-10-31,0,DV,21,11307,1997-04-01,1
5567,2,1963-01-04,0,0,A,1990-10-31,0,Unknown,10,11307,,0
5568,3,1957-04-07,0,2,M,1990-11-02,2,Unknown,21,10107,,0
5569,3,1950-09-11,0,0,M,1990-11-06,0,Unknown,10,10107,,0
5570,3,1930-11-18,0,0,A,1990-11-08,0,Unknown,10,15607,,0
5571,2,1957-12-17,0,0,D,1990-11-12,2,Unknown,10,11907,,0
5572,2,1938-11-25,0,0,D,1990-11-12,2,Unknown,10,10107,,0
5573,3,1965-03-03,3700,4,M,1990-11-13,0,Unknown,10,11307,,0
5574,2,1950-02-24,0,0,M,1990-11-13,2,Unknown,10,16807,,0
5575,2,1948-09-10,0,2,U,1990-11-14,2,Unknown,10,10107,,0
5576,3,1956-09-27,2018,1,M,1990-11-19,0,Unknown,10,11307,,0
5577,2,1956-05-11,2554,0,B,1990-11-19,0,DA,21,10107,2007-05-16,1
5578,2,1966-09-21,0,1,C,1990-11-20,2,Unknown,10,10307,,0
5579,2,1948-05-04,0,0,A,1990-11-21,0,Unknown,10,0,,0
5580,3,1955-12-12,1175,0,G,1990-11-26,2,Unknown,10,10207,,0
5581,2,1949-09-03,0,0,A,1990-11-28,0,Unknown,10,11307,,0
5582,3,1947-04-14,0,0,A,1990-11-28,0,Unknown,10,11307,,0
5583,4,1961-08-09,2444,0,C,1990-11-29,2,Unknown,10,16707,,0
5584,3,1962-08-21,0,0,A,1990-11-29,0,Unknown,10,11307,,0
5585,2,1950-11-08,0,2,D,1990-11-30,0,Unknown,10,11307,,0
5586,4,1963-11-19,1350,3,U,1990-11-30,2,Unknown,10,13807,,0
5587,2,1956-11-19,0,0,M,1990-12-03,2,Unknown,10,10107,,0
5588,3,1957-06-22,0,0,A,1990-12-03,0,Unknown,10,15707,,0
5589,3,1956-12-29,0,1,M,1990-12-03,2,Unknown,10,10507,,0
5590,3,1962-03-06,0,2,S,1990-12-04,2,Unknown,10,17907,,0
5591,3,1947-09-21,0,0,A,1990-12-05,0,Unknown,10,11307,,0
5592,2,1967-02-13,2791,0,C,1990-12-05,2,Unknown,10,10207,,0
5593,3,1968-07-17,0,3,M,1990-12-07,2,Unknown,10,10107,,0
5594,3,1953-04-01,2183,2,G,1990-12-11,2,Unknown,10,11907,,0
5595,3,1943-07-05,1131,0,M,1990-12-11,2,Unknown,10,10107,,0
5596,3,1960-04-23,3719,3,M,1990-12-11,2,Unknown,10,10107,,0
5597,3,1946-04-07,2391,0,M,1990-12-11,2,Unknown,10,16707,,0
5598,2,1958-10-05,0,0,A,1990-12-11,0,Unknown,10,18507,,0
5599,2,1934-01-12,0,0,A,1990-12-11,0,Unknown,10,18507,,0
5600,4,1963-11-06,2340,0,C,1990-12-13,2,Unknown,10,16607,,0
5601,3,1965-02-27,0,1,B,1990-12-13,0,Unknown,10,11307,,0
5602,2,1967-01-05,0,0,A,1990-12-13,0,Unknown,10,11307,,0
5603,3,1965-11-20,2122,2,M,1990-12-14,2,Unknown,10,10107,,0
5604,3,1949-04-07,0,0,M,1990-12-14,2,Unknown,10,16607,,0
5605,2,1945-10-07,3085,0,M,1990-12-17,2,Unknown,10,17507,,0
5606,2,1936-04-18,0,0,M,1990-12-18,2,Unknown,10,13807,,0
5607,2,1958-10-08,0,1,M,1990-12-18,2,Unknown,10,10107,,0
5608,2,1960-04-30,0,0,C,1990-12-18,2,Unknown,10,14607,,0
5609,2,1953-09-10,0,2,M,1990-12-19,2,Unknown,10,13507,,0
5610,2,1958-10-03,4545,0,D,1990-12-19,2,Unknown,10,18707,,0
5611,3,1965-07-02,0,0,A,1990-12-20,0,Unknown,21,0,,0
5612,3,1956-06-17,0,0,M,1990-12-20,2,Unknown,10,10607,,0
5613,3,1951-01-31,0,0,M,1990-12-21,2,Unknown,10,13807,,0
5614,3,1965-09-18,2020,1,M,1990-12-26,2,Unknown,10,10307,,0
5615,2,1944-11-29,2500,0,D,1990-12-26,2,Unknown,10,17807,,0
5616,3,1962-12-21,0,0,A,1990-12-27,0,Unknown,23,11307,,0
5617,3,1965-05-24,0,0,A,1990-12-28,0,Unknown,10,13907,,0
5618,2,1975-01-29,0,0,M,1990-12-28,2,Unknown,10,10107,,0
5619,3,1951-05-22,0,0,M,1990-12-28,2,Unknown,10,16707,,0
5620,2,1968-01-30,0,0,D,1990-12-28,2,Unknown,10,15807,,0
5621,3,1970-08-20,0,0,C,1991-01-02,2,Unknown,10,10207,,0
5622,3,1962-05-06,0,0,A,1991-01-03,0,Unknown,10,11907,,0
5623,2,1943-03-24,2785,1,M,1991-01-04,0,Unknown,21,0,,0
5624,2,1968-05-02,0,2,M,1991-01-08,2,Unknown,10,10207,,0
5625,2,1938-03-17,0,0,M,1991-01-08,2,Unknown,10,10207,,0
5626,3,1948-11-24,1600,0,M,1991-01-09,2,Unknown,10,11907,,0
5627,3,1954-01-16,0,0,C,1991-01-09,2,Unknown,10,17807,,0
5628,2,1942-02-15,0,0,A,1991-01-10,0,Unknown,21,0,,0
5629,3,1947-10-15,0,0,A,1991-01-10,0,Unknown,10,16707,,0
5630,3,1948-04-20,0,0,A,1991-01-11,0,Unknown,10,0,,0
5631,3,1966-06-05,0,0,M,1991-01-11,2,Unknown,10,10307,,0
5632,2,1965-02-01,1353,0,M,1991-01-11,2,Unknown,10,12779,,0
5633,2,1955-01-27,0,0,A,1991-01-14,0,Unknown,21,0,,0
5634,3,1945-12-28,0,0,A,1991-01-14,0,Unknown,21,0,,0
5635,3,1961-03-04,0,2,M,1991-01-15,2,Unknown,10,10107,,0
5636,3,1964-11-09,0,0,C,1991-01-15,2,Unknown,10,16707,,0
5637,3,1960-03-17,1700,2,M,1991-01-15,2,Unknown,10,16707,,0
5638,3,1945-10-19,1815,0,M,1991-01-15,0,Unknown,10,10907,,0
5639,3,1966-12-27,0,0,C,1991-01-17,2,Unknown,10,10107,,0
5640,2,1965-03-24,0,0,A,1991-01-17,0,Unknown,23,11307,,0
5641,2,1947-10-07,0,0,A,1991-01-18,0,Unknown,10,10307,,0
5642,3,1949-07-22,0,0,A,1991-01-18,0,Unknown,21,0,,0
5643,2,1945-10-28,0,0,A,1991-01-18,0,Unknown,10,11307,,0
5644,3,1960-06-10,1417,3,M,1991-01-23,2,Unknown,10,10907,,0
5645,3,1941-04-29,0,0,M,1991-01-23,2,Unknown,10,10907,,0
5646,4,1990-11-23,0,0,C,1991-01-22,2,Unknown,21,10107,,0
5647,2,1964-05-27,0,0,A,1991-01-23,0,Unknown,23,11307,,0
5648,3,1958-04-05,0,2,D,1991-01-24,2,Unknown,10,12807,,0
5649,3,1954-03-19,0,0,M,1991-01-24,2,Unknown,10,10207,,0
5650,3,1938-12-03,2200,3,M,1991-01-28,2,Unknown,10,16707,,0
5651,3,1940-09-10,1145,0,A,1991-01-29,0,Unknown,21,0,,0
5652,3,1953-11-19,0,0,M,1991-01-29,2,Unknown,10,16707,,0
5653,3,1965-04-27,2100,3,M,1991-01-30,2,Unknown,10,10107,,0
5654,2,1967-04-10,0,0,A,1991-02-04,0,Unknown,10,11307,,0
5655,4,1966-10-15,2091,2,U,1991-02-04,2,Unknown,10,13807,,0
5656,3,1957-01-03,0,0,M,1991-02-04,2,Unknown,10,13607,,0
5657,3,1950-02-01,0,0,A,1991-02-04,0,DA,10,0,1997-07-03,1
5658,2,1962-07-19,0,0,S,1991-02-05,2,Unknown,10,10807,,0
5659,2,1947-10-16,0,0,M,1991-02-05,2,Unknown,10,10107,,0
5660,3,1959-09-28,0,0,A,1991-02-07,0,Unknown,10,11307,,0
5661,4,1954-12-12,1832,0,C,1991-02-07,0,Unknown,10,11307,,0
5662,3,1943-06-07,0,0,D,1991-02-08,0,DV,21,15807,2005-07-29,1
5663,2,1946-06-10,4333,1,V,1991-02-12,2,Unknown,10,12807,,0
5664,3,1953-01-17,1764,1,G,1991-02-12,2,Unknown,10,11307,,0
5665,2,1963-03-01,2450,2,D,1991-02-12,2,Unknown,10,17907,,0
5666,3,1959-01-25,0,2,M,1991-02-13,2,Unknown,10,10307,,0
5667,4,1987-04-19,0,0,C,1991-02-13,2,Unknown,21,10107,,0
5668,3,1946-05-13,1529,0,M,1991-02-14,2,Unknown,10,11907,,0
5669,3,1953-04-21,0,1,D,1991-02-15,2,Unknown,10,10107,,0
5670,2,1969-04-12,0,0,A,1991-02-15,0,Unknown,10,11307,,0
5671,3,1915-04-24,0,0,A,1991-02-19,0,DC,21,10907,,0
5672,3,1933-02-22,0,0,V,1991-02-20,2,Unknown,10,18507,,0
5673,4,1964-11-16,0,0,C,1991-02-20,0,Unknown,23,11307,,0
5674,2,1929-08-30,0,0,M,1991-02-22,0,DC,21,10907,,0
5675,3,1959-01-25,0,0,A,1991-02-25,0,Unknown,10,10107,,0
5676,3,1967-04-28,0,0,A,1991-02-25,0,Unknown,10,0,,0
5677,2,1961-01-01,0,0,A,1991-02-26,0,Unknown,10,14707,,0
5678,3,1959-11-04,0,0,M,1991-02-27,2,Unknown,10,15707,,0
5679,2,1949-05-11,0,0,M,1991-02-27,2,Unknown,10,15707,,0
5680,2,1966-06-24,0,0,A,1991-02-27,0,Unknown,10,15707,,0
5681,3,1966-09-30,2255,3,M,1991-02-27,2,Unknown,10,14707,,0
5682,3,1961-07-29,2266,1,B,1991-02-28,2,Unknown,10,10107,,0
5683,2,1965-04-06,0,2,M,1991-03-01,2,Unknown,10,10207,,0
5684,2,1965-01-08,2288,2,M,1991-03-01,2,Unknown,10,10107,,0
5685,3,1960-03-23,0,0,A,1991-03-01,0,Unknown,10,18707,,0
5686,3,1955-10-24,0,0,A,1991-03-04,0,Unknown,10,11307,,0
5687,2,1963-06-25,0,2,M,1991-03-07,2,Unknown,10,13507,,0
5688,3,1957-12-07,0,0,M,1991-03-07,2,Unknown,10,14707,,0
5689,2,1947-09-30,0,0,C,1991-03-08,2,Unknown,10,11307,,0
5690,4,1979-12-27,0,0,C,1991-03-08,0,Unknown,21,10107,,0
5691,3,1945-05-01,1100,0,C,1991-03-12,0,Unknown,10,15707,,0
5692,2,1963-02-04,1248,0,C,1991-03-13,2,Unknown,10,13907,,0
5693,3,1967-07-05,0,0,C,1991-03-13,2,Unknown,10,10107,,0
5694,3,1934-01-01,0,0,A,1991-03-13,0,Unknown,10,11307,,0
5695,2,1960-08-31,2500,1,G,1991-03-15,2,Unknown,10,10807,,0
5696,2,1948-10-14,1955,1,M,1991-03-19,0,Unknown,10,11907,,0
5697,2,1947-11-05,0,0,A,1991-03-20,0,Unknown,21,0,,0
5698,2,1954-11-04,0,0,M,1991-03-20,0,DA,21,0,2005-02-07,1
5699,3,1955-05-16,0,0,A,1991-03-20,0,Unknown,10,0,,0
5700,2,1965-05-09,2628,2,B,1991-03-20,2,Unknown,10,10107,,0
5701,3,1953-11-09,0,0,M,1991-03-20,0,Unknown,10,16707,,0
5702,3,1943-11-03,0,1,M,1991-03-26,2,Unknown,21,10107,,0
5703,3,1948-08-24,1609,1,D,1991-03-27,2,Unknown,10,17907,,0
5704,2,1985-07-08,0,0,C,1991-03-27,2,Unknown,21,10107,,0
5705,2,1980-10-23,0,0,C,1991-03-27,2,Unknown,21,10107,,0
5706,3,1967-03-06,1247,2,M,1991-03-29,2,Unknown,10,13507,,0
5707,3,1947-03-31,0,0,A,1991-03-29,0,Unknown,23,11307,,0
5708,2,1948-07-04,3106,1,M,1991-04-04,2,Unknown,10,10107,,0
5709,2,1955-12-23,0,0,M,1991-04-08,2,Unknown,10,11307,,0
5710,2,1964-03-14,0,4,V,1991-04-09,2,Unknown,10,14707,,0
5711,2,1965-08-26,0,0,A,1991-04-11,0,Unknown,10,10107,,0
5712,3,1955-12-28,2563,1,M,1991-04-12,2,Unknown,10,11307,,0
5713,4,1961-05-30,1957,2,U,1991-04-12,2,Unknown,10,10107,,0
5714,2,1953-06-29,0,0,A,1991-04-16,0,Unknown,21,0,,0
5715,3,1960-04-27,0,0,A,1991-04-16,0,Unknown,10,11307,,0
5716,3,1945-12-28,806,0,A,1991-04-17,0,Unknown,10,16707,,0
5717,3,1955-02-14,0,0,A,1991-04-18,2,Unknown,10,10307,,0
5718,3,1949-04-26,2285,1,M,1991-04-18,0,Unknown,10,0,,0
5719,2,1961-05-22,0,0,A,1991-04-18,0,DV,21,16807,2001-07-24,1
5720,4,1969-07-18,0,0,C,1991-04-18,0,Unknown,10,11307,,0
5721,4,1991-03-20,0,0,C,1991-04-19,0,Unknown,21,11307,,0
5722,3,1946-12-01,2400,0,M,1991-04-19,2,Unknown,10,11907,,0
5723,2,1959-10-11,0,0,M,1991-04-23,2,Unknown,10,11307,,0
5724,3,1957-11-14,3352,3,U,1991-04-24,2,Unknown,10,10107,,0
5725,2,1975-12-29,0,0,C,1991-04-24,2,Unknown,21,14707,,0
5726,2,1957-07-21,2229,2,E,1991-04-25,2,Unknown,10,17907,,0
5727,3,1941-06-30,0,0,A,1991-04-26,0,Unknown,10,11307,,0
5728,3,1946-03-18,0,0,A,1991-04-29,0,Unknown,10,11307,,0
5729,3,1955-04-13,0,0,A,1991-04-30,0,Unknown,10,12807,,0
5730,2,1950-10-28,1792,1,M,1991-04-30,2,Unknown,10,18507,,0
5731,2,1938-07-26,0,0,A,1991-04-30,0,DC,21,11307,,0
5732,2,1953-01-24,2859,2,M,1991-05-02,2,Unknown,10,13507,,0
5733,3,1951-03-02,0,0,A,1991-05-03,0,Unknown,21,0,,0
5734,3,1966-09-11,0,0,M,1991-05-03,2,Unknown,10,17807,,0
5735,2,1961-04-01,0,0,M,1991-05-07,2,Unknown,10,14707,,0
5736,3,1959-05-11,0,0,M,1991-05-07,2,Unknown,10,10807,,0
5737,2,1966-08-18,0,0,A,1991-05-07,0,Unknown,10,14707,,0
5738,2,1964-07-03,0,0,A,1991-05-07,0,Unknown,10,11307,,0
5739,2,1981-05-11,0,0,C,1991-05-10,2,Unknown,10,10107,,0
5740,4,1942-08-08,2240,0,C,1991-05-13,0,Unknown,10,11307,,0
5741,4,1991-01-17,0,0,C,1991-05-14,0,Unknown,21,10107,,0
5742,3,1966-11-19,0,0,M,1991-05-15,2,Unknown,10,14607,,0
5743,2,1954-04-15,0,1,M,1991-05-16,2,Unknown,10,12607,,0
5744,2,1965-03-27,0,0,A,1991-05-16,0,Unknown,23,11307,,0
5745,2,1965-09-09,0,0,A,1991-05-16,0,Unknown,23,11307,,0
5746,2,1945-07-28,0,0,A,1991-05-17,0,Unknown,10,11307,,0
5747,3,1961-08-31,0,0,A,1991-05-17,0,Unknown,10,17907,,0
5748,3,1940-01-18,0,0,A,1991-05-21,0,Unknown,10,11307,,0
5749,2,1953-01-16,0,0,A,1991-05-29,0,Unknown,10,11307,,0
5750,3,1950-05-06,2962,1,V,1991-05-29,2,Unknown,10,12779,,0
5751,2,1935-08-02,0,0,A,1991-05-30,0,DA,21,11307,1997-02-20,1
5752,2,1934-07-05,0,0,M,1991-05-31,2,Unknown,10,17807,,0
5753,3,1946-03-10,0,0,D,1991-06-04,2,Unknown,10,12807,,0
5754,2,1954-04-21,0,0,A,1991-06-04,0,Unknown,21,0,,0
5755,2,1964-04-01,0,0,C,1991-06-04,2,Unknown,10,11307,,0
5756,2,1961-10-02,0,0,A,1991-06-05,0,DV,21,10207,2005-06-23,1
5757,2,1963-10-08,1629,3,B,1991-06-05,2,Unknown,10,13607,,0
5758,3,1950-05-08,0,0,A,1991-06-06,0,Unknown,10,18507,,0
5759,2,1957-07-30,0,0,A,1991-06-07,0,Unknown,21,0,,0
5760,2,1946-11-12,2630,1,B,1991-06-07,2,Unknown,10,16607,,0
5761,2,1966-01-24,1050,0,G,1991-06-07,2,Unknown,10,13507,,0
5762,3,1943-11-08,0,0,M,1991-06-12,2,Unknown,10,12607,,0
5763,3,1955-12-04,0,3,C,1991-06-12,2,Unknown,10,17807,,0
5764,3,1934-06-13,0,0,M,1991-06-13,0,Unknown,10,11307,,0
5765,3,1946-08-25,1577,0,B,1991-06-14,2,Unknown,10,16707,,0
5766,2,1937-03-01,0,0,M,1991-06-14,0,DC,21,10507,,0
5767,2,1932-03-27,0,0,A,1991-06-14,0,DC,10,0,,0
5768,4,1960-11-15,2629,4,U,1991-06-17,2,Unknown,10,13807,,0
5769,3,1965-09-09,0,0,D,1991-06-17,2,Unknown,10,10207,,0
5770,3,1937-05-17,0,0,A,1991-06-17,0,Unknown,10,14607,,0
5771,2,1962-01-30,0,0,U,1991-06-18,2,Unknown,10,12807,,0
5772,3,1942-11-28,1190,0,M,1991-06-18,2,Unknown,10,10607,,0
5773,4,1936-10-29,0,0,C,1991-06-18,2,Unknown,10,14707,,0
5774,4,1964-12-06,0,0,C,1991-06-19,0,Unknown,10,10107,,0
5775,2,1935-07-27,0,0,A,1991-06-20,0,Unknown,21,0,,0
5776,3,1955-01-01,0,0,M,1991-06-20,0,Unknown,21,17807,,0
5777,2,1953-02-01,0,2,M,1991-06-21,2,Unknown,10,10107,,0
5778,2,1956-02-24,0,0,A,1991-06-21,0,Unknown,10,11307,,0
5779,3,1963-09-17,0,0,A,1991-06-25,0,Unknown,23,11307,,0
5780,2,1960-07-07,0,0,A,1991-06-25,0,Unknown,10,11307,,0
5781,4,1962-12-30,1900,0,C,1991-06-27,2,Unknown,10,11307,,0
5782,2,1960-09-09,2120,2,M,1991-06-28,2,Unknown,10,13507,,0
5783,4,1964-08-17,0,0,C,1991-06-28,0,Unknown,10,11307,,0
5784,2,1955-07-24,2600,2,M,1991-07-04,2,Unknown,10,16707,,0
5785,2,1921-10-11,0,0,A,1991-07-04,0,DC,10,10107,,0
5786,3,1955-04-17,2500,3,M,1991-07-04,2,Unknown,10,10107,,0
5787,3,1941-01-31,0,0,A,1991-07-04,0,Unknown,10,11307,,0
5788,3,1969-05-11,1495,1,M,1991-07-05,2,Unknown,10,13507,,0
5789,2,1956-02-02,0,0,A,1991-07-08,0,Unknown,10,11307,,0
5790,3,1966-08-03,0,3,M,1991-07-09,2,Unknown,10,13907,,0
5791,2,1961-09-14,4886,2,U,1991-07-09,2,Unknown,10,13507,,0
5792,2,1964-09-07,2400,5,U,1991-07-10,2,Unknown,10,12607,,0
5793,2,1967-12-15,0,0,A,1991-07-10,0,Unknown,23,11307,,0
5794,3,1947-08-24,0,0,A,1991-07-11,0,Unknown,10,11907,,0
5795,1,,0,0,A,1991-07-16,4,Unknown,50,11907,,0
5796,4,1981-05-23,0,0,C,1991-07-17,2,Unknown,21,10107,,0
5797,3,1945-01-01,0,0,A,1991-07-17,0,Unknown,10,11307,,0
5798,2,1963-08-15,0,2,M,1991-07-18,2,Unknown,10,13507,,0
5799,3,1952-11-02,0,0,M,1991-07-18,2,Unknown,10,12807,,0
5800,4,1971-06-02,0,0,C,1991-07-19,2,Unknown,10,0,,0
5801,3,1952-11-28,0,0,D,1991-07-22,2,Unknown,10,11907,,0
5802,3,1949-05-08,2217,0,M,1991-07-22,2,Unknown,10,14707,,0
5803,3,1953-08-30,0,0,M,1991-07-23,2,Unknown,10,11907,,0
5804,3,1944-02-19,1361,1,M,1991-07-23,2,Unknown,10,10507,,0
5805,2,1949-05-28,3300,0,G,1991-07-24,0,Unknown,21,0,,0
5806,4,1962-11-15,0,2,C,1991-07-24,2,Unknown,10,17907,,0
5807,3,1966-07-03,1706,1,D,1991-07-24,0,Unknown,10,10107,,0
5808,1,,0,0,A,1991-07-24,4,Unknown,50,16607,,0
5809,3,1949-04-25,0,0,S,1991-07-25,2,Unknown,10,13807,,0
5810,3,1948-02-03,0,0,M,1991-07-25,2,Unknown,10,12607,,0
5811,4,1961-12-02,0,0,C,1991-07-25,0,Unknown,10,11307,,0
5812,4,1965-05-25,0,0,C,1991-07-26,0,Unknown,23,11307,,0
5813,2,1953-07-17,0,0,A,1991-07-26,2,Unknown,10,11307,,0
5814,3,1967-12-31,0,0,M,1991-08-01,2,Unknown,10,10107,,0
5815,4,1952-01-31,0,0,C,1991-08-01,2,Unknown,10,11307,,0
5816,3,1942-08-01,2390,2,M,1991-08-02,2,Unknown,10,17807,,0
5817,2,1949-04-20,0,0,A,1991-08-02,0,Unknown,10,11307,,0
5818,4,1968-02-14,0,0,C,1991-08-05,0,Unknown,10,10107,,0
5819,3,1961-08-06,0,0,A,1991-08-06,2,DV,21,10107,1998-06-25,1
5820,4,1966-05-23,0,0,C,1991-08-08,0,Unknown,10,11307,,0
5821,2,1935-08-20,0,0,M,1991-08-09,2,Unknown,10,16607,,0
5822,3,1958-02-25,0,2,M,1991-08-09,2,Unknown,10,11607,,0
5823,2,1960-03-24,0,0,C,1991-08-13,2,Unknown,10,18707,,0
5824,3,1947-10-02,0,0,A,1991-08-14,0,Unknown,10,11307,,0
5825,2,1943-03-01,0,0,M,1991-08-19,2,Unknown,10,11607,,0
5826,2,1968-12-15,3001,1,M,1991-08-20,2,Unknown,10,10507,,0
5827,3,1966-05-03,0,0,A,1991-08-20,0,RA,21,11307,1999-11-25,1
5828,2,1962-01-25,0,0,C,1991-08-21,2,Unknown,10,16707,,0
5829,3,1963-05-19,1485,0,M,1991-08-26,2,Unknown,10,11307,,0
5830,2,1925-08-28,0,0,A,1991-08-27,0,Unknown,21,0,,0
5831,2,1936-08-09,0,0,M,1991-08-28,2,Unknown,10,14607,,0
5832,2,1957-04-06,0,1,M,1991-08-28,2,Unknown,10,10107,,0
5833,3,1962-07-20,4571,3,B,1991-08-29,2,Unknown,10,10107,,0
5834,4,1964-06-02,0,0,C,1991-09-03,0,Unknown,21,0,,0
5835,3,1968-03-28,3001,2,M,1991-09-03,2,Unknown,10,17907,,0
5836,3,1964-04-29,0,2,M,1991-09-03,2,Unknown,10,17907,,0
5837,2,1965-06-05,0,0,A,1991-09-03,0,Unknown,10,11307,,0
5838,2,1954-06-06,0,0,A,1991-09-04,0,Unknown,21,11307,,0
5839,4,1966-10-27,1798,0,U,1991-09-05,2,Unknown,10,13607,,0
5840,3,1959-12-22,0,0,M,1991-09-06,2,Unknown,10,14707,,0
5841,3,1960-07-12,0,1,M,1991-09-09,2,Unknown,10,10107,,0
5842,4,1967-05-15,0,0,C,1991-09-10,2,Unknown,10,18507,,0
5843,2,1928-06-21,0,0,A,1991-09-10,0,Unknown,21,0,,0
5844,4,1962-01-28,2421,0,U,1991-09-10,2,Unknown,10,17907,,0
5845,2,1954-12-31,0,3,M,1991-09-11,2,Unknown,10,17807,,0
5846,3,1945-08-01,0,0,A,1991-09-11,0,Unknown,10,12779,,0
5847,2,1957-04-19,0,0,A,1991-09-13,0,Unknown,23,11307,,0
5848,3,1967-06-04,3017,2,M,1991-09-16,0,DV,21,16707,2006-07-24,1
5849,3,1957-04-11,1927,2,F,1991-09-16,2,Unknown,10,14707,,0
5850,2,1934-05-03,1789,0,C,1991-09-16,2,Unknown,10,18507,,0
5851,2,1933-07-27,0,0,A,1991-09-17,0,Unknown,10,11307,,0
5852,3,1955-12-06,0,0,D,1991-09-18,2,Unknown,10,14907,,0
5853,3,1959-08-30,2095,2,U,1991-09-18,2,Unknown,10,16707,,0
5854,3,1950-06-04,2400,0,M,1991-09-19,2,Unknown,10,10107,,0
5855,2,1954-07-15,0,0,A,1991-09-20,0,Unknown,10,10807,,0
5856,2,1917-08-13,0,0,A,1991-09-19,0,Unknown,10,14707,,0
5857,3,1952-11-04,0,0,A,1991-09-24,0,Unknown,10,11307,,0
5858,4,1948-06-14,0,0,C,1991-09-27,0,Unknown,21,0,,0
5859,3,1953-06-22,1615,0,D,1991-09-27,2,Unknown,10,10107,,0
5860,2,1959-12-25,0,0,A,1991-09-30,0,DV,21,13807,2002-02-01,1
5861,3,1944-09-03,2400,1,D,1991-09-30,2,Unknown,10,14607,,0
5862,4,1966-01-17,0,0,C,1991-09-30,0,Unknown,23,0,,0
5863,3,1966-07-02,0,0,A,1991-09-30,0,Unknown,23,11307,,0
5864,3,1948-02-23,0,0,A,1991-09-30,0,Unknown,10,11307,,0
5865,3,1948-02-28,2215,0,M,1991-10-01,2,Unknown,10,10107,,0
5866,2,1956-08-30,2254,1,M,1991-10-03,2,Unknown,10,13907,,0
5867,4,1965-10-11,0,0,C,1991-10-03,2,Unknown,10,16707,,0
5868,3,1969-08-19,0,0,C,1991-10-07,0,Unknown,10,14707,,0
5869,3,1953-08-22,0,0,M,1991-10-07,2,Unknown,10,14707,,0
5870,3,1956-09-06,0,0,A,1991-10-07,0,Unknown,10,15807,,0
5871,4,1963-01-25,0,0,C,1991-10-08,2,Unknown,10,12807,,0
5872,2,1956-03-15,0,0,A,1991-10-09,0,Unknown,10,16707,,0
5873,3,1959-09-07,2300,2,M,1991-10-09,0,Unknown,10,0,,0
5874,3,1961-10-03,0,3,M,1991-10-10,2,Unknown,10,10107,,0
5875,3,1949-12-10,1234,0,U,1991-10-10,2,Unknown,10,10107,,0
5876,3,1965-09-22,0,0,C,1991-10-10,2,Unknown,10,10107,,0
5877,3,1960-11-30,0,0,M,1991-10-10,2,Unknown,10,10907,,0
5878,2,1962-07-23,0,0,M,1991-10-11,2,Unknown,10,16707,,0
5879,3,1941-12-27,1147,0,D,1991-10-14,2,Unknown,10,16707,,0
5880,2,1982-12-01,0,0,C,1991-10-14,2,Unknown,21,10107,,0
5881,2,1962-06-10,0,0,A,1991-10-14,0,Unknown,23,0,,0
5882,3,1970-06-09,0,0,A,1991-10-15,0,Unknown,10,13907,,0
5883,3,1953-12-08,0,1,M,1991-10-17,2,Unknown,10,10307,,0
5884,2,1941-08-12,0,0,A,1991-10-17,0,Unknown,10,0,,0
5885,2,1948-10-02,0,0,M,1991-10-18,2,Unknown,10,0,,0
5886,2,1946-09-02,0,0,B,1991-10-21,2,Unknown,10,10807,,0
5887,4,1961-09-01,0,1,C,1991-10-22,0,Unknown,10,10107,,0
5888,2,1955-10-26,0,0,C,1991-10-22,2,Unknown,10,10107,,0
5889,3,1967-07-01,0,0,M,1991-10-24,2,Unknown,10,17907,,0
5890,2,1954-10-13,0,0,A,1991-10-25,0,Unknown,10,0,,0
5891,3,1955-03-23,0,0,A,1991-10-28,0,Unknown,10,15607,,0
5892,3,1960-02-15,1642,2,B,1991-10-28,2,Unknown,10,10107,,0
5893,2,1961-07-23,0,1,M,1991-10-28,2,Unknown,10,16607,,0
5894,3,1954-11-20,0,0,A,1991-10-28,0,Unknown,10,0,,0
5895,3,1963-01-18,0,0,A,1991-10-28,0,Unknown,10,0,,0
5896,3,1963-02-19,0,1,M,1991-10-29,2,Unknown,10,10107,,0
5897,3,1969-10-21,0,2,M,1991-10-29,2,Unknown,10,10107,,0
5898,2,1960-10-30,0,0,A,1991-10-30,0,Unknown,10,0,,0
5899,4,1954-11-05,1507,0,U,1991-10-30,2,Unknown,10,10107,,0
5900,3,1963-09-08,0,0,C,1991-10-31,2,Unknown,10,12807,,0
5901,1,,0,0,A,1991-10-31,0,Unknown,61,10107,,0
5902,2,1952-05-03,2342,1,M,1991-11-04,2,Unknown,10,10107,,0
5903,3,1946-03-20,0,0,M,1991-11-04,2,Unknown,10,11907,,0
5904,3,1969-10-26,0,3,C,1991-11-06,2,Unknown,10,10107,,0
5905,3,1970-08-10,0,1,M,1991-11-07,2,Unknown,10,10107,,0
5906,2,1947-01-01,0,0,A,1991-11-07,0,Unknown,10,0,,0
5907,2,1948-06-14,0,0,C,1991-11-08,2,Unknown,10,15707,,0
5908,2,1964-04-27,1829,0,M,1991-11-08,2,Unknown,10,15707,,0
5909,4,1939-08-27,0,0,C,1991-11-12,0,DC,21,0,1993-09-01,1
5910,4,1964-01-31,0,0,C,1991-11-12,2,Unknown,10,14607,,0
5911,2,1966-12-09,2515,4,M,1991-11-12,2,DV,21,18707,2005-11-23,1
5912,3,1942-05-16,0,0,A,1991-11-13,0,DV,21,11307,2006-05-22,1
5913,3,1952-03-22,3000,0,M,1991-11-13,2,Unknown,10,10107,,0
5914,2,1962-05-20,0,0,A,1991-11-13,0,Unknown,10,0,,0
5915,2,1968-04-01,0,0,A,1991-11-14,0,Unknown,10,18707,,0
5916,3,1933-06-09,0,0,V,1991-11-15,2,Unknown,10,13807,,0
5917,2,1922-03-04,0,0,M,1991-11-21,2,Unknown,10,16707,,0
5918,3,1960-01-27,0,0,M,1991-11-21,0,DV,21,14707,2004-11-18,1
5919,4,1947-03-21,0,0,C,1991-11-21,0,Unknown,10,0,,0
5920,3,1925-06-27,0,0,M,1991-11-22,2,Unknown,10,16707,,0
5921,2,1965-02-12,2093,3,M,1991-11-26,2,Unknown,10,10507,,0
5922,3,1963-01-30,1685,0,B,1991-11-27,2,Unknown,10,17907,,0
5923,2,1975-02-20,0,0,A,1991-11-27,0,Unknown,21,10107,,0
5924,4,1990-12-09,0,0,C,1991-11-28,2,Unknown,21,10107,,0
5925,2,1960-04-03,4100,0,U,1991-11-28,2,Unknown,10,14707,,0
5926,2,1969-02-11,2649,0,U,1991-12-02,2,Unknown,10,13507,,0
5927,3,1963-07-25,0,0,M,1991-12-02,2,Unknown,10,16607,,0
5928,3,1949-07-21,0,0,A,1991-12-02,0,Unknown,10,0,,0
5929,3,1944-01-07,1620,0,V,1991-12-03,2,Unknown,10,13507,,0
5930,2,1964-01-31,0,0,A,1991-12-04,0,Unknown,21,0,,0
5931,3,1948-03-25,0,0,A,1991-12-05,0,Unknown,10,11307,,0
5932,3,1931-02-22,0,0,A,1991-12-05,0,Unknown,10,0,,0
5933,3,1958-02-09,0,1,D,1991-12-09,0,Unknown,10,10607,,0
5934,3,1955-06-01,3100,1,M,1991-12-09,2,Unknown,10,10107,,0
5935,3,1965-10-09,1676,0,D,1991-12-09,2,Unknown,10,10107,,0
5936,2,1966-04-14,0,0,A,1991-12-10,0,Unknown,23,0,,0
5937,3,1963-07-24,2580,1,D,1991-12-11,2,Unknown,10,16707,,0
5938,3,1951-09-03,0,0,A,1991-12-12,0,Unknown,10,0,,0
5939,2,1963-02-10,2100,2,M,1991-12-13,2,Unknown,10,10107,,0
5940,2,1965-05-13,0,1,U,1991-12-13,2,Unknown,10,10107,,0
5941,2,1950-12-14,3276,0,C,1991-12-13,2,Unknown,10,14707,,0
5942,2,1966-03-13,2000,2,M,1991-12-13,2,Unknown,10,10207,,0
5943,2,1943-05-16,0,0,M,1991-12-16,2,Unknown,10,11907,,0
5944,2,1957-11-18,0,0,A,1991-12-16,0,Unknown,10,0,,0
5945,2,1958-10-15,0,0,M,1991-12-17,2,Unknown,10,18507,,0
5946,2,1930-12-24,2220,0,E,1991-12-18,0,Unknown,10,11907,,0
5947,2,1954-02-18,0,0,M,1991-12-18,2,Unknown,10,13507,,0
5948,2,1934-01-13,0,0,A,1991-12-18,0,Unknown,21,0,,0
5949,2,1953-04-11,0,2,M,1991-12-18,2,Unknown,10,0,,0
5950,3,1967-05-29,2789,2,M,1991-12-19,2,Unknown,10,13507,,0
5951,3,1947-03-29,1500,0,M,1991-12-19,2,Unknown,10,12607,,0
5952,3,1952-09-28,0,0,V,1991-12-19,0,RA,21,12779,2002-08-12,1
5953,2,1933-09-15,0,0,A,1991-12-20,0,Unknown,10,10307,,0
5954,2,1966-10-10,0,0,A,1991-12-23,0,Unknown,10,10807,,0
5955,3,1944-12-13,0,0,A,1991-12-23,0,Unknown,10,0,,0
5956,2,1955-04-05,0,0,A,1991-12-26,0,Unknown,10,0,,0
5957,3,1967-06-27,2173,3,M,1991-12-30,2,Unknown,10,15707,,0
5958,3,1954-03-09,0,2,M,1991-12-30,0,Unknown,24,13507,,0
5959,3,1939-10-05,0,0,A,1991-12-30,0,Unknown,10,0,,0
5960,3,1946-09-29,0,0,M,1992-01-02,2,Unknown,10,16707,,0
5961,2,1937-04-13,0,0,V,1992-01-06,2,Unknown,10,10107,,0
5962,2,1947-06-09,0,0,A,1992-01-07,0,Unknown,10,0,,0
5963,2,1949-08-25,0,0,A,1992-01-07,0,Unknown,10,0,,0
5964,3,1967-06-16,0,2,M,1992-01-08,2,Unknown,10,14607,,0
5965,3,1949-01-13,0,0,A,1992-01-08,0,Unknown,21,0,,0
5966,4,1978-03-12,0,0,C,1992-01-08,2,Unknown,21,10107,,0
5967,4,1961-09-10,0,0,C,1992-01-08,0,Unknown,23,0,,0
5968,3,1950-06-17,0,0,D,1992-01-10,0,Unknown,10,11307,,0
5969,4,1959-12-25,1495,0,C,1992-01-10,2,Unknown,10,16707,,0
5970,3,1935-12-05,0,0,M,1992-01-10,2,Unknown,10,10907,,0
5971,4,1968-02-13,0,0,C,1992-01-13,0,Unknown,10,0,,0
5972,2,1963-03-21,0,0,A,1992-01-13,0,Unknown,23,0,,0
5973,2,1939-03-08,0,0,M,1992-01-15,2,Unknown,10,0,,0
5974,4,1967-10-16,0,0,C,1992-01-16,0,Unknown,10,17907,,0
5975,2,1956-03-14,0,3,M,1992-01-16,2,Unknown,10,10207,,0
5976,3,1930-12-09,0,0,A,1992-01-17,2,DV,10,0,1992-05-29,1
5977,3,1940-10-02,0,0,M,1992-01-17,0,DA,21,0,2001-02-23,1
5978,3,1948-02-13,0,0,A,1992-01-20,0,Unknown,10,18707,,0
5979,3,1926-03-22,0,0,M,1992-01-21,2,Unknown,10,17807,,0
5980,2,1963-06-12,0,0,A,1992-01-21,0,Unknown,23,0,,0
5981,2,1930-04-19,0,0,A,1992-01-21,0,Unknown,21,0,,0
5982,2,1963-05-07,0,4,M,1992-01-22,0,Unknown,10,13807,,0
5983,2,1966-05-11,2635,2,E,1992-01-22,2,Unknown,10,17507,,0
5984,2,1948-02-16,0,2,M,1992-01-22,2,Unknown,10,10107,,0
5985,3,1949-08-31,0,0,A,1992-01-23,0,Unknown,10,0,,0
5986,3,1963-12-18,1596,1,B,1992-01-24,2,Unknown,10,17907,,0
5987,3,1938-08-13,0,0,A,1992-01-27,0,Unknown,21,0,,0
5988,2,1965-03-21,0,2,M,1992-01-27,2,Unknown,10,14607,,0
5989,3,1960-01-21,1252,2,M,1992-01-27,2,Unknown,10,10207,,0
5990,3,1941-12-25,2331,0,M,1992-01-27,2,Unknown,10,15607,,0
5991,2,1947-09-14,0,0,A,1992-01-28,0,Unknown,10,0,,0
5992,3,1968-10-06,0,0,A,1992-01-28,2,Unknown,10,10107,,0
5993,3,1961-02-14,0,0,A,1992-01-29,0,Unknown,10,0,,0
5994,3,1953-08-08,1964,0,C,1992-01-30,2,Unknown,10,12807,,0
5995,2,1966-01-01,2555,2,M,1992-01-30,2,Unknown,10,10607,,0
5996,3,1978-05-11,0,0,C,1992-01-31,2,Unknown,21,10107,,0
5997,2,1931-07-28,0,0,A,1992-01-31,0,Unknown,10,0,,0
5998,3,1948-03-30,1864,2,M,1992-02-05,2,Unknown,10,16707,,0
5999,2,1960-11-23,0,0,A,1992-02-06,0,Unknown,10,0,,0
6000,3,1956-03-21,0,0,C,1992-02-06,0,Unknown,10,0,,0
6001,1,,0,0,A,1992-02-07,0,Unknown,82,11307,,0
6002,3,1948-02-17,3000,0,D,1992-02-07,2,Unknown,10,10807,,0
6003,2,1933-09-23,0,0,A,1992-02-10,0,Unknown,21,0,,0
6004,2,1941-09-01,0,0,A,1992-02-11,0,Unknown,10,12807,,0
6005,3,1954-09-02,0,0,M,1992-02-11,2,Unknown,10,10107,,0
6006,3,1963-01-31,2252,2,M,1992-02-12,2,Unknown,10,10807,,0
6007,4,1968-09-05,2126,0,C,1992-02-13,2,Unknown,10,10107,,0
6008,3,1963-03-10,0,0,A,1992-02-13,0,Unknown,10,0,,0
6009,4,1978-01-28,0,0,C,1992-02-14,2,Unknown,21,10107,,0
6010,2,1969-08-29,0,0,M,1992-02-17,2,Unknown,10,16707,,0
6011,3,1955-12-25,0,0,M,1992-02-18,2,Unknown,10,13507,,0
6012,3,1941-04-24,0,0,M,1992-02-18,2,Unknown,10,10107,,0
6013,2,1964-09-18,0,0,A,1992-02-19,0,Unknown,23,0,,0
6014,3,1967-09-26,0,2,M,1992-02-24,2,Unknown,10,10107,,0
6015,2,1955-03-01,0,0,A,1992-02-24,0,Unknown,10,0,,0
6016,3,1948-07-07,1807,0,D,1992-02-25,2,Unknown,10,13807,,0
6017,2,1969-04-09,0,0,A,1992-02-27,0,Unknown,10,0,,0
6018,4,1962-09-29,1410,0,C,1992-03-02,2,Unknown,10,15807,,0
6019,2,1945-03-19,1618,0,M,1992-03-03,2,Unknown,10,13807,,0
6020,3,1957-11-17,0,0,A,1992-03-03,0,Unknown,10,18707,,0
6021,3,1958-04-24,0,0,A,1992-03-03,0,Unknown,10,0,,0
6022,3,1948-03-04,2380,1,S,1992-03-04,2,Unknown,10,13907,,0
6023,3,1947-09-16,0,1,V,1992-03-05,2,Unknown,10,16707,,0
6024,3,1953-01-12,0,0,A,1992-03-05,0,Unknown,10,0,,0
6025,4,1967-06-01,0,0,C,1992-03-06,0,Unknown,10,13607,,0
6026,2,1967-04-09,0,2,C,1992-03-06,2,Unknown,10,12607,,0
6027,2,1940-03-12,2457,0,M,1992-03-06,2,Unknown,10,13807,,0
6028,3,1946-01-13,4016,0,M,1992-03-09,2,Unknown,10,13507,,0
6029,2,1967-01-02,0,0,D,1992-03-10,2,Unknown,10,17907,,0
6030,3,1959-12-03,2600,1,U,1992-03-10,2,Unknown,10,0,,0
6031,2,1957-07-07,0,0,M,1992-03-10,2,Unknown,10,18707,,0
6032,2,1965-04-26,0,0,D,1992-03-11,2,Unknown,10,13807,,0
6033,4,1962-06-14,0,0,C,1992-03-11,2,Unknown,10,10107,,0
6034,3,1965-12-08,0,0,M,1992-03-11,2,Unknown,10,10907,,0
6035,4,1950-01-08,0,0,C,1992-03-11,0,Unknown,10,15807,,0
6036,2,1966-11-14,0,0,A,1992-03-12,0,Unknown,23,0,,0
6037,3,1924-06-11,0,0,D,1992-03-13,2,Unknown,10,10107,,0
6038,3,1943-02-07,0,0,M,1992-03-13,2,Unknown,10,16607,,0
6039,2,1965-07-12,0,0,A,1992-03-16,0,Unknown,10,0,,0
6040,4,1961-01-01,1300,2,C,1992-03-17,2,Unknown,10,10107,,0
6041,2,1936-06-23,0,0,A,1992-03-17,0,Unknown,10,11907,,0
6042,2,1966-04-27,0,0,A,1992-03-17,2,DV,10,0,1992-09-16,1
6043,2,1955-07-08,0,0,C,1992-03-18,2,Unknown,10,17807,,0
6044,3,1929-08-07,1100,0,M,1992-03-19,2,Unknown,10,11907,,0
6045,3,1949-09-10,0,0,M,1992-03-19,2,Unknown,10,10107,,0
6046,3,1949-11-07,0,0,M,1992-03-23,2,Unknown,10,17907,,0
6047,3,1954-10-26,3316,0,A,1992-03-24,0,Unknown,10,0,,0
6048,2,1944-01-16,0,0,A,1992-03-24,0,Unknown,10,0,,0
6049,2,1948-07-30,0,0,A,1992-03-24,0,Unknown,10,0,,0
6050,2,1947-06-20,0,0,M,1992-03-25,2,Unknown,10,0,,0
6051,2,1937-03-20,0,0,A,1992-03-30,0,Unknown,21,0,,0
6052,2,1955-04-21,2170,2,B,1992-03-31,0,Unknown,10,14607,,0
6053,2,1966-08-23,0,0,U,1992-04-01,2,Unknown,10,10107,,0
6054,2,1955-01-24,0,4,M,1992-04-01,2,Unknown,10,10107,,0
6055,2,1942-01-28,2878,4,M,1992-04-01,2,Unknown,10,13907,,0
6056,3,1950-05-19,0,1,M,1992-04-01,2,Unknown,10,17907,,0
6057,3,1933-12-15,0,0,M,1992-04-02,2,Unknown,10,17807,,0
6058,2,1947-08-18,0,0,A,1992-04-03,2,DV,10,13507,1993-07-07,1
6059,2,1960-12-24,2800,1,M,1992-04-06,2,Unknown,10,17907,,0
6060,2,1957-03-12,0,0,C,1992-04-07,2,Unknown,10,11907,,0
6061,2,1968-05-02,0,0,C,1992-04-08,2,Unknown,10,13807,,0
6062,3,1959-08-11,0,0,M,1992-04-09,2,Unknown,10,13507,,0
6063,3,1953-07-14,0,0,A,1992-04-10,0,Unknown,10,11907,,0
6064,2,1950-05-18,0,0,A,1992-04-10,0,DV,21,0,1998-12-09,1
6065,2,1934-08-12,0,0,M,1992-04-13,2,Unknown,10,10107,,0
6066,2,1964-01-30,1692,1,U,1992-04-14,2,Unknown,10,13607,,0
6067,3,1963-11-29,0,2,M,1992-04-14,2,Unknown,10,10107,,0
6068,3,1956-01-30,0,0,V,1992-04-14,2,DV,21,14707,2007-03-09,1
6069,4,1943-02-20,2483,1,C,1992-04-15,2,Unknown,10,13807,,0
6070,3,1957-07-23,2850,1,M,1992-04-15,2,Unknown,10,13907,,0
6071,4,1949-06-15,2226,1,C,1992-04-17,2,Unknown,10,13807,,0
6072,2,1931-04-10,0,0,M,1992-04-21,2,Unknown,10,10107,,0
6073,4,1965-12-02,0,0,C,1992-04-21,0,Unknown,23,0,,0
6074,3,1941-01-07,0,0,M,1992-04-22,2,Unknown,10,10107,,0
6075,4,1970-12-04,0,0,C,1992-04-24,0,Unknown,10,0,,0
6076,3,1963-07-07,0,0,A,1992-04-24,0,Unknown,23,0,,0
6077,2,1967-04-14,0,0,C,1992-04-28,2,Unknown,10,13507,,0
6078,3,1950-08-18,1980,1,M,1992-04-29,2,Unknown,10,12807,,0
6079,3,1951-06-22,0,0,A,1992-04-30,0,Unknown,10,15607,,0
6080,2,1947-09-13,0,0,A,1992-04-30,0,Unknown,10,0,,0
6081,2,1970-11-10,0,2,M,1992-04-30,2,Unknown,10,16707,,0
6082,2,1960-12-28,0,0,C,1992-05-05,2,Unknown,10,10107,,0
6083,3,1940-01-21,0,0,A,1992-05-06,0,Unknown,21,0,,0
6084,3,1964-04-10,4000,2,U,1992-05-06,2,Unknown,10,10507,,0
6085,3,1955-04-04,0,0,A,1992-05-07,0,Unknown,21,0,,0
6086,3,1943-08-13,0,0,A,1992-05-12,0,Unknown,21,10107,,0
6087,2,1938-04-20,2373,0,M,1992-05-12,2,Unknown,10,10107,,0
6088,3,1970-09-22,0,0,C,1992-05-15,2,Unknown,10,15707,,0
6089,3,1956-09-13,3700,3,M,1992-05-15,0,Unknown,10,15607,,0
6090,4,1966-01-10,0,0,C,1992-05-15,0,Unknown,10,0,,0
6091,2,1962-05-17,0,0,A,1992-05-15,0,Unknown,23,0,,0
6092,3,1961-10-08,0,2,D,1992-05-18,2,Unknown,10,10107,,0
6093,2,1955-06-12,0,0,M,1992-05-18,2,Unknown,10,10107,,0
6094,2,1927-02-20,0,0,V,1992-05-18,0,DC,21,14707,,0
6095,3,1940-08-16,0,0,A,1992-05-18,0,Unknown,10,0,,0
6096,2,1962-08-28,0,0,M,1992-05-19,0,Unknown,10,14707,,0
6097,4,1960-06-22,0,0,C,1992-05-20,2,Unknown,10,14607,,0
6098,3,1962-12-03,0,0,A,1992-05-20,0,DC,10,16707,,0
6099,1,,0,0,A,1992-05-21,0,Unknown,82,0,,0
6100,2,1952-06-04,1650,0,U,1992-05-21,2,Unknown,10,13507,,0
6101,2,1962-09-28,0,0,A,1992-05-25,0,Unknown,21,0,,0
6102,2,1952-04-27,0,0,A,1992-05-25,0,Unknown,10,14707,,0
6103,3,1956-12-12,0,0,M,1992-05-26,2,Unknown,10,11907,,0
6104,3,1965-12-29,0,0,M,1992-05-26,2,Unknown,10,10107,,0
6105,2,1966-03-13,0,0,A,1992-05-27,0,Unknown,23,0,,0
6106,3,1953-04-22,0,0,A,1992-05-29,0,Unknown,10,0,,0
6107,2,1956-05-16,0,0,A,1992-06-02,0,DV,21,11907,1997-10-13,1
6108,2,1966-08-10,0,0,A,1992-06-02,0,Unknown,23,0,,0
6109,3,1948-02-03,0,0,M,1992-06-04,2,Unknown,10,16707,,0
6110,2,1942-05-17,0,0,A,1992-06-05,0,Unknown,21,0,,0
6111,3,1957-03-14,0,0,M,1992-06-10,2,Unknown,10,10107,,0
6112,2,1954-01-04,0,3,M,1992-06-11,2,Unknown,10,10107,,0
6113,2,1950-10-21,1750,1,M,1992-06-11,2,Unknown,10,10107,,0
6114,3,1936-10-15,0,0,A,1992-06-12,0,DC,10,0,1995-05-11,1
6115,2,1950-12-15,0,1,M,1992-06-12,2,Unknown,10,10107,,0
6116,3,1936-10-12,0,0,A,1992-06-15,0,Unknown,10,10107,,0
6117,2,1946-06-01,0,0,M,1992-06-17,2,Unknown,10,10107,,0
6118,2,1940-03-18,0,2,M,1992-06-17,2,Unknown,10,10107,,0
6119,3,1952-10-27,0,1,D,1992-06-17,2,Unknown,10,10107,,0
6120,2,1958-01-01,0,0,A,1992-06-18,0,Unknown,10,10207,,0
6121,3,1941-02-09,0,0,A,1992-06-18,0,Unknown,10,0,,0
6122,3,1943-11-26,0,2,D,1992-06-19,2,Unknown,10,14607,,0
6123,3,1960-10-02,0,0,M,1992-06-19,0,Unknown,23,0,,0
6124,3,1969-11-01,2410,2,M,1992-06-19,2,Unknown,10,10107,,0
6125,2,1939-09-10,0,0,A,1992-06-19,0,Unknown,10,0,,0
6126,2,1961-03-23,0,2,U,1992-06-22,2,Unknown,10,13507,,0
6127,4,1956-05-20,4087,0,U,1992-06-22,0,Unknown,10,17907,,0
6128,3,1950-01-09,2600,2,G,1992-06-23,2,Unknown,10,10807,,0
6129,2,1948-01-23,1054,0,A,1992-06-24,0,Unknown,21,0,,0
6130,2,1949-09-16,0,0,A,1992-06-24,0,Unknown,10,0,,0
6131,3,1946-11-18,1800,0,M,1992-06-24,2,Unknown,10,11907,,0
6132,2,1948-06-14,3510,3,M,1992-06-24,2,Unknown,10,10907,,0
6133,2,1955-07-25,0,0,S,1992-06-25,2,Unknown,10,13507,,0
6134,3,1968-10-10,0,0,A,1992-06-25,0,Unknown,10,0,,0
6135,2,1940-10-04,0,0,A,1992-06-26,0,DV,21,13507,2002-05-24,1
6136,4,1957-05-25,0,0,C,1992-06-26,2,Unknown,10,12607,,0
6137,2,1992-04-20,0,0,C,1992-06-26,2,Unknown,21,10107,,0
6138,4,1981-10-25,0,0,C,1992-06-26,0,Unknown,21,10107,,0
6139,2,1967-05-14,0,0,A,1992-06-29,0,Unknown,10,0,,0
6140,2,1964-06-19,0,0,A,1992-07-01,0,Unknown,23,0,,0
6141,3,1965-01-17,1700,2,E,1992-07-02,2,Unknown,10,12807,,0
6142,2,1940-02-19,0,0,M,1992-07-02,2,Unknown,10,14707,,0
6143,2,1957-10-22,0,0,A,1992-07-02,0,Unknown,10,0,,0
6144,2,1962-05-26,1930,4,M,1992-07-03,2,Unknown,10,0,,0
6145,2,1962-10-16,1676,3,M,1992-07-06,0,Unknown,10,17907,,0
6146,3,1965-12-01,0,0,A,1992-07-06,0,DA,23,0,2004-08-25,1
6147,3,1966-07-04,2090,2,U,1992-07-08,2,Unknown,10,10207,,0
6148,3,1937-02-24,0,0,M,1992-07-10,2,Unknown,10,10207,,0
6149,3,1945-03-04,0,0,A,1992-07-10,0,Unknown,21,0,,0
6150,3,1935-08-19,0,0,A,1992-07-10,0,Unknown,10,0,,0
6151,3,1936-07-15,0,0,M,1992-07-17,2,Unknown,10,10107,,0
6152,2,1954-08-28,0,2,D,1992-07-17,2,Unknown,10,10107,,0
6153,2,1956-03-14,0,0,A,1992-07-17,0,Unknown,10,0,,0
6154,3,1946-05-21,0,0,A,1992-07-17,0,Unknown,10,0,,0
6155,2,1930-09-25,0,0,A,1992-07-21,0,Unknown,10,0,,0
6156,2,1966-04-22,0,1,M,1992-07-22,2,Unknown,10,11907,,0
6157,2,1951-02-18,0,0,A,1992-07-22,0,Unknown,10,0,,0
6158,3,1958-07-25,594,3,M,1992-07-22,2,Unknown,10,10207,,0
6159,3,1968-07-08,0,0,A,1992-07-22,0,Unknown,10,0,,0
6160,3,1946-04-27,3684,3,A,1992-07-23,0,Unknown,21,0,,0
6161,2,1939-08-27,0,0,A,1992-07-23,0,Unknown,10,0,,0
6162,3,1939-09-17,0,0,M,1992-07-24,2,Unknown,10,18507,,0
6163,3,1951-06-20,0,0,A,1992-07-24,0,Unknown,10,0,,0
6164,2,1957-11-20,0,0,A,1992-07-27,0,Unknown,21,0,,0
6165,2,1938-08-02,0,0,D,1992-07-27,2,Unknown,10,11907,,0
6166,3,1945-06-19,1046,0,A,1992-07-27,0,DC,10,15807,,0
6167,3,1940-03-21,1911,0,G,1992-07-28,0,Unknown,10,11307,,0
6168,3,1948-10-06,1433,0,M,1992-07-29,2,Unknown,10,12607,,0
6169,3,1944-02-12,2327,0,D,1992-07-30,2,Unknown,10,13507,,0
6170,2,1951-08-13,0,0,M,1992-08-03,2,Unknown,10,10107,,0
6171,2,1965-06-22,0,0,M,1992-08-04,2,Unknown,10,11907,,0
6172,2,1966-10-14,1677,3,U,1992-08-06,2,Unknown,10,10107,,0
6173,2,1933-06-07,0,0,A,1992-08-04,0,DC,21,12779,,0
6174,3,1951-07-27,0,0,A,1992-08-07,0,Unknown,21,0,,0
6175,3,1960-01-24,0,0,A,1992-08-07,0,Unknown,10,10907,,0
6176,3,1937-04-02,0,0,A,1992-08-07,0,Unknown,10,0,,0
6177,3,1958-02-27,1225,0,D,1992-08-11,2,Unknown,10,10207,,0
6178,4,1964-03-05,2100,0,C,1992-08-14,2,Unknown,10,14607,,0
6179,2,1941-11-22,0,0,A,1992-08-14,0,Unknown,10,0,,0
6180,3,1956-08-20,1829,2,M,1992-08-18,0,Unknown,21,0,,0
6181,3,1967-05-04,0,2,B,1992-08-18,2,Unknown,10,10207,,0
6182,3,1947-09-29,0,0,A,1992-08-19,0,Unknown,21,0,,0
6183,2,1949-11-10,0,0,A,1992-08-21,0,Unknown,21,0,,0
6184,2,1965-03-29,0,0,A,1992-08-26,0,DC,23,0,,0
6185,2,1955-08-20,3688,3,M,1992-08-27,2,Unknown,10,10107,,0
6186,3,1961-03-07,0,0,M,1992-08-28,2,Unknown,10,15707,,0
6187,4,1964-09-22,3254,0,U,1992-08-31,2,Unknown,10,17807,,0
6188,3,1953-12-15,3600,0,D,1992-09-01,0,Unknown,10,0,,0
6189,2,1968-08-05,0,0,A,1992-09-01,0,Unknown,10,0,,0
6190,4,1981-06-23,0,0,C,1992-09-03,2,Unknown,21,10107,,0
6191,3,1963-11-23,0,2,M,1992-09-04,2,Unknown,10,10107,,0
6192,3,1947-04-24,0,0,A,1992-09-04,0,Unknown,10,0,,0
6193,3,1967-08-08,2182,2,M,1992-09-04,2,Unknown,10,16707,,0
6194,2,1948-09-28,2400,1,U,1992-09-07,2,Unknown,10,10107,,0
6195,3,1937-07-12,0,0,A,1992-09-07,0,Unknown,10,0,,0
6196,2,1959-06-07,0,0,A,1992-09-08,0,Unknown,10,10107,,0
6197,3,1954-01-16,2900,2,M,1992-09-10,2,Unknown,10,16707,,0
6198,2,1966-10-16,2820,2,M,1992-09-11,2,Unknown,10,10907,,0
6199,2,1941-10-02,0,0,M,1992-09-11,2,Unknown,10,18707,,0
6200,3,1966-02-15,0,2,B,1992-09-11,2,Unknown,10,10907,,0
6201,2,1944-10-07,0,0,M,1992-09-16,2,Unknown,10,10107,,0
6202,2,1960-04-02,2650,0,D,1992-09-16,2,Unknown,10,10207,,0
6203,2,1967-12-04,1427,0,C,1992-09-18,2,Unknown,10,15707,,0
6204,3,1958-06-17,1905,0,U,1992-09-18,2,Unknown,10,10207,,0
6205,2,1947-01-21,3811,1,U,1992-09-18,2,Unknown,10,10107,,0
6206,2,1935-08-21,2000,0,G,1992-09-21,2,Unknown,10,11907,,0
6207,2,1967-04-17,0,0,A,1992-09-21,0,Unknown,10,10107,,0
6208,3,1931-10-17,1373,0,D,1992-09-21,2,Unknown,10,13507,,0
6209,3,1964-11-23,0,2,C,1992-09-22,2,Unknown,10,11907,,0
6210,3,1971-08-23,0,2,C,1992-09-24,2,Unknown,10,13507,,0
6211,2,1964-09-17,3000,3,G,1992-09-24,2,Unknown,10,10107,,0
6212,3,1958-08-05,0,0,D,1992-09-24,2,Unknown,10,12607,,0
6213,2,1942-12-22,0,0,A,1992-09-24,0,Unknown,10,0,,0
6214,3,1966-12-14,0,0,M,1992-09-25,2,Unknown,10,13507,,0
6215,2,1958-01-02,2583,2,M,1992-09-25,2,Unknown,10,11907,,0
6216,3,1971-12-04,0,3,M,1992-09-25,2,Unknown,10,10107,,0
6217,2,1953-09-28,0,0,A,1992-09-25,0,DA,21,0,1998-05-29,1
6218,2,1969-06-18,2400,0,E,1992-09-28,2,Unknown,10,12807,,0
6219,2,1950-09-17,0,0,A,1992-09-28,0,Unknown,10,0,,0
6220,2,1943-04-11,0,0,A,1992-09-29,2,DC,10,0,1994-06-22,1
6221,3,1942-04-20,0,0,A,1992-09-30,0,Unknown,21,0,,0
6222,2,1967-09-26,0,0,D,1992-09-30,0,Unknown,10,15807,,0
6223,2,1945-11-08,0,0,A,1992-09-30,0,Unknown,10,0,,0
6224,3,1943-10-20,0,0,A,1992-10-01,0,Unknown,10,10107,,0
6225,2,1969-07-19,0,0,A,1992-10-01,0,Unknown,10,13507,,0
6226,2,1966-09-25,0,0,C,1992-10-01,2,Unknown,10,10807,,0
6227,2,1950-05-20,0,0,A,1992-10-01,0,Unknown,10,0,,0
6228,2,1949-11-26,2300,0,S,1992-10-02,2,Unknown,10,11907,,0
6229,2,1964-06-18,1639,3,M,1992-10-02,2,Unknown,10,14607,,0
6230,3,1953-08-28,0,0,D,1992-10-02,2,Unknown,10,13507,,0
6231,3,1953-12-11,0,0,M,1992-10-05,2,Unknown,10,13507,,0
6232,3,1946-02-21,0,0,A,1992-10-05,0,Unknown,10,0,,0
6233,4,1963-01-04,0,0,C,1992-10-06,2,Unknown,10,10107,,0
6234,2,1964-07-24,0,0,A,1992-10-06,2,RA,21,10107,1997-07-25,1
6235,3,1954-07-25,0,0,A,1992-10-05,0,Unknown,10,10607,,0
6236,2,1946-10-12,0,0,A,1992-10-06,0,Unknown,10,0,,0
6237,3,1966-05-26,1600,2,M,1992-10-07,2,Unknown,10,18707,,0
6238,3,1956-05-20,0,2,D,1992-10-08,2,Unknown,10,12807,,0
6239,2,1969-09-13,0,0,A,1992-10-08,0,Unknown,10,0,,0
6240,2,1966-10-15,0,0,A,1992-10-09,0,Unknown,23,0,,0
6241,3,1972-06-05,0,1,M,1992-10-14,0,Unknown,10,13507,,0
6242,3,1950-10-04,0,0,M,1992-10-14,2,Unknown,10,11907,,0
6243,2,1954-01-23,0,0,A,1992-10-14,0,Unknown,10,0,,0
6244,3,1954-11-20,0,0,A,1992-10-15,0,Unknown,10,0,,0
6245,3,1963-04-07,0,0,A,1992-10-16,0,DV,21,13507,1997-05-28,1
6246,3,1967-07-20,0,0,C,1992-10-16,2,Unknown,10,17907,,0
6247,4,1970-05-02,0,0,C,1992-10-16,0,Unknown,10,0,,0
6248,4,1972-05-15,0,0,C,1992-10-19,0,Unknown,10,13507,,0
6249,3,1946-12-11,0,0,A,1992-10-19,0,Unknown,10,0,,0
6250,2,1951-02-04,0,0,A,1992-10-19,0,DA,21,0,1999-02-03,1
6251,3,1944-11-08,2591,1,V,1992-10-20,2,Unknown,10,10107,,0
6252,3,1945-09-02,2439,1,G,1992-10-21,2,Unknown,10,10107,,0
6253,3,1965-09-08,2310,0,M,1992-10-19,2,Unknown,10,12779,,0
6254,4,1961-05-09,1867,1,C,1992-10-22,2,Unknown,10,13507,,0
6255,2,1953-06-05,1861,0,M,1992-10-22,2,Unknown,10,10807,,0
6256,3,1965-04-20,0,0,A,1992-10-23,0,Unknown,10,14607,,0
6257,2,1968-05-05,0,1,M,1992-10-26,2,Unknown,10,10107,,0
6258,3,1959-01-15,0,0,M,1992-10-27,0,Unknown,23,0,,0
6259,2,1958-02-23,0,2,M,1992-10-28,2,Unknown,10,10107,,0
6260,2,1957-07-26,0,0,A,1992-10-29,0,Unknown,21,0,,0
6261,2,1970-05-03,0,0,M,1992-10-30,2,Unknown,10,13507,,0
6262,2,1941-05-09,0,0,M,1992-10-30,2,Unknown,10,10107,,0
6263,2,1912-06-30,0,0,M,1992-10-30,0,DC,21,10107,,0
6264,2,1948-02-29,0,0,M,1992-11-03,2,Unknown,10,10907,,0
6265,2,1960-12-15,2030,3,M,1992-11-04,2,Unknown,10,13607,,0
6266,2,1964-07-08,0,0,A,1992-11-04,0,Unknown,23,0,,0
6267,2,1949-06-13,0,2,M,1992-11-05,2,Unknown,21,10107,,0
6268,3,1970-08-30,0,0,C,1992-11-05,0,Unknown,10,13507,,0
6269,3,1938-12-05,0,0,A,1992-11-05,0,Unknown,10,0,,0
6270,3,1957-02-25,0,0,C,1992-11-06,0,DC,21,11307,,0
6271,3,1957-11-22,1782,2,U,1992-11-09,2,Unknown,10,0,,0
6272,3,1968-07-13,0,0,A,1992-11-10,0,Unknown,10,10107,,0
6273,2,1949-09-09,0,0,U,1992-11-10,2,Unknown,10,10507,,0
6274,2,1930-02-20,0,0,A,1992-11-10,0,Unknown,10,0,,0
6275,3,1951-02-07,3327,4,M,1992-11-12,2,Unknown,10,12807,,0
6276,2,1954-01-25,0,0,A,1992-11-12,2,DV,10,0,1994-04-13,1
6277,2,1964-05-19,0,1,P,1992-11-18,0,Unknown,10,18707,,0
6278,2,1934-02-05,0,0,A,1992-11-18,0,Unknown,10,10107,,0
6279,2,1959-05-30,0,4,M,1992-11-18,2,Unknown,10,10107,,0
6280,3,1951-05-20,2338,0,D,1992-11-20,2,Unknown,10,13907,,0
6281,3,1968-12-14,2988,3,E,1992-11-20,2,Unknown,10,15707,,0
6282,4,1967-01-23,1000,2,M,1992-11-24,0,Unknown,10,10107,,0
6283,3,1964-04-25,0,0,A,1992-11-25,0,Unknown,10,10107,,0
6284,2,1912-06-12,0,0,A,1992-11-26,0,Unknown,10,0,,0
6285,4,1964-10-17,1855,2,D,1992-11-26,2,Unknown,10,10107,,0
6286,3,1957-08-15,2885,2,E,1992-11-26,0,DV,21,14707,2006-08-04,1
6287,3,1948-06-21,2600,0,M,1992-11-27,2,Unknown,10,13507,,0
6288,2,1968-07-22,1657,0,C,1992-11-27,2,Unknown,10,16707,,0
6289,2,1961-05-20,0,0,M,1992-11-27,2,Unknown,10,17907,,0
6290,3,1946-11-10,0,0,D,1992-11-30,2,Unknown,10,14607,,0
6291,4,1957-04-29,0,0,C,1992-11-30,2,Unknown,10,12607,,0
6292,3,1942-08-07,1763,0,M,1992-11-30,2,Unknown,10,14707,,0
6293,2,1951-05-18,0,0,A,1992-11-30,0,Unknown,10,0,,0
6294,4,1955-09-24,1901,0,M,1992-11-30,0,Unknown,10,0,,0
6295,2,1964-07-09,0,0,A,1992-12-01,0,Unknown,10,0,,0
6296,2,1950-10-06,0,0,A,1992-12-02,0,Unknown,10,0,,0
6297,2,1951-06-22,0,0,A,1992-12-03,0,Unknown,10,0,,0
6298,3,1952-04-12,0,1,M,1992-12-03,2,Unknown,10,10107,,0
6299,3,1970-10-10,0,0,A,1992-12-03,0,Unknown,10,11307,,0
6300,3,1943-04-14,0,0,A,1992-12-04,0,Unknown,21,0,,0
6301,3,1956-12-14,1800,0,M,1992-12-04,2,Unknown,10,10107,,0
6302,4,1968-02-29,0,0,C,1992-12-04,2,Unknown,10,10307,,0
6303,2,1958-05-21,0,0,A,1992-12-08,0,Unknown,10,0,,0
6304,2,1966-05-27,0,2,M,1992-12-10,2,Unknown,10,13507,,0
6305,2,1968-01-24,0,0,A,1992-12-11,0,Unknown,10,16707,,0
6306,3,1950-04-23,1173,1,E,1992-12-11,2,Unknown,10,10507,,0
6307,2,1965-01-25,0,0,A,1992-12-14,0,Unknown,23,0,,0
6308,2,1938-12-05,0,0,V,1992-12-15,2,Unknown,10,10107,,0
6309,3,1939-05-18,0,0,A,1992-12-15,0,Unknown,10,15807,,0
6310,4,1973-04-09,0,0,C,1992-12-16,2,Unknown,10,10107,,0
6311,3,1955-02-09,0,0,M,1992-12-16,2,Unknown,10,10507,,0
6312,2,1953-05-06,0,0,A,1992-12-17,0,Unknown,10,0,,0
6313,2,1948-01-07,0,0,M,1992-12-21,2,Unknown,10,10107,,0
6314,2,1946-06-22,0,1,M,1992-12-21,2,Unknown,10,10107,,0
6315,3,1970-12-04,1915,1,M,1992-12-22,2,Unknown,10,13507,,0
6316,2,1964-03-15,0,0,A,1992-12-23,0,Unknown,10,10107,,0
6317,2,1951-07-23,7301,1,M,1992-12-23,2,Unknown,10,14707,,0
6318,3,1943-09-18,0,0,A,1992-12-24,0,Unknown,10,0,,0
6319,2,1947-08-17,0,0,A,1992-12-28,0,Unknown,10,0,,0
6320,4,1920-07-17,0,0,C,1992-12-29,2,Unknown,10,10107,,0
6321,3,1945-09-09,0,0,M,1992-12-31,2,Unknown,10,0,,0
6322,2,1955-01-26,0,0,A,1993-01-04,0,Unknown,10,11307,,0
6323,3,1944-07-23,0,0,M,1993-01-05,2,Unknown,10,11907,,0
6324,4,1967-01-09,1524,0,C,1993-01-08,2,Unknown,10,10907,,0
6325,2,1956-04-02,2032,0,M,1993-01-08,2,Unknown,10,13507,,0
6326,3,1936-02-20,0,0,A,1993-01-08,0,Unknown,10,16807,,0
6327,3,1949-03-11,1822,0,M,1993-01-11,2,Unknown,10,10107,,0
6328,3,1950-01-12,0,0,M,1993-01-12,2,Unknown,10,16707,,0
6329,3,1941-12-10,2061,0,M,1993-01-19,0,Unknown,21,0,,0
6330,3,1970-04-11,1226,2,B,1993-01-19,2,Unknown,10,14607,,0
6331,3,1935-07-18,2100,0,V,1993-01-20,2,Unknown,10,17507,,0
6332,3,1965-09-20,0,0,A,1993-01-20,0,Unknown,10,17907,,0
6333,3,1965-05-06,0,0,A,1993-01-21,0,Unknown,10,11907,,0
6334,2,1948-09-10,0,0,A,1993-01-21,0,DV,21,0,2003-07-23,1
6335,2,1942-02-28,0,0,A,1993-01-22,0,Unknown,10,0,,0
6336,3,1945-01-29,0,0,M,1993-01-25,2,Unknown,10,11607,,0
6337,3,1966-06-03,0,0,M,1993-01-26,0,Unknown,10,16707,,0
6338,3,1952-08-30,0,0,D,1993-01-26,2,Unknown,10,13607,,0
6339,3,1961-05-06,3000,2,E,1993-01-22,2,Unknown,10,10807,,0
6340,4,1969-03-15,0,0,C,1993-01-27,0,Unknown,10,13507,,0
6341,2,1963-05-20,0,0,M,1993-01-27,2,Unknown,10,18707,,0
6342,3,1949-08-20,1900,0,M,1993-01-27,2,Unknown,10,18707,,0
6343,2,1933-07-23,0,0,M,1993-01-28,2,Unknown,10,18707,,0
6344,2,1924-11-29,0,0,A,1993-01-28,0,Unknown,10,0,,0
6345,3,1971-06-03,2100,2,C,1993-01-29,2,Unknown,10,13507,,0
6346,4,1961-05-05,0,2,M,1993-01-29,2,Unknown,10,14707,,0
6347,2,1944-04-20,0,0,A,1993-02-01,0,Unknown,10,17907,,0
6348,2,1941-11-19,1850,0,M,1993-02-01,2,Unknown,10,17807,,0
6349,3,1950-04-30,1975,2,M,1993-02-02,2,Unknown,10,11907,,0
6350,4,1956-01-02,0,0,C,1993-02-03,0,Unknown,10,0,,0
6351,3,1944-10-24,1270,2,D,1993-02-04,2,Unknown,10,14607,,0
6352,4,1983-01-30,0,0,C,1993-02-04,2,Unknown,21,10107,,0
6353,3,1951-10-11,2869,1,D,1993-02-04,2,Unknown,10,16707,,0
6354,2,1963-03-13,0,0,M,1993-02-08,2,Unknown,10,10107,,0
6355,3,1942-07-18,0,0,M,1993-02-10,0,DC,21,12779,,0
6356,4,1965-08-31,1400,3,C,1993-02-10,2,Unknown,10,13507,,0
6357,4,1985-01-08,0,0,C,1993-02-15,2,Unknown,10,11307,,0
6358,3,1963-02-08,0,0,M,1993-02-18,2,Unknown,10,11907,,0
6359,2,1932-12-27,1517,1,M,1993-02-19,0,Unknown,10,15807,,0
6360,3,1942-12-17,0,0,S,1993-02-22,2,Unknown,10,18707,,0
6361,2,1945-08-05,0,0,A,1993-02-23,0,Unknown,10,0,,0
6362,2,1968-02-01,0,0,M,1993-02-23,2,Unknown,10,17907,,0
6363,3,1946-08-11,0,0,A,1993-02-24,0,DC,21,12807,,0
6364,2,1964-01-03,2209,2,U,1993-02-24,2,Unknown,10,10107,,0
6365,3,1968-11-23,0,0,C,1993-02-24,0,Unknown,23,0,,0
6366,2,1958-05-26,0,0,A,1993-02-25,0,Unknown,10,0,,0
6367,4,1976-02-03,0,0,C,1993-03-01,2,Unknown,21,10107,,0
6368,3,1968-04-27,0,2,M,1993-03-01,2,Unknown,10,15807,,0
6369,3,1958-04-08,0,0,A,1993-03-01,0,Unknown,10,0,,0
6370,2,1961-06-06,1360,2,M,1993-03-02,2,Unknown,10,12607,,0
6371,2,1930-03-12,0,0,A,1993-03-02,0,Unknown,10,0,,0
6372,3,1969-06-01,0,0,D,1993-03-04,2,Unknown,10,10107,,0
6373,2,1953-05-05,0,0,A,1993-03-05,2,DC,10,0,1993-09-08,1
6374,3,1925-02-05,0,0,A,1993-03-05,0,Unknown,21,0,,0
6375,2,1968-11-17,1488,2,C,1993-03-08,2,Unknown,10,10107,,0
6376,4,1969-10-08,2665,2,C,1993-03-04,2,Unknown,10,12779,,0
6377,2,1970-06-02,0,0,M,1993-03-09,2,Unknown,10,10607,,0
6378,2,1963-10-24,0,0,M,1993-03-09,2,Unknown,10,13907,,0
6379,3,1971-08-25,0,1,M,1993-03-09,2,Unknown,10,13507,,0
6380,3,1943-11-02,2185,0,M,1993-03-12,2,Unknown,10,13907,,0
6381,2,1937-12-25,0,0,A,1993-03-15,0,Unknown,10,0,,0
6382,2,1951-03-27,0,1,D,1993-03-17,2,Unknown,10,11307,,0
6383,3,1966-05-09,0,0,A,1993-03-17,0,Unknown,10,0,,0
6384,2,1970-10-30,0,1,M,1993-03-18,0,Unknown,10,10207,,0
6385,4,1967-07-24,0,0,C,1993-03-19,0,Unknown,10,0,,0
6386,3,1965-09-06,0,0,M,1993-03-22,2,Unknown,10,17907,,0
6387,2,1968-12-20,0,0,M,1993-03-22,2,Unknown,10,14707,,0
6388,2,1967-07-04,0,0,A,1993-03-22,0,Unknown,23,0,,0
6389,2,1931-01-29,0,0,A,1993-03-23,0,Unknown,21,0,,0
6390,4,1978-03-26,0,0,C,1993-03-24,0,Unknown,21,10107,,0
6391,3,1958-04-02,0,0,M,1993-03-24,2,Unknown,10,10907,,0
6392,2,1952-04-08,0,0,A,1993-03-24,0,Unknown,10,0,,0
6393,3,1955-12-31,0,3,A,1993-03-25,2,Unknown,10,10307,,0
6394,2,1955-11-02,0,0,C,1993-03-26,0,RA,21,10107,1997-10-08,1
6395,3,1964-05-07,1090,2,M,1993-03-26,2,Unknown,10,10507,,0
6396,2,1959-03-16,0,0,A,1993-03-29,0,Unknown,10,0,,0
6397,2,1947-04-15,4281,0,M,1993-03-26,2,Unknown,10,12779,,0
6398,4,1955-11-08,1800,2,U,1993-04-01,2,Unknown,10,14707,,0
6399,3,1952-05-28,0,0,A,1993-04-01,0,Unknown,10,0,,0
6400,4,1946-02-07,2440,0,C,1993-04-06,2,Unknown,10,12807,,0
6401,2,1958-02-16,0,0,A,1993-04-06,0,Unknown,10,16707,,0
6402,2,1954-07-25,0,0,A,1993-04-07,0,Unknown,10,0,,0
6403,3,1951-07-12,0,0,A,1993-04-15,0,Unknown,21,0,,0
6404,3,1953-07-05,0,0,D,1993-04-15,2,Unknown,10,18507,,0
6405,2,1956-12-20,0,0,C,1993-04-21,2,Unknown,10,14707,,0
6406,2,1960-09-14,0,0,A,1993-04-22,2,RA,10,12607,1993-05-12,1
6407,3,1953-11-28,0,0,A,1993-04-23,0,Unknown,10,14707,,0
6408,4,1956-12-21,0,0,C,1993-04-23,0,Unknown,10,0,,0
6409,3,1958-11-21,0,0,M,1993-04-26,2,Unknown,10,10207,,0
6410,3,1955-10-28,0,0,M,1993-04-27,2,Unknown,10,16707,,0
6411,2,1936-02-25,0,0,M,1993-04-27,2,Unknown,10,10307,,0
6412,2,1964-02-26,0,0,A,1993-04-27,0,DC,21,10207,,0
6413,3,1969-02-21,0,0,C,1993-04-29,2,Unknown,10,16707,,0
6414,3,1946-04-27,0,0,A,1993-04-29,0,Unknown,23,0,,0
6415,2,1967-05-25,0,0,A,1993-04-29,0,DC,10,0,,0
6416,4,1969-01-28,1545,2,U,1993-04-30,2,Unknown,10,18507,,0
6417,2,1957-08-25,0,0,A,1993-04-30,0,DV,21,13507,1998-05-13,1
6418,3,1965-04-06,0,0,M,1993-05-03,2,Unknown,10,10107,,0
6419,4,1967-04-07,0,0,C,1993-05-03,0,Unknown,23,0,,0
6420,2,1956-02-03,1875,1,M,1993-05-04,0,Unknown,10,17807,,0
6421,2,1964-05-02,0,0,M,1993-05-05,2,Unknown,10,13507,,0
6422,3,1939-02-25,0,1,M,1993-05-07,2,Unknown,10,10107,,0
6423,3,1951-08-28,2171,0,C,1993-05-07,2,Unknown,10,14707,,0
6424,2,1964-11-27,2783,1,M,1993-05-07,2,Unknown,10,10107,,0
6425,2,1961-07-20,0,0,C,1993-05-11,2,Unknown,10,16707,,0
6426,2,1954-08-01,0,0,A,1993-05-12,0,DV,21,11307,1999-02-15,1
6427,2,1948-02-06,2307,0,C,1993-05-14,2,Unknown,10,13507,,0
6428,3,1944-01-20,0,0,M,1993-05-17,2,Unknown,10,11907,,0
6429,3,1951-02-20,0,0,M,1993-05-18,0,Unknown,10,10107,,0
6430,2,1960-12-27,0,0,A,1993-05-18,0,Unknown,23,0,,0
6431,3,1950-03-26,0,0,M,1993-05-19,2,Unknown,10,10107,,0
6432,3,1947-11-07,0,0,A,1993-05-19,0,Unknown,10,0,,0
6433,3,1955-05-03,0,0,D,1993-05-28,0,Unknown,10,11907,,0
6434,2,1943-07-02,0,0,A,1993-06-01,0,Unknown,10,11907,,0
6435,3,1948-05-09,0,0,M,1993-06-03,2,Unknown,10,13907,,0
6436,3,1945-08-15,0,0,M,1993-06-03,2,Unknown,10,14607,,0
6437,2,1956-04-16,0,0,M,1993-06-07,2,Unknown,10,11907,,0
6438,3,1961-12-01,0,0,A,1993-06-07,2,DV,21,15607,1997-07-17,1
6439,3,1941-10-13,0,0,B,1993-06-07,2,Unknown,10,12607,,0
6440,2,1963-02-12,0,0,A,1993-06-07,0,Unknown,23,0,,0
6441,2,1963-03-08,0,0,D,1993-06-09,2,Unknown,10,0,,0
6442,2,1960-01-24,0,2,U,1993-06-10,2,Unknown,10,11907,,0
6443,2,1942-09-07,0,0,A,1993-06-10,0,Unknown,10,0,,0
6444,2,1964-08-14,3116,3,M,1993-06-11,2,Unknown,10,0,,0
6445,2,1953-03-03,1324,0,C,1993-06-11,2,Unknown,10,14607,,0
6446,2,1962-11-30,0,2,M,1993-06-14,2,Unknown,10,17807,,0
6447,2,1953-01-03,0,0,A,1993-06-15,2,DV,10,16807,1993-08-18,1
6448,4,1965-01-17,0,0,C,1993-06-15,2,Unknown,10,10307,,0
6449,3,1957-11-30,0,2,M,1993-06-18,2,Unknown,10,12607,,0
6450,2,1925-02-13,0,0,C,1993-06-21,2,Unknown,10,15707,,0
6451,3,1939-06-08,0,0,M,1993-06-24,0,Unknown,10,10107,,0
6452,3,1964-08-18,0,3,M,1993-06-25,2,Unknown,10,0,,0
6453,2,1966-07-08,0,0,A,1993-06-28,0,Unknown,10,0,,0
6454,2,1962-10-26,0,0,A,1993-06-30,0,Unknown,23,0,,0
6455,2,1955-12-20,2661,3,M,1993-07-01,2,Unknown,10,10207,,0
6456,4,1973-09-14,0,0,C,1993-07-01,0,DV,21,16707,2001-04-02,1
6457,2,1955-09-04,0,0,A,1993-07-01,0,Unknown,10,0,,0
6458,2,1949-12-12,2897,1,M,1993-07-02,2,Unknown,10,10107,,0
6459,2,1966-04-23,2349,2,B,1993-07-02,2,Unknown,10,10107,,0
6460,2,1942-02-09,2204,0,M,1993-07-02,2,Unknown,10,12607,,0
6461,2,1968-09-05,0,0,A,1993-07-02,0,Unknown,23,0,,0
6462,2,1965-10-26,0,0,C,1993-07-06,2,Unknown,10,16707,,0
6463,3,1942-05-15,0,0,C,1993-07-07,0,Unknown,10,11307,,0
6464,3,1951-04-09,2180,2,U,1993-07-07,2,Unknown,10,12607,,0
6465,3,1973-10-17,0,0,M,1993-07-09,2,Unknown,10,10107,,0
6466,3,1942-02-11,0,0,A,1993-07-09,0,Unknown,10,0,,0
6467,2,1965-07-27,0,0,A,1993-07-12,0,Unknown,10,0,,0
6468,3,1955-04-07,0,0,A,1993-07-13,0,Unknown,10,0,,0
6469,3,1945-01-02,0,0,M,1993-07-13,2,Unknown,10,13507,,0
6470,3,1947-02-01,2870,0,M,1993-07-13,2,Unknown,10,16707,,0
6471,2,1954-10-03,0,0,M,1993-07-15,2,Unknown,10,11907,,0
6472,3,1958-04-17,0,0,A,1993-07-16,0,Unknown,10,0,,0
6473,2,1965-04-02,0,0,M,1993-07-19,2,Unknown,10,17907,,0
6474,3,1947-10-08,1650,0,S,1993-07-20,2,Unknown,10,10107,,0
6475,3,1953-08-13,0,0,A,1993-07-21,0,Unknown,10,0,,0
6476,3,1967-07-16,0,2,M,1993-07-23,2,Unknown,10,17907,,0
6477,2,1958-05-26,0,0,A,1993-07-26,0,Unknown,21,0,,0
6478,2,1958-10-10,0,0,A,1993-07-27,0,DV,21,18507,1997-04-22,1
6479,2,1982-07-28,0,0,A,1993-07-30,2,Unknown,21,10107,,0
6480,2,1944-11-02,0,0,A,1993-08-02,0,Unknown,21,0,,0
6481,2,1954-09-24,1403,2,M,1993-08-03,2,Unknown,10,0,,0
6482,3,1955-06-15,0,0,M,1993-08-03,2,Unknown,10,11907,,0
6483,2,1959-09-20,648,2,M,1993-08-04,0,Unknown,21,0,,0
6484,3,1946-06-24,4354,0,S,1993-08-06,2,Unknown,10,10907,,0
6485,2,1965-05-22,0,0,A,1993-08-11,0,Unknown,10,0,,0
6486,3,1963-10-16,0,0,M,1993-08-13,0,Unknown,10,15707,,0
6487,2,1967-11-21,0,0,A,1993-08-13,0,Unknown,23,0,,0
6488,4,1962-07-20,0,0,C,1993-08-17,2,Unknown,10,10107,,0
6489,2,1937-02-07,0,0,A,1993-08-17,0,Unknown,10,0,,0
6490,2,1968-01-22,0,0,A,1993-08-17,0,Unknown,10,0,,0
6491,3,1948-03-19,0,0,D,1993-08-18,2,Unknown,10,11907,,0
6492,2,1961-11-07,0,0,M,1993-08-18,2,Unknown,10,17907,,0
6493,2,1964-06-04,0,0,M,1993-08-19,2,Unknown,10,15707,,0
6494,2,1950-11-30,0,0,M,1993-08-19,2,Unknown,10,16607,,0
6495,2,1936-06-20,0,0,M,1993-08-20,2,Unknown,10,13507,,0
6496,3,1968-10-14,0,4,M,1993-08-23,2,Unknown,10,16707,,0
6497,2,1970-06-23,2461,3,G,1993-08-24,2,Unknown,10,11907,,0
6498,2,1932-05-28,2516,0,V,1993-08-24,2,Unknown,10,17807,,0
6499,2,1949-02-20,3000,2,M,1993-08-25,2,Unknown,10,10107,,0
6500,2,1947-02-22,5361,1,B,1993-08-26,0,Unknown,10,0,,0
6501,2,1949-06-05,0,0,A,1993-08-26,0,Unknown,10,0,,0
6502,2,1958-12-21,0,0,A,1993-08-26,0,RA,21,0,1998-07-07,1
6503,2,1979-04-23,0,0,A,1993-08-30,2,Unknown,21,10107,,0
6504,3,1949-06-27,0,0,A,1993-08-30,0,Unknown,10,0,,0
6505,3,1959-01-09,0,0,A,1993-08-31,0,Unknown,10,0,,0
6506,4,1965-12-15,1736,0,C,1993-09-02,2,Unknown,10,10807,,0
6507,4,1961-03-05,0,0,C,1993-09-02,0,Unknown,10,10207,,0
6508,3,1932-07-26,0,0,A,1993-09-02,0,Unknown,10,0,,0
6509,4,1968-07-16,2100,2,C,1993-09-03,2,Unknown,10,12607,,0
6510,3,1968-10-20,0,2,M,1993-09-06,2,Unknown,10,11907,,0
6511,2,1945-07-25,2030,0,C,1993-09-08,2,Unknown,10,17807,,0
6512,3,1968-01-08,1400,2,M,1993-09-09,2,Unknown,10,17907,,0
6513,3,1938-11-08,2326,0,M,1993-09-09,0,Unknown,10,0,,0
6514,3,1951-07-13,0,1,M,1993-09-13,2,Unknown,10,18507,,0
6515,3,1960-09-30,0,0,A,1993-09-13,0,Unknown,10,14707,,0
6516,3,1959-09-13,0,0,M,1993-09-14,2,Unknown,10,13907,,0
6517,4,1971-08-09,1700,2,M,1993-09-14,2,Unknown,10,13507,,0
6518,3,1949-04-21,0,0,D,1993-09-15,2,Unknown,10,10107,,0
6519,2,1967-06-28,0,0,A,1993-09-15,0,Unknown,10,10207,,0
6520,3,1956-03-10,2591,2,D,1993-09-16,0,DV,21,10907,2002-02-01,1
6521,2,1947-04-08,0,0,A,1993-09-16,0,Unknown,10,0,,0
6522,2,1966-03-28,0,0,U,1993-09-17,2,Unknown,10,11907,,0
6523,2,1945-09-09,0,0,D,1993-09-20,2,Unknown,10,17907,,0
6524,3,1968-08-19,0,0,M,1993-09-20,2,Unknown,10,10307,,0
6525,2,1963-03-25,0,0,M,1993-09-20,2,Unknown,10,18507,,0
6526,2,1980-01-25,0,0,C,1993-09-21,2,Unknown,21,10107,,0
6527,3,1968-11-05,0,2,M,1993-09-22,2,Unknown,10,13507,,0
6528,2,1953-07-19,0,0,A,1993-09-22,0,DC,21,16707,,0
6529,3,1940-09-21,0,0,A,1993-09-22,0,Unknown,10,10207,,0
6530,2,1949-07-10,0,0,A,1993-09-23,0,Unknown,10,17507,,0
6531,2,1966-05-23,1192,0,C,1993-09-23,2,Unknown,10,10107,,0
6532,2,1955-04-20,0,0,A,1993-09-23,0,Unknown,10,15607,,0
6533,2,1945-12-14,1640,1,G,1993-09-24,2,Unknown,10,10107,,0
6534,2,1965-03-23,0,0,U,1993-09-24,2,Unknown,10,10107,,0
6535,2,1932-01-31,1000,0,B,1993-09-24,2,Unknown,10,10107,,0
6536,2,1964-05-28,0,3,M,1993-09-24,2,Unknown,10,16707,,0
6537,3,1962-10-04,0,0,M,1993-09-27,2,Unknown,10,17907,,0
6538,3,1940-05-22,0,0,A,1993-09-28,0,Unknown,10,0,,0
6539,3,1964-11-24,1768,3,M,1993-09-28,2,Unknown,10,16707,,0
6540,2,1956-07-17,0,0,M,1993-09-28,2,Unknown,10,10907,,0
6541,3,1944-04-13,2824,1,V,1993-09-29,0,Unknown,10,11907,,0
6542,2,1970-02-10,0,0,C,1993-09-29,0,Unknown,10,16807,,0
6543,2,1970-03-07,2300,0,S,1993-09-30,0,Unknown,10,17907,,0
6544,4,1972-02-04,1880,0,C,1993-10-01,2,Unknown,10,13507,,0
6545,4,1971-05-12,0,0,C,1993-10-04,2,DV,10,13507,1993-12-01,1
6546,4,1972-10-21,0,0,C,1993-10-04,2,DV,10,13507,1993-12-08,1
6547,3,1948-05-07,0,0,M,1993-10-04,2,Unknown,10,16707,,0
6548,4,1962-05-20,1250,2,U,1993-10-05,2,Unknown,10,13907,,0
6549,4,1969-08-29,987,2,U,1993-10-06,2,Unknown,10,10807,,0
6550,2,1969-09-02,0,0,C,1993-10-06,2,Unknown,10,14707,,0
6551,2,1959-01-25,0,0,M,1993-10-07,2,Unknown,10,14607,,0
6552,2,1968-02-26,1976,0,C,1993-10-07,2,Unknown,10,10107,,0
6553,4,1967-03-08,0,0,C,1993-10-07,0,Unknown,10,0,,0
6554,2,1964-10-08,0,2,M,1993-10-08,2,Unknown,10,11607,,0
6555,3,1971-02-12,1535,1,M,1993-10-08,2,Unknown,10,13507,,0
6556,2,1967-04-29,0,0,C,1993-10-08,2,Unknown,10,16707,,0
6557,2,1961-03-29,0,0,A,1993-10-08,0,Unknown,10,17807,,0
6558,2,1973-05-29,0,0,C,1993-10-12,2,Unknown,10,13507,,0
6559,3,1948-01-19,0,0,V,1993-10-12,2,Unknown,10,17907,,0
6560,3,1959-03-17,0,2,M,1993-10-12,2,Unknown,10,10307,,0
6561,4,1965-03-10,0,0,C,1993-10-12,0,Unknown,23,0,,0
6562,2,1951-05-19,0,1,C,1993-10-13,2,Unknown,10,10107,,0
6563,2,1969-01-05,0,0,A,1993-10-13,0,Unknown,10,0,,0
6564,2,1952-08-18,2160,1,D,1993-10-14,2,Unknown,10,11907,,0
6565,2,1971-09-16,0,0,A,1993-10-14,0,Unknown,10,13507,,0
6566,3,1974-02-18,0,1,C,1993-10-15,2,Unknown,10,10107,,0
6567,3,1969-04-25,1407,1,M,1993-10-18,2,Unknown,10,13507,,0
6568,3,1967-02-12,1835,3,U,1993-10-18,2,Unknown,10,16707,,0
6569,2,1961-04-07,3300,1,M,1993-10-18,2,Unknown,10,10207,,0
6570,2,1969-04-11,0,1,C,1993-10-19,2,Unknown,10,10107,,0
6571,3,1955-01-21,0,0,M,1993-10-19,2,Unknown,10,16607,,0
6572,1,,0,0,A,1993-10-19,4,Unknown,61,10107,,0
6573,3,1949-04-08,0,0,M,1993-10-20,2,Unknown,10,11907,,0
6574,2,1937-10-10,0,0,M,1993-10-20,2,Unknown,10,10107,,0
6575,2,1950-09-21,0,0,A,1993-10-21,0,Unknown,10,0,,0
6576,2,1960-05-03,3420,3,M,1993-10-22,2,Unknown,10,17507,,0
6577,2,1961-03-12,2600,0,C,1993-10-22,2,Unknown,10,11607,,0
6578,1,,0,0,A,1993-10-26,0,Unknown,82,0,,0
6579,4,1956-12-04,0,0,C,1993-10-26,0,Unknown,10,11307,,0
6580,2,1943-02-08,1750,2,M,1993-10-26,2,Unknown,10,13807,,0
6581,3,1969-04-04,0,0,M,1993-10-26,0,Unknown,10,13507,,0
6582,3,1950-01-19,0,0,M,1993-10-26,2,Unknown,10,16707,,0
6583,3,1963-11-20,0,0,C,1993-10-26,2,Unknown,10,12607,,0
6584,3,1968-01-04,1500,3,M,1993-10-27,2,Unknown,10,13507,,0
6585,4,1949-01-29,0,0,C,1993-10-27,2,Unknown,10,15807,,0
6586,3,1956-02-07,0,0,A,1993-10-27,0,Unknown,21,0,,0
6587,3,1958-01-02,2417,2,E,1993-10-28,2,Unknown,10,12807,,0
6588,4,1962-08-25,1850,0,C,1993-10-29,2,Unknown,10,16807,,0
6589,3,1947-05-15,2713,1,U,1993-10-29,2,Unknown,10,14707,,0
6590,3,1969-04-07,0,0,C,1993-11-03,2,Unknown,10,17907,,0
6591,3,1969-01-30,0,0,S,1993-11-03,2,Unknown,10,10307,,0
6592,4,1969-09-13,0,0,C,1993-11-04,0,Unknown,10,11907,,0
6593,3,1959-08-11,2135,3,M,1993-11-05,2,Unknown,10,17907,,0
6594,3,1957-03-01,0,0,M,1993-11-05,2,Unknown,10,14607,,0
6595,2,1966-01-10,0,0,M,1993-11-05,2,Unknown,10,10107,,0
6596,2,1957-01-28,2100,1,M,1993-11-08,2,Unknown,10,10107,,0
6597,3,1954-02-07,1200,0,M,1993-11-09,2,Unknown,10,16707,,0
6598,2,1960-10-02,0,0,D,1993-11-09,2,Unknown,10,10207,,0
6599,3,1955-03-05,0,0,A,1993-11-10,0,Unknown,23,0,,0
6600,3,1962-01-08,0,0,A,1993-11-10,0,Unknown,10,0,,0
6601,2,1952-11-19,5540,1,E,1993-11-15,2,Unknown,10,13507,,0
6602,2,1968-11-20,2600,2,M,1993-11-15,2,Unknown,10,17807,,0
6603,3,1967-02-22,0,1,M,1993-11-15,2,Unknown,10,10207,,0
6604,3,1965-01-25,1855,2,M,1993-11-15,2,Unknown,10,10107,,0
6605,2,1954-08-07,1372,1,A,1993-11-16,0,Unknown,10,16807,,0
6606,3,1957-10-08,1548,2,U,1993-11-16,2,Unknown,10,14707,,0
6607,2,1937-04-25,0,0,A,1993-11-16,0,Unknown,10,0,,0
6608,2,1947-01-13,0,0,A,1993-11-17,0,Unknown,10,0,,0
6609,4,1969-11-24,0,0,C,1993-11-18,2,Unknown,10,14707,,0
6610,3,1942-09-19,0,0,M,1993-11-19,2,Unknown,10,11907,,0
6611,2,1966-08-03,1882,2,M,1993-11-22,2,Unknown,10,10307,,0
6612,3,1950-07-21,0,0,U,1993-11-22,2,Unknown,10,13807,,0
6613,3,1968-12-27,2666,2,M,1993-11-22,2,Unknown,10,13507,,0
6614,3,1967-11-29,3756,4,D,1993-11-22,2,Unknown,10,10107,,0
6615,2,1976-06-28,1776,0,M,1993-11-23,2,Unknown,10,10107,,0
6616,4,1971-06-01,0,0,C,1993-11-23,2,Unknown,10,10207,,0
6617,1,,0,0,A,1993-11-24,0,Unknown,82,0,,0
6618,3,1952-03-22,1810,1,M,1993-11-24,2,Unknown,10,12779,,0
6619,4,1966-10-14,0,0,C,1993-11-24,2,Unknown,10,14607,,0
6620,2,1948-02-12,0,1,C,1993-11-25,2,Unknown,10,10207,,0
6621,2,1960-11-19,0,0,A,1993-11-25,0,Unknown,10,0,,0
6622,4,1961-12-16,2316,3,C,1993-11-26,2,Unknown,10,11907,,0
6623,2,1951-10-16,0,2,U,1993-11-26,2,Unknown,10,10107,,0
6624,2,1972-01-25,0,0,C,1993-11-29,0,Unknown,10,13507,,0
6625,4,1960-12-15,0,0,C,1993-11-29,2,Unknown,10,10907,,0
6626,3,1962-04-13,0,0,M,1993-11-30,2,Unknown,10,17807,,0
6627,3,1966-05-18,0,0,A,1993-12-02,0,Unknown,10,0,,0
6628,4,1961-06-23,0,2,C,1993-12-03,2,Unknown,10,16807,,0
6629,4,1970-04-12,0,0,C,1993-12-07,0,Unknown,10,13507,,0
6630,3,1967-09-19,0,1,C,1993-12-07,2,Unknown,10,10107,,0
6631,2,1963-09-26,0,0,A,1993-12-07,0,Unknown,10,10107,,0
6632,3,1956-11-17,1693,2,E,1993-12-07,2,Unknown,10,15607,,0
6633,4,1956-06-01,0,0,C,1993-12-08,0,Unknown,10,0,,0
6634,3,1949-11-18,0,0,A,1993-12-09,0,Unknown,10,10807,,0
6635,3,1946-05-29,1843,1,D,1993-12-09,2,Unknown,10,10207,,0
6636,2,1932-06-09,0,0,A,1993-12-09,0,Unknown,10,0,,0
6637,2,1955-02-22,0,0,A,1993-12-10,0,Unknown,21,0,,0
6638,3,1959-06-24,3600,2,S,1993-12-13,2,Unknown,10,0,,0
6639,2,1955-02-05,0,0,D,1993-12-13,2,Unknown,10,10107,,0
6640,3,1938-09-15,0,0,A,1993-12-13,0,Unknown,21,0,,0
6641,3,1955-01-29,0,0,C,1993-12-13,2,Unknown,10,14607,,0
6642,2,1980-11-08,0,0,C,1993-12-14,2,Unknown,21,10107,,0
6643,4,1966-11-24,0,0,C,1993-12-14,2,Unknown,10,10107,,0
6644,2,1961-06-09,0,2,M,1993-12-14,2,Unknown,10,15607,,0
6645,2,1970-08-24,1400,2,M,1993-12-16,2,Unknown,10,10107,,0
6646,3,1967-01-23,0,0,A,1993-12-16,0,DV,21,18507,2005-01-17,1
6647,3,1964-01-07,0,0,A,1993-12-16,0,Unknown,10,0,,0
6648,3,1962-06-14,1317,2,U,1993-12-17,2,Unknown,10,16707,,0
6649,2,1948-12-08,0,0,A,1993-12-17,0,Unknown,10,10907,,0
6650,2,1942-04-17,0,0,D,1993-12-20,2,Unknown,10,16707,,0
6651,2,1947-09-29,3026,2,A,1993-12-21,0,Unknown,21,0,,0
6652,2,1951-08-16,0,0,M,1993-12-21,0,Unknown,10,11907,,0
6653,3,1939-11-09,0,0,A,1993-12-22,0,DV,21,13507,1999-07-29,1
6654,2,1968-04-28,1600,2,U,1993-12-23,2,Unknown,10,13507,,0
6655,3,1955-10-14,600,0,E,1993-12-24,2,Unknown,10,17907,,0
6656,3,1962-03-24,1724,2,S,1993-12-24,0,Unknown,10,10107,,0
6657,3,1943-07-23,1942,0,M,1993-12-28,2,Unknown,10,12607,,0
6658,2,1962-06-27,3246,1,D,1993-12-28,2,Unknown,10,10307,,0
6659,2,1964-09-29,0,0,M,1993-12-28,2,Unknown,10,18507,,0
6660,2,1952-09-21,0,0,M,1993-12-30,2,Unknown,10,10107,,0
6661,2,1965-07-07,0,0,C,1993-12-30,2,Unknown,10,0,,0
6662,3,1945-06-26,0,0,M,1993-12-31,2,Unknown,10,0,,0
6663,2,1948-11-07,0,0,A,1994-01-03,0,Unknown,21,0,,0
6664,2,1947-07-25,0,0,A,1994-01-03,0,Unknown,21,0,,0
6665,3,1949-03-18,0,1,M,1994-01-03,2,Unknown,10,16707,,0
6666,2,1938-12-17,1200,0,M,1994-01-04,2,Unknown,10,18507,,0
6667,2,1967-12-26,1520,2,U,1994-01-05,2,Unknown,10,10907,,0
6668,1,,0,0,A,1994-01-06,0,Unknown,82,0,,0
6669,3,1939-12-06,0,0,A,1994-01-06,0,Unknown,21,0,,0
6670,3,1960-08-26,2292,0,M,1994-01-06,0,Unknown,10,14607,,0
6671,4,1979-05-04,0,0,C,1994-01-06,2,Unknown,21,10107,,0
6672,3,1948-10-12,1428,0,M,1994-01-10,2,Unknown,10,17807,,0
6673,2,1967-10-02,0,0,C,1994-01-10,2,Unknown,10,10507,,0
6674,2,1957-07-24,0,0,C,1994-01-11,2,Unknown,10,16707,,0
6675,3,1954-06-04,0,1,M,1994-01-11,2,Unknown,10,10107,,0
6676,2,1948-12-26,0,0,A,1994-01-13,0,Unknown,21,0,,0
6677,4,1944-01-02,0,0,C,1994-01-13,0,Unknown,10,0,,0
6678,4,1962-01-29,0,0,C,1994-01-14,2,DA,21,0,1999-01-06,1
6679,4,1962-04-09,0,1,C,1994-01-14,2,Unknown,10,10207,,0
6680,4,1966-12-27,0,0,C,1994-01-17,0,DV,21,10107,1996-12-06,1
6681,3,1949-03-09,0,0,M,1994-01-17,2,Unknown,10,10807,,0
6682,2,1962-09-22,0,0,A,1994-01-20,0,Unknown,10,0,,0
6683,3,1946-10-03,0,0,M,1994-01-24,2,Unknown,10,14707,,0
6684,3,1952-02-22,0,3,M,1994-01-24,2,Unknown,10,10907,,0
6685,2,1967-06-18,0,0,M,1994-01-24,2,Unknown,10,10307,,0
6686,2,1950-12-18,0,0,A,1994-01-26,0,Unknown,10,0,,0
6687,3,1953-05-20,1600,1,M,1994-01-28,2,Unknown,21,11907,,0
6688,2,1965-12-03,5581,3,B,1994-01-28,2,Unknown,10,10607,,0
6689,2,1960-08-16,2641,2,G,1994-02-01,0,Unknown,21,0,,0
6690,3,1967-08-14,3381,1,D,1994-02-01,2,Unknown,10,12779,,0
6691,3,1953-07-24,0,0,D,1994-02-02,2,Unknown,10,18707,,0
6692,3,1967-09-08,0,3,M,1994-02-02,2,Unknown,10,10107,,0
6693,3,1969-05-10,2134,2,A,1994-02-02,0,Unknown,10,10307,,0
6694,3,1945-12-19,0,0,A,1994-02-03,0,Unknown,10,0,,0
6695,4,1987-10-07,0,0,C,1994-02-04,0,Unknown,21,11907,,0
6696,2,1965-09-09,1000,2,M,1994-02-04,2,Unknown,10,10107,,0
6697,2,1958-09-27,0,0,M,1994-02-04,2,Unknown,10,10907,,0
6698,4,1966-11-06,1,3,U,1994-02-08,2,Unknown,10,11907,,0
6699,2,1963-11-17,2900,1,G,1994-02-10,0,Unknown,10,10107,,0
6700,3,1955-11-05,603,2,M,1994-02-11,2,Unknown,10,10107,,0
6701,3,1971-12-18,965,2,M,1994-02-15,2,Unknown,10,13507,,0
6702,3,1967-01-16,1218,1,D,1994-02-15,2,Unknown,10,17807,,0
6703,3,1961-10-11,0,0,M,1994-02-15,2,Unknown,10,14707,,0
6704,3,1951-05-20,0,0,A,1994-02-15,0,Unknown,10,0,,0
6705,2,1946-09-28,0,0,M,1994-02-17,2,Unknown,10,10107,,0
6706,2,1946-07-07,0,0,M,1994-02-21,0,Unknown,10,13607,,0
6707,3,1925-03-03,3616,0,V,1994-02-22,2,Unknown,10,16707,,0
6708,3,1946-10-22,0,2,B,1994-02-24,0,Unknown,10,15607,,0
6709,2,1952-09-15,0,0,A,1994-02-25,0,Unknown,10,0,,0
6710,4,1955-03-22,0,0,C,1994-02-25,0,Unknown,10,0,,0
6711,3,1956-10-30,1067,2,A,1994-03-01,0,Unknown,21,0,,0
6712,3,1967-12-04,1789,0,C,1994-03-01,2,Unknown,10,12779,,0
6713,3,1952-11-26,0,0,M,1994-03-01,2,Unknown,10,16707,,0
6714,2,1966-09-26,0,0,A,1994-03-03,0,Unknown,23,0,,0
6715,3,1951-06-22,0,2,M,1994-03-03,0,Unknown,10,11307,,0
6716,3,1946-04-03,0,0,A,1994-03-03,2,Unknown,10,16807,,0
6717,2,1971-05-01,0,0,A,1994-03-08,0,Unknown,10,10307,,0
6718,2,1966-02-19,2000,2,U,1994-03-09,2,Unknown,10,10107,,0
6719,2,1943-02-17,2490,1,M,1994-03-10,0,Unknown,10,0,,0
6720,4,1955-04-26,0,0,C,1994-03-11,2,Unknown,10,10107,,0
6721,3,1949-09-02,0,0,M,1994-03-14,2,Unknown,10,18507,,0
6722,3,1958-12-20,2530,2,M,1994-03-14,2,Unknown,10,18507,,0
6723,3,1945-07-27,0,0,A,1994-03-14,0,Unknown,10,0,,0
6724,2,1967-02-19,0,0,C,1994-03-15,2,Unknown,10,17907,,0
6725,2,1960-05-13,1250,1,M,1994-03-15,2,Unknown,10,16707,,0
6726,3,1933-11-04,0,0,M,1994-03-16,2,Unknown,10,10507,,0
6727,2,1961-07-29,1400,3,U,1994-03-16,2,Unknown,10,16807,,0
6728,2,1938-06-09,0,0,M,1994-03-21,2,Unknown,10,16707,,0
6729,2,1963-05-01,0,0,A,1994-03-23,2,Unknown,10,14607,,0
6730,1,,0,0,A,1994-03-24,0,Unknown,82,0,,0
6731,2,1951-01-08,1875,3,M,1994-03-24,2,Unknown,10,10107,,0
6732,2,1961-01-20,2558,2,G,1994-03-24,2,Unknown,10,16707,,0
6733,2,1963-04-24,0,0,A,1994-03-24,0,Unknown,10,0,,0
6734,3,1952-09-06,3336,1,U,1994-03-28,2,Unknown,10,10107,,0
6735,2,1974-05-18,0,0,A,1994-03-28,2,RA,10,10107,1994-05-18,1
6736,2,1981-03-20,0,0,C,1994-03-28,2,Unknown,21,10107,,0
6737,2,1954-09-29,0,3,M,1994-03-29,2,Unknown,10,10107,,0
6738,3,1965-01-11,0,0,C,1994-03-31,2,Unknown,10,10107,,0
6739,2,1940-10-13,0,1,M,1994-03-30,2,Unknown,10,10207,,0
6740,4,1939-02-04,1954,0,C,1994-04-01,2,Unknown,10,13507,,0
6741,2,1942-03-22,2842,4,M,1994-04-05,2,Unknown,10,0,,0
6742,4,1971-05-18,0,0,C,1994-04-05,2,Unknown,10,11907,,0
6743,4,1968-05-04,0,0,C,1994-04-05,0,Unknown,23,0,,0
6744,2,1976-03-01,0,0,C,1994-04-06,2,Unknown,10,10107,,0
6745,2,1957-01-19,0,0,M,1994-04-08,2,Unknown,10,16807,,0
6746,3,1965-01-27,0,0,C,1994-04-11,0,Unknown,10,18707,,0
6747,4,1966-06-07,0,0,C,1994-04-12,2,Unknown,10,14607,,0
6748,3,1941-01-08,0,0,A,1994-04-12,0,Unknown,10,0,,0
6749,3,1948-01-23,0,0,A,1994-04-13,0,DC,10,15607,,0
6750,2,1965-01-11,0,0,A,1994-04-14,0,Unknown,10,10107,,0
6751,2,1938-04-08,1275,0,M,1994-04-18,2,Unknown,10,11907,,0
6752,3,1959-01-31,1605,1,M,1994-04-18,2,Unknown,10,10107,,0
6753,3,1968-07-05,0,2,M,1994-04-18,2,Unknown,10,10207,,0
6754,2,1960-12-06,0,3,M,1994-04-19,2,Unknown,10,10107,,0
6755,3,1957-04-10,2667,1,G,1994-04-20,2,Unknown,10,10107,,0
6756,2,1966-12-31,0,2,C,1994-04-21,2,Unknown,10,13507,,0
6757,2,1977-03-22,0,0,C,1994-04-21,2,Unknown,21,10107,,0
6758,3,1957-04-27,2346,0,U,1994-04-22,2,Unknown,10,16707,,0
6759,3,1948-12-02,0,0,M,1994-04-22,2,Unknown,10,15607,,0
6760,3,1945-06-09,0,0,A,1994-04-22,0,Unknown,10,0,,0
6761,3,1947-06-07,0,0,M,1994-04-25,2,Unknown,10,13507,,0
6762,3,1960-04-13,0,0,S,1994-04-25,2,Unknown,10,10807,,0
6763,3,1947-02-07,0,0,A,1994-04-26,0,DA,21,0,1994-07-28,1
6764,3,1954-07-02,0,0,M,1994-04-29,2,Unknown,10,0,,0
6765,3,1962-07-24,0,0,M,1994-04-29,2,Unknown,10,13507,,0
6766,3,1949-05-21,0,0,A,1994-04-29,0,Unknown,10,0,,0
6767,3,1957-06-13,1738,2,M,1994-05-04,2,Unknown,10,14607,,0
6768,2,1968-04-20,0,3,M,1994-05-06,2,Unknown,10,12807,,0
6769,3,1949-01-27,0,0,A,1994-05-09,0,Unknown,21,0,,0
6770,3,1942-07-15,0,0,M,1994-05-11,2,Unknown,10,18707,,0
6771,3,1943-08-22,1076,0,A,1994-05-11,0,Unknown,10,0,,0
6772,2,1957-11-17,0,0,A,1994-05-13,0,Unknown,21,0,,0
6773,4,1967-03-14,0,0,C,1994-05-16,0,Unknown,10,10907,,0
6774,4,1966-08-11,2134,1,C,1994-05-16,0,Unknown,10,10107,,0
6775,3,1949-03-14,0,0,D,1994-05-17,2,Unknown,10,16707,,0
6776,3,1968-11-22,0,0,M,1994-05-17,0,Unknown,10,12807,,0
6777,3,1962-01-29,1696,3,M,1994-05-18,2,Unknown,10,10207,,0
6778,3,1966-10-15,0,0,M,1994-05-20,2,Unknown,10,13507,,0
6779,2,1950-05-09,1400,2,M,1994-05-20,2,Unknown,10,18507,,0
6780,3,1943-01-07,0,0,D,1994-05-25,2,Unknown,10,13807,,0
6781,2,1955-07-29,2022,3,U,1994-05-25,2,Unknown,10,13507,,0
6782,2,1970-12-02,0,0,A,1994-05-25,2,Unknown,10,10107,,0
6783,3,1951-07-22,0,0,D,1994-05-27,2,Unknown,10,16707,,0
6784,2,1952-01-29,0,4,M,1994-05-27,2,Unknown,10,10907,,0
6785,4,1970-06-16,1750,3,M,1994-05-30,2,Unknown,10,10107,,0
6786,2,1953-12-01,0,2,M,1994-05-30,2,Unknown,10,14707,,0
6787,3,1949-07-28,2283,0,D,1994-05-31,0,Unknown,10,11307,,0
6788,3,1934-11-18,200,0,M,1994-05-31,2,Unknown,10,17907,,0
6789,3,1947-06-03,0,0,M,1994-06-02,2,Unknown,10,14607,,0
6790,2,1948-08-25,3161,0,M,1994-06-02,2,Unknown,10,10107,,0
6791,2,1943-11-07,1614,0,M,1994-06-02,2,Unknown,10,16807,,0
6792,2,1934-06-09,0,0,M,1994-06-09,2,Unknown,10,10107,,0
6793,4,1964-09-12,0,0,C,1994-06-09,2,Unknown,10,0,,0
6794,2,1958-10-16,2500,0,C,1994-06-09,2,Unknown,10,11307,,0
6795,2,1947-08-03,3309,0,M,1994-06-10,2,Unknown,10,17907,,0
6796,4,1960-05-09,0,0,C,1994-06-10,2,Unknown,10,13507,,0
6797,3,1965-01-19,0,0,A,1994-06-10,0,Unknown,10,10907,,0
6798,3,1953-02-11,2130,1,D,1994-06-13,0,Unknown,10,10107,,0
6799,2,1966-05-20,0,0,A,1994-06-14,0,Unknown,23,0,,0
6800,2,1955-05-05,0,0,M,1994-06-15,2,Unknown,21,0,,0
6801,2,1964-08-02,2015,1,U,1994-06-16,2,Unknown,10,11307,,0
6802,2,1944-11-11,0,0,M,1994-06-16,2,Unknown,10,13907,,0
6803,4,1965-07-31,1738,0,C,1994-06-20,2,Unknown,10,14607,,0
6804,2,1949-11-11,1423,0,M,1994-06-20,2,Unknown,10,10307,,0
6805,3,1946-07-27,0,0,A,1994-06-21,0,Unknown,21,0,,0
6806,3,1958-04-08,2112,3,M,1994-06-21,2,Unknown,10,16807,,0
6807,2,1955-04-22,0,0,A,1994-06-21,2,Unknown,10,16807,,0
6808,3,1967-05-01,2835,2,M,1994-06-22,2,Unknown,10,10107,,0
6809,4,1957-11-22,0,0,C,1994-06-23,0,Unknown,21,0,,0
6810,2,1948-04-10,0,0,M,1994-06-23,2,Unknown,10,14607,,0
6811,2,1947-12-07,0,0,A,1994-06-24,0,Unknown,10,0,,0
6812,3,1960-04-05,0,0,M,1994-06-27,2,Unknown,10,15807,,0
6813,3,1956-05-26,0,0,M,1994-06-28,2,Unknown,10,11907,,0
6814,3,1935-07-09,0,0,D,1994-06-28,0,Unknown,10,17807,,0
6815,2,1969-06-04,0,0,A,1994-06-29,0,Unknown,21,0,,0
6816,2,1924-04-24,0,0,M,1994-06-29,0,DC,21,10107,,0
6817,2,1961-12-27,0,0,A,1994-06-30,0,Unknown,10,10107,,0
6818,3,1953-09-15,0,0,V,1994-06-30,2,Unknown,10,16807,,0
6819,3,1934-02-18,0,0,M,1994-06-30,2,Unknown,10,12807,,0
6820,2,1938-07-06,0,0,A,1994-06-30,0,Unknown,10,0,,0
6821,3,1950-09-18,2312,1,M,1994-07-01,2,Unknown,10,17907,,0
6822,3,1953-12-27,1346,0,M,1994-07-01,2,Unknown,10,13607,,0
6823,3,1951-06-30,2094,0,C,1994-07-04,0,Unknown,10,11307,,0
6824,2,1966-12-10,2000,1,M,1994-07-04,2,Unknown,10,13507,,0
6825,3,1948-09-26,0,0,C,1994-07-04,2,Unknown,10,10107,,0
6826,2,1946-01-26,0,0,M,1994-07-05,2,Unknown,10,13607,,0
6827,2,1966-05-09,0,0,A,1994-07-05,0,Unknown,23,0,,0
6828,4,1963-03-02,0,0,C,1994-07-06,0,Unknown,10,0,,0
6829,3,1932-06-28,0,0,A,1994-07-06,0,Unknown,10,0,,0
6830,4,1964-11-20,0,0,C,1994-07-07,2,Unknown,10,10107,,0
6831,2,1965-10-08,0,0,A,1994-07-08,2,Unknown,10,10307,,0
6832,2,1951-10-26,2330,1,U,1994-07-11,2,Unknown,10,10107,,0
6833,4,1971-11-29,0,0,C,1994-07-11,2,Unknown,10,17807,,0
6834,2,1950-06-20,3300,1,E,1994-07-11,2,Unknown,10,18507,,0
6835,2,1936-08-05,0,0,A,1994-07-11,0,Unknown,10,0,,0
6836,4,1969-07-16,0,0,C,1994-07-11,0,Unknown,23,0,,0
6837,2,1952-07-25,0,0,A,1994-07-12,2,Unknown,10,10107,,0
6838,3,1951-08-13,1411,1,D,1994-07-13,2,Unknown,10,17907,,0
6839,2,1962-03-17,0,0,A,1994-07-13,0,Unknown,23,0,,0
6840,2,1968-02-14,0,0,A,1994-07-13,0,Unknown,23,0,,0
6841,2,1956-04-25,1959,3,M,1994-07-18,0,Unknown,10,13807,,0
6842,2,1962-11-26,0,0,M,1994-07-19,2,Unknown,10,18707,,0
6843,3,1963-09-14,0,0,M,1994-07-19,2,Unknown,10,10907,,0
6844,3,1945-02-04,0,0,M,1994-07-19,2,Unknown,10,16707,,0
6845,3,1967-01-02,4235,1,D,1994-07-19,2,Unknown,10,10107,,0
6846,4,1948-10-17,0,0,C,1994-07-20,0,Unknown,21,0,,0
6847,3,1962-06-17,0,1,U,1994-07-20,2,Unknown,10,13607,,0
6848,3,1958-02-17,0,0,M,1994-07-20,0,Unknown,10,15607,,0
6849,2,1943-04-07,0,0,A,1994-07-20,0,Unknown,10,0,,0
6850,3,1966-09-06,2137,3,E,1994-07-21,0,Unknown,21,0,,0
6851,3,1944-03-30,2219,0,B,1994-07-22,2,Unknown,10,12807,,0
6852,4,1965-04-24,1976,0,C,1994-07-25,0,Unknown,10,0,,0
6853,2,1964-08-31,2610,2,M,1994-07-25,2,Unknown,10,10507,,0
6854,3,1968-02-16,1923,1,M,1994-07-26,2,Unknown,10,17807,,0
6855,2,1958-09-25,0,4,M,1994-07-27,2,Unknown,10,10207,,0
6856,2,1959-05-04,0,2,A,1994-07-28,0,Unknown,10,0,,0
6857,2,1969-03-26,0,1,M,1994-07-28,2,Unknown,10,15807,,0
6858,3,1966-08-30,0,1,M,1994-07-28,2,Unknown,10,12607,,0
6859,3,1957-12-24,2225,1,A,1994-08-01,0,Unknown,10,14707,,0
6860,3,1939-04-16,0,0,A,1994-08-02,2,DA,10,0,1996-02-20,1
6861,3,1967-09-28,0,2,M,1994-08-02,2,Unknown,10,10107,,0
6862,3,1941-02-08,1500,3,U,1994-08-02,2,Unknown,10,16807,,0
6863,2,1963-03-05,2896,0,C,1994-08-04,2,Unknown,10,10107,,0
6864,4,1968-06-05,2100,0,C,1994-08-05,2,Unknown,10,16707,,0
6865,1,,0,0,A,1994-08-09,0,Unknown,82,0,,0
6866,2,1954-12-17,2400,2,M,1994-08-09,2,Unknown,10,13607,,0
6867,4,1968-06-06,2080,3,U,1994-08-16,2,Unknown,10,10907,,0
6868,2,1950-07-23,0,0,A,1994-08-16,0,Unknown,10,0,,0
6869,2,1965-06-18,0,1,M,1994-08-18,2,Unknown,10,10107,,0
6870,2,1940-06-28,1232,1,U,1994-08-19,2,Unknown,10,10207,,0
6871,3,1952-07-29,0,0,A,1994-08-22,0,Unknown,10,0,,0
6872,2,1939-04-23,1738,1,M,1994-08-23,2,Unknown,10,13807,,0
6873,2,1969-10-16,1825,0,C,1994-08-23,2,Unknown,10,10107,,0
6874,3,1968-05-13,2660,3,D,1994-08-24,2,Unknown,10,11607,,0
6875,4,1936-05-31,0,0,C,1994-08-24,0,Unknown,10,0,,0
6876,2,1966-07-06,4000,0,U,1994-08-25,2,Unknown,10,16707,,0
6877,2,1967-01-20,0,0,A,1994-08-25,0,Unknown,10,18507,,0
6878,2,1971-08-31,0,0,A,1994-08-25,0,Unknown,10,0,,0
6879,3,1972-05-06,2330,2,M,1994-08-29,2,Unknown,10,11907,,0
6880,3,1968-10-15,2055,1,M,1994-08-29,2,Unknown,10,16607,,0
6881,2,1952-04-04,0,0,M,1994-08-30,2,Unknown,10,16707,,0
6882,4,1969-11-14,0,0,C,1994-09-02,2,Unknown,10,17807,,0
6883,4,1967-11-28,0,0,C,1994-09-02,2,Unknown,10,13607,,0
6884,2,1963-10-03,0,2,M,1994-09-02,2,Unknown,10,12607,,0
6885,3,1942-05-15,0,0,M,1994-09-05,2,Unknown,10,10107,,0
6886,3,1938-05-29,0,0,A,1994-09-05,0,Unknown,10,0,,0
6887,2,1945-08-16,0,0,M,1994-09-06,2,Unknown,10,11907,,0
6888,3,1965-10-18,1451,1,U,1994-09-07,2,Unknown,10,13507,,0
6889,3,1926-11-28,0,0,A,1994-09-07,0,Unknown,10,0,,0
6890,2,1969-10-08,6042,3,U,1994-09-08,0,Unknown,10,10107,,0
6891,3,1970-10-28,0,1,M,1994-09-08,2,Unknown,10,10507,,0
6892,2,1960-03-05,2116,0,M,1994-09-09,2,Unknown,10,13907,,0
6893,3,1961-12-07,0,2,M,1994-09-09,2,Unknown,10,10907,,0
6894,2,1966-11-27,0,0,M,1994-09-12,2,Unknown,10,15807,,0
6895,4,1966-06-09,0,0,C,1994-09-14,0,Unknown,10,17807,,0
6896,4,1972-06-12,0,0,C,1994-09-14,0,DV,21,18507,1997-02-17,1
6897,2,1962-09-28,0,0,M,1994-09-14,2,Unknown,10,10207,,0
6898,2,1949-06-27,0,0,A,1994-09-15,0,Unknown,10,0,,0
6899,2,1967-06-14,0,0,A,1994-09-15,0,Unknown,10,10107,,0
6900,3,1951-08-03,0,0,S,1994-09-16,2,Unknown,10,10107,,0
6901,3,1967-04-08,1907,2,M,1994-09-16,2,Unknown,10,10507,,0
6902,4,1971-01-13,0,0,C,1994-09-16,2,Unknown,10,13607,,0
6903,3,1965-11-11,971,1,M,1994-09-16,2,Unknown,10,16807,,0
6904,2,1955-06-20,0,1,M,1994-09-19,2,Unknown,10,14707,,0
6905,4,1967-04-07,0,0,C,1994-09-20,2,Unknown,10,13507,,0
6906,2,1962-08-04,0,0,A,1994-09-20,0,Unknown,10,10507,,0
6907,2,1963-01-22,0,0,M,1994-09-20,2,Unknown,10,14707,,0
6908,3,1971-08-23,0,0,M,1994-09-20,0,Unknown,10,11907,,0
6909,3,1966-03-19,0,0,M,1994-09-21,0,Unknown,10,15707,,0
6910,3,1968-10-02,1648,2,M,1994-09-21,2,Unknown,10,18507,,0
6911,3,1954-12-19,0,0,A,1994-09-22,0,Unknown,21,0,,0
6912,3,1973-05-17,0,0,U,1994-09-22,2,Unknown,10,14707,,0
6913,3,1973-07-20,0,0,C,1994-09-22,0,Unknown,10,14707,,0
6914,3,1971-12-10,403,3,M,1994-09-23,2,Unknown,10,16707,,0
6915,3,1969-09-16,0,0,C,1994-09-23,0,DV,21,17907,2001-08-10,1
6916,4,1963-01-14,0,0,C,1994-09-23,0,Unknown,10,0,,0
6917,3,1970-11-28,0,0,A,1994-09-26,0,Unknown,10,15607,,0
6918,2,1964-03-31,4069,2,B,1994-09-26,2,Unknown,10,10807,,0
6919,3,1964-01-26,0,0,A,1994-09-28,0,Unknown,10,0,,0
6920,4,1973-03-03,1688,0,U,1994-09-29,2,Unknown,10,13507,,0
6921,4,1972-09-04,0,0,C,1994-09-29,2,Unknown,10,13507,,0
6922,2,1955-08-15,2100,2,M,1994-09-29,2,Unknown,10,10107,,0
6923,2,1969-09-17,1870,2,G,1994-09-29,2,Unknown,10,12607,,0
6924,4,1961-06-30,0,0,C,1994-09-29,0,Unknown,10,0,,0
6925,3,1973-02-18,0,0,C,1994-09-30,0,DV,21,14707,2002-09-27,1
6926,2,1967-05-08,0,0,M,1994-09-30,0,Unknown,10,10207,,0
6927,2,1965-07-07,0,0,C,1994-10-03,2,Unknown,10,14607,,0
6928,3,1954-06-21,2028,0,U,1994-10-04,2,Unknown,10,17907,,0
6929,2,1971-09-16,0,0,A,1994-10-04,0,Unknown,10,0,,0
6930,2,1972-07-11,0,0,A,1994-10-05,0,Unknown,10,0,,0
6931,2,1936-07-14,0,0,D,1994-10-05,0,DC,10,11907,,0
6932,4,1969-03-29,0,0,C,1994-10-05,0,Unknown,23,0,,0
6933,2,1964-06-12,0,0,A,1994-10-05,0,Unknown,23,0,,0
6934,2,1949-11-29,0,0,M,1994-10-06,2,Unknown,10,10107,,0
6935,2,1972-09-02,3000,1,M,1994-10-06,2,Unknown,10,17807,,0
6936,4,1958-03-19,0,0,C,1994-10-06,0,DV,21,0,2005-06-22,1
6937,4,1968-06-20,0,0,C,1994-10-07,0,Unknown,10,10607,,0
6938,3,1974-12-19,0,0,U,1994-10-07,0,DV,21,13507,2006-10-23,1
6939,2,1972-07-02,0,0,C,1994-10-11,0,Unknown,10,13507,,0
6940,4,1974-12-05,0,0,C,1994-10-11,2,Unknown,10,13507,,0
6941,2,1978-11-15,0,0,A,1994-10-11,0,Unknown,21,10107,,0
6942,2,1971-03-26,2000,0,M,1994-10-11,2,Unknown,10,10807,,0
6943,3,1960-02-03,916,0,G,1994-10-11,2,Unknown,10,14707,,0
6944,2,1969-05-07,2795,3,U,1994-10-11,2,Unknown,10,13807,,0
6945,2,1932-08-31,0,0,A,1994-10-12,0,Unknown,10,10107,,0
6946,4,1946-10-11,0,0,C,1994-10-12,2,Unknown,10,10907,,0
6947,3,1941-10-10,0,0,M,1994-10-12,2,Unknown,10,12807,,0
6948,4,1963-11-17,0,0,C,1994-10-12,0,Unknown,23,0,,0
6949,2,1940-12-12,0,0,M,1994-10-13,2,Unknown,10,10807,,0
6950,3,1950-07-06,0,0,A,1994-10-13,0,Unknown,10,0,,0
6951,4,1968-01-20,0,0,C,1994-10-13,0,Unknown,10,0,,0
6952,3,1942-10-12,0,0,A,1994-10-14,0,Unknown,21,0,,0
6953,4,1972-09-18,1550,0,U,1994-10-17,2,Unknown,10,13507,,0
6954,2,1959-10-30,1750,2,U,1994-10-17,2,Unknown,10,13607,,0
6955,2,1958-10-05,0,1,M,1994-10-17,0,Unknown,10,0,,0
6956,3,1956-09-02,540,2,E,1994-10-18,2,Unknown,10,15807,,0
6957,4,1970-12-13,0,0,C,1994-10-18,2,Unknown,10,16607,,0
6958,2,1970-01-23,0,0,C,1994-10-19,2,Unknown,10,14707,,0
6959,4,1970-07-07,0,0,C,1994-10-19,0,Unknown,10,0,,0
6960,3,1973-05-17,0,0,C,1994-10-20,2,Unknown,10,13507,,0
6961,3,1951-08-12,0,2,M,1994-10-20,2,Unknown,10,10107,,0
6962,2,1954-04-27,0,0,C,1994-10-20,2,Unknown,10,0,,0
6963,3,1954-07-15,0,0,M,1994-10-21,2,Unknown,10,13507,,0
6964,3,1974-03-16,1500,1,F,1994-10-21,2,Unknown,10,13507,,0
6965,4,1971-06-16,0,0,C,1994-10-21,0,Unknown,10,13507,,0
6966,3,1962-04-25,0,0,A,1994-10-21,0,Unknown,10,0,,0
6967,3,1956-06-16,1730,2,M,1994-10-24,2,Unknown,10,13907,,0
6968,2,1962-11-28,0,2,M,1994-10-24,0,DV,21,10107,2006-05-04,1
6969,2,1962-06-03,0,0,A,1994-10-25,0,Unknown,21,0,,0
6970,2,1958-11-02,0,0,A,1994-10-26,0,DC,21,13507,,0
6971,2,1967-11-15,0,0,C,1994-10-27,2,Unknown,10,10107,,0
6972,3,1959-05-25,0,0,A,1994-10-27,0,Unknown,21,0,,0
6973,2,1960-09-12,0,0,A,1994-10-27,0,Unknown,23,0,,0
6974,2,1966-01-12,1655,1,M,1994-10-28,2,Unknown,10,13507,,0
6975,2,1965-09-18,0,2,B,1994-10-28,2,Unknown,10,10107,,0
6976,2,1956-12-06,1790,3,M,1994-10-28,2,Unknown,10,12807,,0
6977,2,1947-04-22,0,0,A,1994-10-28,0,Unknown,10,0,,0
6978,3,1968-03-06,0,0,M,1994-11-02,2,Unknown,10,10107,,0
6979,2,1955-06-13,2202,2,M,1994-11-02,2,Unknown,10,10307,,0
6980,2,1964-12-21,2403,2,M,1994-11-03,2,Unknown,10,13807,,0
6981,3,1961-02-22,1826,2,E,1994-11-03,2,Unknown,10,17907,,0
6982,4,1971-02-02,0,0,C,1994-11-03,2,Unknown,10,11907,,0
6983,2,1969-08-28,2000,3,M,1994-11-07,2,Unknown,10,17807,,0
6984,2,1964-01-07,0,3,M,1994-11-07,2,Unknown,10,10107,,0
6985,4,1970-04-26,0,0,C,1994-11-08,0,Unknown,10,0,,0
6986,2,1938-05-14,0,0,A,1994-11-09,0,Unknown,10,11307,,0
6987,2,1961-08-16,0,0,A,1994-11-10,0,Unknown,10,13507,,0
6988,4,1967-04-20,0,1,C,1994-11-10,2,Unknown,10,18507,,0
6989,3,1972-04-06,0,1,C,1994-11-14,2,Unknown,10,10107,,0
6990,2,1959-06-01,0,1,S,1994-11-15,2,Unknown,10,10207,,0
6991,2,1958-01-13,0,0,A,1994-11-16,0,Unknown,21,0,,0
6992,2,1942-05-21,0,0,A,1994-11-16,0,Unknown,21,0,,0
6993,3,1971-11-02,0,0,M,1994-11-16,2,Unknown,10,17907,,0
6994,2,1962-04-05,0,0,M,1994-11-16,2,Unknown,10,14607,,0
6995,2,1957-03-04,0,0,C,1994-11-16,0,Unknown,10,10107,,0
6996,3,1945-06-11,0,0,A,1994-11-16,0,Unknown,10,0,,0
6997,2,1934-05-22,0,0,M,1994-11-17,0,Unknown,10,10107,,0
6998,2,1949-04-28,0,0,M,1994-11-17,2,Unknown,10,10107,,0
6999,4,1971-12-27,1598,0,U,1994-11-18,2,Unknown,10,13507,,0
7000,2,1969-09-17,1635,1,U,1994-11-18,2,Unknown,10,10907,,0
7001,2,1961-10-01,0,0,A,1994-11-21,0,Unknown,40,0,,0
7002,2,1967-01-06,0,0,M,1994-11-21,2,Unknown,10,10307,,0
7003,3,1955-03-28,1860,2,A,1994-11-22,0,Unknown,10,10107,,0
7004,3,1961-02-06,2283,2,D,1994-11-22,2,Unknown,10,17807,,0
7005,2,1957-06-07,2096,3,M,1994-11-22,0,Unknown,10,16607,,0
7006,4,1972-05-29,0,0,C,1994-11-23,2,Unknown,10,13507,,0
7007,2,1960-06-01,0,0,A,1994-11-23,0,Unknown,10,0,,0
7008,3,1972-04-20,0,0,M,1994-11-24,2,Unknown,10,11907,,0
7009,4,1949-09-04,0,0,C,1994-11-24,2,Unknown,10,10107,,0
7010,4,1970-09-04,0,0,C,1994-11-24,0,Unknown,10,12807,,0
7011,4,1973-06-18,0,0,C,1994-11-25,0,Unknown,10,13507,,0
7012,3,1959-07-11,0,0,D,1994-11-28,0,Unknown,10,11307,,0
7013,2,1971-11-10,1112,0,C,1994-11-28,2,Unknown,10,14607,,0
7014,3,1937-07-14,0,0,A,1994-11-28,0,Unknown,10,12807,,0
7015,3,1958-07-29,1720,0,A,1994-11-28,0,Unknown,10,0,,0
7016,3,1939-01-14,0,0,A,1994-11-28,0,Unknown,10,0,,0
7017,3,1957-02-01,0,0,M,1994-11-29,0,Unknown,21,0,,0
7018,3,1950-08-10,0,0,M,1994-11-29,2,Unknown,10,10107,,0
7019,3,1973-12-11,2805,1,M,1994-11-29,2,Unknown,10,10107,,0
7020,2,1966-07-01,0,0,A,1994-11-30,0,Unknown,10,0,,0
7021,2,1969-07-05,3000,2,M,1994-12-02,2,Unknown,10,15807,,0
7022,2,1950-11-12,0,0,M,1994-12-02,0,DC,21,10307,,0
7023,2,1963-04-02,2644,2,M,1994-12-06,2,Unknown,10,16807,,0
7024,2,1960-05-06,0,2,M,1994-12-06,2,Unknown,10,10107,,0
7025,2,1960-09-10,0,0,C,1994-12-06,2,Unknown,10,12807,,0
7026,2,1957-01-19,2250,2,M,1994-12-06,2,Unknown,10,10207,,0
7027,4,1960-03-07,1600,1,C,1994-12-07,2,Unknown,10,13507,,0
7028,3,1952-03-26,0,0,A,1994-12-08,0,Unknown,10,0,,0
7029,2,1932-12-08,0,0,A,1994-12-08,0,Unknown,10,0,,0
7030,4,1980-11-08,0,0,C,1994-12-09,2,Unknown,21,10107,,0
7031,4,1961-11-08,0,0,C,1994-12-09,2,Unknown,10,15807,,0
7032,2,1973-06-01,0,0,C,1994-12-12,2,Unknown,10,10207,,0
7033,3,1969-09-19,0,0,A,1994-12-12,0,Unknown,10,0,,0
7034,2,1989-09-11,0,0,A,1994-12-13,0,Unknown,21,10107,,0
7035,2,1955-01-19,0,0,M,1994-12-15,2,Unknown,10,18507,,0
7036,3,1952-07-12,0,0,M,1994-12-16,2,Unknown,10,16707,,0
7037,2,1946-07-14,1600,0,M,1994-12-16,2,Unknown,10,13507,,0
7038,3,1969-11-18,0,0,M,1994-12-19,0,DV,21,14607,1999-02-18,1
7039,3,1968-09-06,0,0,M,1994-12-20,2,Unknown,10,12607,,0
7040,3,1951-07-29,0,0,V,1994-12-22,2,Unknown,10,18707,,0
7041,2,1954-11-28,0,0,A,1994-12-22,0,Unknown,10,10107,,0
7042,3,1966-08-27,0,2,M,1994-12-22,2,Unknown,10,10807,,0
7043,4,1974-05-29,2050,3,C,1994-12-28,2,Unknown,10,10107,,0
7044,3,1956-06-17,0,0,A,1994-12-30,0,Unknown,21,0,,0
7045,4,1967-02-07,0,0,C,1994-12-30,0,Unknown,10,15807,,0
7046,2,1934-03-02,0,0,A,1994-12-30,0,Unknown,10,0,,0
7047,2,1953-08-02,0,0,S,1995-01-03,2,Unknown,10,10107,,0
7048,4,1965-08-31,2065,0,U,1995-01-04,2,Unknown,10,10807,,0
7049,4,1952-09-06,0,0,C,1995-01-04,2,Unknown,10,13507,,0
7050,2,1972-04-26,2381,2,M,1995-01-04,2,Unknown,10,13507,,0
7051,3,1967-03-28,1801,2,M,1995-01-05,2,Unknown,10,10107,,0
7052,2,1961-06-24,1954,2,A,1995-01-05,0,Unknown,23,0,,0
7053,2,1955-04-14,0,0,M,1995-01-06,2,Unknown,10,13507,,0
7054,3,1944-09-10,1920,0,B,1995-01-06,0,DV,21,13807,1999-09-01,1
7055,2,1967-08-27,0,0,A,1995-01-09,0,Unknown,10,16707,,0
7056,2,1967-05-20,4236,2,B,1995-01-10,2,Unknown,10,10107,,0
7057,3,1970-09-05,1830,2,M,1995-01-12,2,Unknown,10,10107,,0
7058,4,1972-07-31,0,0,C,1995-01-12,0,Unknown,10,0,,0
7059,2,1971-07-07,0,0,C,1995-01-12,2,Unknown,10,14707,,0
7060,4,1958-11-19,0,0,C,1995-01-13,0,Unknown,21,0,,0
7061,2,1959-08-03,0,0,M,1995-01-17,2,Unknown,10,17507,,0
7062,4,1971-05-13,0,0,C,1995-01-17,0,Unknown,10,17807,,0
7063,3,1939-09-19,1405,0,E,1995-01-19,0,Unknown,10,11307,,0
7064,1,,0,0,A,1995-01-23,0,Unknown,82,0,,0
7065,3,1966-09-08,0,0,C,1995-01-23,0,Unknown,10,13507,,0
7066,2,1966-06-06,0,0,A,1995-01-23,0,Unknown,10,14607,,0
7067,2,1961-09-21,1078,0,C,1995-01-23,2,Unknown,10,10307,,0
7068,3,1966-05-10,1800,3,M,1995-01-20,2,Unknown,10,10107,,0
7069,2,1942-11-06,0,0,A,1995-01-20,0,DV,21,12607,2003-09-03,1
7070,4,1970-06-06,0,0,C,1995-01-20,2,Unknown,10,15607,,0
7071,2,1974-05-04,0,0,U,1995-01-25,2,Unknown,10,10107,,0
7072,2,1972-08-25,3300,1,M,1995-01-26,2,Unknown,10,10807,,0
7073,3,1977-01-05,0,0,M,1995-01-26,2,Unknown,10,10107,,0
7074,3,1972-04-17,1570,1,M,1995-01-27,2,Unknown,10,11907,,0
7075,2,1948-06-25,0,0,A,1995-01-27,0,Unknown,10,0,,0
7076,3,1952-11-13,0,0,A,1995-01-30,0,Unknown,10,17807,,0
7077,2,1956-01-22,2422,2,M,1995-02-01,2,Unknown,10,18707,,0
7078,2,1927-08-18,0,0,A,1995-02-01,0,Unknown,23,0,,0
7079,2,1937-11-16,0,0,A,1995-02-02,0,Unknown,21,0,,0
7080,2,1950-10-22,3200,3,M,1995-02-02,2,Unknown,10,11907,,0
7081,3,1973-01-12,1372,1,M,1995-02-03,2,Unknown,10,13607,,0
7082,3,1938-12-17,2179,0,D,1995-02-03,2,Unknown,10,13807,,0
7083,3,1939-12-25,1881,0,D,1995-02-03,2,Unknown,10,10807,,0
7084,4,1962-12-31,0,0,C,1995-02-03,0,Unknown,23,0,,0
7085,2,1969-12-24,0,0,A,1995-02-03,0,Unknown,23,0,,0
7086,3,1943-10-15,1798,0,M,1995-02-06,2,Unknown,10,17607,,0
7087,2,1966-04-15,0,0,M,1995-02-06,2,Unknown,10,13507,,0
7088,2,1936-05-28,0,0,A,1995-02-06,0,Unknown,21,0,,0
7089,3,1951-11-27,0,2,M,1995-02-07,2,Unknown,10,14607,,0
7090,3,1971-12-09,2238,4,M,1995-02-09,2,Unknown,10,10107,,0
7091,4,1963-01-17,0,0,C,1995-02-10,0,Unknown,10,10107,,0
7092,2,1943-02-21,0,0,M,1995-02-13,2,Unknown,10,13807,,0
7093,3,1963-03-05,0,0,D,1995-02-13,2,Unknown,10,16707,,0
7094,3,1968-05-08,0,0,M,1995-02-15,2,Unknown,10,15707,,0
7095,4,1972-05-05,0,0,C,1995-02-15,2,Unknown,10,16807,,0
7096,2,1987-12-15,0,0,C,1995-02-16,2,Unknown,21,10907,,0
7097,3,1967-08-29,0,0,C,1995-02-16,2,Unknown,10,17907,,0
7098,3,1959-05-19,0,0,A,1995-02-17,0,Unknown,10,13907,,0
7099,3,1969-10-02,4939,0,M,1995-02-20,2,Unknown,10,16807,,0
7100,2,1945-10-09,2180,0,U,1995-02-20,0,Unknown,10,11307,,0
7101,2,1970-02-24,2439,1,U,1995-02-20,2,Unknown,10,10107,,0
7102,2,1963-08-06,0,1,U,1995-02-20,2,Unknown,10,0,,0
7103,3,1942-02-01,0,0,M,1995-02-21,2,Unknown,10,10207,,0
7104,4,1954-12-13,0,0,C,1995-02-22,0,DV,21,0,2004-09-23,1
7105,4,1962-04-22,2417,2,G,1995-02-23,2,Unknown,10,10307,,0
7106,4,1941-02-13,0,0,C,1995-02-28,0,Unknown,10,11307,,0
7107,3,1954-04-22,1967,0,M,1995-02-28,2,Unknown,10,10107,,0
7108,2,1957-08-15,0,0,A,1995-03-01,0,Unknown,21,0,,0
7109,3,1969-05-11,1829,2,M,1995-03-01,2,Unknown,10,10307,,0
7110,4,1967-07-16,0,0,C,1995-03-01,0,Unknown,23,0,,0
7111,2,1942-04-29,0,0,M,1995-03-02,2,Unknown,10,14707,,0
7112,2,1969-01-05,0,0,A,1995-03-03,0,DV,21,13607,2004-10-08,1
7113,3,1955-09-17,0,0,A,1995-03-03,0,Unknown,10,12807,,0
7114,4,1968-10-19,0,0,C,1995-03-06,0,Unknown,10,16707,,0
7115,3,1971-07-30,1725,2,B,1995-03-06,2,Unknown,10,12807,,0
7116,3,1967-02-15,0,3,M,1995-03-07,2,Unknown,10,10107,,0
7117,3,1938-10-30,1825,0,M,1995-03-09,0,Unknown,21,0,,0
7118,3,1942-10-10,1800,0,G,1995-03-09,2,Unknown,10,17907,,0
7119,3,1938-01-19,0,0,U,1995-03-13,2,Unknown,10,13807,,0
7120,2,1946-01-29,0,0,A,1995-03-17,0,Unknown,10,0,,0
7121,3,1962-08-14,0,0,C,1995-03-20,2,Unknown,10,15807,,0
7122,3,1947-12-29,0,0,A,1995-03-22,0,Unknown,21,0,,0
7123,2,1970-06-06,0,1,U,1995-03-29,2,Unknown,10,18707,,0
7124,3,1939-03-12,0,0,M,1995-03-30,2,Unknown,10,10107,,0
7125,2,1960-08-05,2134,3,M,1995-03-30,2,Unknown,10,12807,,0
7126,4,1972-06-20,0,0,C,1995-03-31,0,Unknown,10,16707,,0
7127,2,1952-07-17,0,0,M,1995-03-31,2,Unknown,10,12807,,0
7128,3,1962-10-06,0,3,M,1995-04-03,2,Unknown,10,10207,,0
7129,4,1974-11-02,0,0,C,1995-04-04,0,Unknown,10,13507,,0
7130,3,1939-04-28,0,0,A,1995-04-06,0,Unknown,10,0,,0
7131,2,1966-03-29,0,3,U,1995-04-07,2,Unknown,10,10307,,0
7132,2,1964-08-27,2100,3,A,1995-04-10,0,Unknown,21,0,,0
7133,3,1947-03-16,0,0,A,1995-04-11,0,Unknown,10,0,,0
7134,2,1950-01-23,2200,3,M,1995-04-12,2,Unknown,10,18507,,0
7135,2,1946-01-22,5023,1,M,1995-04-13,2,Unknown,10,0,,0
7136,3,1959-12-28,0,0,A,1995-04-18,0,Unknown,10,15607,,0
7137,4,1963-05-28,2362,3,U,1995-04-20,2,Unknown,10,17907,,0
7138,2,1968-10-18,1593,1,M,1995-04-21,2,Unknown,10,13507,,0
7139,3,1956-12-22,0,0,M,1995-04-24,2,Unknown,10,15807,,0
7140,3,1965-02-16,0,0,A,1995-04-24,0,Unknown,10,0,,0
7141,2,1952-05-10,2300,0,M,1995-04-25,2,Unknown,10,18507,,0
7142,3,1960-04-30,0,2,M,1995-04-26,2,Unknown,10,10107,,0
7143,2,1945-09-06,0,0,C,1995-04-26,2,Unknown,10,10207,,0
7144,2,1945-05-28,0,0,A,1995-04-26,0,Unknown,23,0,,0
7145,3,1966-01-09,1520,0,M,1995-04-27,2,Unknown,10,14607,,0
7146,4,1994-10-04,0,0,C,1995-04-27,2,Unknown,21,16707,,0
7147,2,1950-05-06,0,0,A,1995-04-27,0,Unknown,23,0,,0
7148,3,1938-01-23,0,0,A,1995-04-28,0,Unknown,10,0,,0
7149,2,1949-09-06,1202,2,M,1995-05-02,2,Unknown,10,15707,,0
7150,2,1955-05-26,0,2,M,1995-05-03,0,Unknown,10,13907,,0
7151,3,1946-05-13,0,0,C,1995-05-03,2,Unknown,10,15707,,0
7152,2,1967-12-26,0,0,C,1995-05-03,2,Unknown,10,10307,,0
7153,2,1966-08-05,4606,2,M,1995-05-04,2,Unknown,10,10107,,0
7154,3,1957-07-03,2602,0,D,1995-05-11,2,Unknown,10,18507,,0
7155,3,1946-09-19,0,0,A,1995-05-12,0,DA,21,0,2004-08-17,1
7156,3,1946-06-25,2370,0,M,1995-05-12,2,Unknown,10,16707,,0
7157,3,1947-07-05,2599,2,M,1995-05-15,0,Unknown,10,15607,,0
7158,3,1958-06-02,1800,1,S,1995-05-16,2,Unknown,10,10907,,0
7159,3,1962-10-23,1141,2,M,1995-05-16,2,Unknown,10,17907,,0
7160,2,1961-11-08,2500,3,M,1995-05-18,0,Unknown,21,0,,0
7161,2,1970-08-25,0,0,C,1995-05-19,2,Unknown,10,14607,,0
7162,3,1965-02-17,1644,2,U,1995-05-19,2,Unknown,10,12607,,0
7163,3,1959-05-10,0,0,A,1995-05-23,0,Unknown,10,15807,,0
7164,3,1969-04-06,1826,2,M,1995-05-24,2,Unknown,21,13507,,0
7165,2,1949-02-17,0,0,S,1995-05-26,0,DC,10,10107,,0
7166,2,1969-01-23,0,0,A,1995-05-30,0,Unknown,10,11307,,0
7167,2,1965-08-02,2372,2,C,1995-05-31,2,Unknown,10,11307,,0
7168,3,1945-11-06,0,0,A,1995-06-01,0,Unknown,10,0,,0
7169,4,1937-01-31,0,0,C,1995-06-02,0,Unknown,10,0,,0
7170,2,1961-01-13,0,0,A,1995-06-02,0,Unknown,23,0,,0
7171,4,1966-02-03,0,1,C,1995-06-06,2,Unknown,10,10807,,0
7172,2,1964-05-02,0,0,M,1995-06-07,2,Unknown,10,18707,,0
7173,4,1938-12-11,0,0,A,1995-06-08,0,DC,10,10307,,0
7174,3,1946-07-09,0,0,D,1995-06-09,2,Unknown,10,10307,,0
7175,3,1969-02-25,0,2,M,1995-06-12,2,Unknown,10,10307,,0
7176,3,1949-12-27,0,0,A,1995-06-12,0,DC,24,0,,0
7177,3,1951-10-03,3358,0,B,1995-06-13,2,Unknown,10,13907,,0
7178,3,1968-01-01,2250,4,B,1995-06-14,2,Unknown,10,12607,,0
7179,4,1964-06-22,3289,1,C,1995-06-14,2,Unknown,10,10307,,0
7180,3,1950-11-28,0,0,A,1995-06-14,0,Unknown,10,0,,0
7181,4,1960-02-16,0,0,C,1995-06-16,0,Unknown,10,13507,,0
7182,3,1957-09-18,2355,4,M,1995-06-19,0,Unknown,10,11307,,0
7183,2,1959-06-14,0,0,M,1995-06-19,2,Unknown,10,17807,,0
7184,3,1959-12-28,0,0,C,1995-06-19,2,Unknown,10,0,,0
7185,2,1969-10-01,0,0,M,1995-06-21,2,Unknown,10,17607,,0
7186,2,1935-03-10,0,0,M,1995-06-21,2,Unknown,10,15607,,0
7187,3,1968-01-18,0,0,M,1995-06-22,2,Unknown,10,10207,,0
7188,2,1953-03-29,0,0,M,1995-06-22,2,Unknown,10,12807,,0
7189,2,1974-03-03,1263,0,C,1995-06-23,2,Unknown,10,10307,,0
7190,4,1963-01-01,0,0,A,1995-06-28,0,DV,10,12807,1995-10-30,1
7191,2,1987-02-05,0,0,C,1995-06-28,2,Unknown,21,14707,,0
7192,2,1963-09-28,0,0,M,1995-06-29,2,Unknown,10,10807,,0
7193,3,1967-02-26,0,0,M,1995-06-30,2,Unknown,10,10107,,0
7194,3,1955-04-18,0,2,M,1995-06-30,2,Unknown,10,10207,,0
7195,3,1940-03-23,0,0,A,1995-07-03,0,Unknown,21,0,,0
7196,2,1960-01-03,1600,1,A,1995-07-04,0,Unknown,21,0,,0
7197,3,1960-11-06,0,0,A,1995-07-05,0,Unknown,21,0,,0
7198,2,1956-08-05,1060,0,U,1995-07-05,0,Unknown,10,0,,0
7199,2,1954-11-16,1372,1,M,1995-07-06,2,Unknown,10,10907,,0
7200,3,1969-08-07,0,3,M,1995-07-07,2,Unknown,10,10107,,0
7201,4,1966-04-21,0,0,C,1995-07-07,2,Unknown,10,10807,,0
7202,3,1962-05-24,0,0,M,1995-07-07,2,Unknown,10,13607,,0
7203,2,1946-12-04,0,0,A,1995-07-07,0,Unknown,10,0,,0
7204,3,1946-01-10,0,0,M,1995-07-10,0,Unknown,10,10107,,0
7205,4,1971-10-04,0,0,C,1995-07-13,0,Unknown,10,0,,0
7206,2,1949-05-18,0,0,M,1995-07-13,2,Unknown,10,16807,,0
7207,3,1960-11-30,0,0,M,1995-07-13,2,Unknown,10,10307,,0
7208,3,1960-01-01,3050,3,D,1995-07-17,2,Unknown,10,11307,,0
7209,3,1966-09-23,0,0,A,1995-07-17,0,Unknown,10,10807,,0
7210,4,1966-01-22,0,0,C,1995-07-18,0,Unknown,10,15607,,0
7211,3,1952-01-17,0,0,A,1995-07-19,0,Unknown,10,0,,0
7212,2,1967-04-24,0,0,A,1995-07-19,0,DV,21,0,2006-09-22,1
7213,2,1957-04-21,2710,0,U,1995-07-20,2,Unknown,10,15707,,0
7214,4,1965-06-20,0,0,C,1995-07-20,0,Unknown,23,0,,0
7215,3,1955-07-24,2650,2,C,1995-07-20,2,Unknown,10,16707,,0
7216,3,1971-05-14,1400,2,E,1995-07-20,2,Unknown,10,13607,,0
7217,2,1950-05-01,0,0,A,1995-07-25,0,Unknown,10,0,,0
7218,3,1962-12-21,1372,3,M,1995-07-31,2,Unknown,10,11907,,0
7219,2,1947-06-20,1410,0,G,1995-08-01,2,Unknown,10,10107,,0
7220,2,1971-06-05,0,0,C,1995-08-01,2,Unknown,10,16707,,0
7221,2,1949-08-27,0,0,D,1995-08-02,2,Unknown,10,0,,0
7222,4,1972-06-10,0,0,C,1995-08-02,2,Unknown,10,13507,,0
7223,3,1973-04-11,1803,2,M,1995-08-02,2,Unknown,10,13507,,0
7224,2,1949-07-07,2580,0,D,1995-08-04,2,Unknown,10,17807,,0
7225,3,1948-01-19,0,0,M,1995-08-08,2,Unknown,10,10107,,0
7226,3,1957-11-05,0,0,M,1995-08-08,2,Unknown,10,18507,,0
7227,3,1943-07-16,0,0,A,1995-08-09,0,Unknown,21,0,,0
7228,2,1966-04-16,2300,2,M,1995-08-10,2,Unknown,10,13507,,0
7229,3,1961-08-29,2371,4,E,1995-08-11,2,Unknown,10,10107,,0
7230,2,1967-06-28,0,0,A,1995-08-16,0,Unknown,10,13907,,0
7231,2,1959-05-23,0,0,A,1995-08-16,0,Unknown,10,0,,0
7232,3,1940-05-24,0,0,A,1995-08-16,0,Unknown,24,0,,0
7233,3,1956-09-19,0,0,A,1995-08-17,0,DV,21,10107,2004-05-19,1
7234,3,1936-07-14,0,0,A,1995-08-18,0,Unknown,24,0,,0
7235,3,1969-05-17,2355,2,D,1995-08-22,2,Unknown,10,10307,,0
7236,3,1934-04-17,2322,0,D,1995-08-23,2,Unknown,10,14607,,0
7237,2,1994-11-13,0,0,C,1995-08-24,2,Unknown,21,10107,,0
7238,4,1989-02-22,0,0,C,1995-08-24,0,Unknown,21,10107,,0
7239,3,1972-04-09,1486,1,M,1995-08-25,2,Unknown,10,16607,,0
7240,2,1952-04-10,2363,1,B,1995-08-29,2,Unknown,10,11907,,0
7241,3,1942-05-24,2000,0,M,1995-08-29,2,Unknown,10,13507,,0
7242,2,1971-06-24,0,0,A,1995-08-30,0,Unknown,23,0,,0
7243,4,1970-04-19,0,0,C,1995-08-31,0,Unknown,10,17807,,0
7244,4,1967-06-16,0,0,C,1995-09-01,2,Unknown,10,10107,,0
7245,2,1969-05-19,0,1,M,1995-09-04,2,Unknown,10,18707,,0
7246,2,1969-11-18,0,1,U,1995-09-05,2,Unknown,10,10107,,0
7247,2,1964-01-05,0,0,C,1995-09-06,2,Unknown,10,16707,,0
7248,2,1947-06-28,0,0,M,1995-09-08,2,Unknown,10,10607,,0
7249,2,1968-03-10,0,0,A,1995-09-08,0,Unknown,10,13507,,0
7250,4,1967-06-25,1502,1,U,1995-09-11,0,Unknown,10,10107,,0
7251,3,1962-02-26,2000,2,E,1995-09-11,2,Unknown,10,10207,,0
7252,4,1969-07-24,1831,0,C,1995-09-11,0,Unknown,10,0,,0
7253,4,1970-03-04,1687,0,U,1995-09-12,2,Unknown,10,18707,,0
7254,2,1972-05-25,0,0,A,1995-09-12,0,Unknown,23,0,,0
7255,2,1964-10-14,0,0,M,1995-09-13,2,Unknown,10,16707,,0
7256,3,1967-08-05,0,0,A,1995-09-13,0,DV,21,17907,1998-03-30,1
7257,3,1969-02-20,1217,2,M,1995-09-13,0,Unknown,10,0,,0
7258,2,1969-08-07,1810,1,M,1995-09-14,2,Unknown,10,16707,,0
7259,2,1977-11-30,0,0,A,1995-09-14,0,Unknown,21,10107,,0
7260,2,1937-05-16,0,0,A,1995-09-15,0,Unknown,21,0,,0
7261,2,1966-05-30,0,0,C,1995-09-18,2,Unknown,10,17907,,0
7262,3,1968-04-06,0,0,M,1995-09-20,2,Unknown,10,14707,,0
7263,3,1963-07-15,0,0,A,1995-09-20,2,Unknown,10,17807,,0
7264,2,1958-04-28,0,0,M,1995-09-21,2,Unknown,10,10307,,0
7265,2,1965-01-11,0,0,A,1995-09-21,0,Unknown,10,10507,,0
7266,3,1945-03-25,0,0,A,1995-09-21,0,DV,21,13507,2002-03-25,1
7267,2,1974-12-27,0,0,A,1995-09-21,0,Unknown,10,13507,,0
7268,3,1969-10-29,2331,2,E,1995-09-22,2,Unknown,10,14607,,0
7269,3,1961-04-28,2071,2,M,1995-09-22,2,Unknown,10,10107,,0
7270,4,1972-12-09,0,1,U,1995-09-22,2,Unknown,10,17807,,0
7271,2,1972-05-06,0,0,A,1995-09-25,0,Unknown,23,0,,0
7272,2,1965-04-27,0,0,A,1995-09-26,0,Unknown,10,13907,,0
7273,2,1971-09-29,0,0,C,1995-09-26,2,Unknown,10,13507,,0
7274,3,1970-07-14,2010,2,M,1995-09-27,2,Unknown,10,10107,,0
7275,2,1954-11-19,0,0,M,1995-09-27,2,Unknown,10,16807,,0
7276,3,1967-09-13,0,0,M,1995-09-27,2,Unknown,10,15607,,0
7277,3,1967-10-03,0,0,U,1995-09-27,0,DV,21,10907,2006-09-12,1
7278,3,1970-02-15,1713,0,G,1995-09-29,2,Unknown,10,11907,,0
7279,2,1936-03-08,0,0,A,1995-09-29,0,Unknown,21,0,,0
7280,2,1971-05-25,1544,1,B,1995-10-02,2,Unknown,10,13807,,0
7281,2,1971-07-08,0,0,A,1995-10-02,0,Unknown,10,13507,,0
7282,2,1957-03-20,0,0,A,1995-10-02,0,Unknown,10,0,,0
7283,2,1948-08-22,0,0,A,1995-10-03,0,Unknown,21,0,,0
7284,3,1961-04-24,0,0,A,1995-10-03,0,DV,21,10307,2004-02-12,1
7285,2,1968-05-04,2463,0,C,1995-10-04,2,Unknown,10,10107,,0
7286,3,1968-11-11,0,0,A,1995-10-04,0,DV,21,16707,2001-04-02,1
7287,2,1968-11-07,0,0,S,1995-10-04,2,Unknown,10,10907,,0
7288,3,1956-08-23,0,0,A,1995-10-04,0,Unknown,10,17807,,0
7289,2,1957-01-12,0,0,M,1995-10-05,2,Unknown,10,14707,,0
7290,3,1930-08-03,0,0,M,1995-10-06,2,Unknown,10,16707,,0
7291,3,1962-04-11,0,1,D,1995-10-06,2,Unknown,10,10207,,0
7292,2,1958-08-20,1753,3,D,1995-10-09,2,Unknown,10,0,,0
7293,4,1975-05-18,0,0,C,1995-10-09,0,Unknown,10,13507,,0
7294,2,1954-06-30,3309,2,M,1995-10-11,0,Unknown,10,0,,0
7295,2,1963-04-11,0,1,M,1995-10-11,2,Unknown,10,13807,,0
7296,3,1969-09-18,0,0,M,1995-10-11,2,Unknown,10,13607,,0
7297,2,1968-07-04,1715,2,U,1995-10-12,0,Unknown,10,0,,0
7298,4,1971-05-13,0,1,C,1995-10-13,2,Unknown,10,14607,,0
7299,3,1971-05-08,0,0,A,1995-10-16,0,Unknown,10,14607,,0
7300,2,1961-01-01,0,0,A,1995-10-17,0,Unknown,21,0,,0
7301,2,1947-02-06,0,0,A,1995-10-17,0,Unknown,10,0,,0
7302,2,1938-04-18,2400,0,M,1995-10-17,0,Unknown,10,0,,0
7303,3,1966-01-22,0,0,C,1995-10-17,0,Unknown,10,0,,0
7304,3,1956-11-20,0,0,D,1995-10-19,2,Unknown,10,0,,0
7305,3,1955-11-10,0,0,U,1995-10-19,0,DV,21,16707,2006-08-11,1
7306,3,1971-02-09,1539,1,M,1995-10-19,2,Unknown,10,10107,,0
7307,2,1951-03-31,3831,0,A,1995-10-20,0,Unknown,10,11307,,0
7308,3,1937-03-11,0,0,V,1995-10-20,2,Unknown,10,12807,,0
7309,2,1973-06-13,0,1,C,1995-10-20,2,Unknown,10,13607,,0
7310,3,1964-11-12,0,0,M,1995-10-20,2,Unknown,10,17907,,0
7311,3,1972-06-06,0,0,M,1995-10-23,2,Unknown,10,10107,,0
7312,3,1975-08-02,0,0,M,1995-10-23,2,Unknown,10,13507,,0
7313,3,1941-01-09,0,0,A,1995-10-23,0,Unknown,10,0,,0
7314,2,1962-12-07,0,0,C,1995-10-26,2,Unknown,10,0,,0
7315,3,1947-05-27,0,0,A,1995-10-26,0,DC,21,0,,0
7316,4,1962-02-15,0,0,C,1995-10-26,0,Unknown,10,0,,0
7317,3,1965-02-17,0,0,M,1995-10-27,2,Unknown,10,11907,,0
7318,2,1957-01-09,0,0,M,1995-10-27,2,Unknown,10,17907,,0
7319,2,1971-02-22,0,0,C,1995-10-27,2,Unknown,10,17907,,0
7320,3,1946-09-23,1905,4,M,1995-10-30,2,Unknown,10,10607,,0
7321,3,1974-08-09,0,0,M,1995-10-30,2,Unknown,10,10307,,0
7322,3,1953-10-09,0,0,A,1995-10-31,0,Unknown,10,0,,0
7323,3,1952-11-23,0,0,A,1995-10-31,0,Unknown,10,10107,,0
7324,4,1969-03-05,0,0,C,1995-10-31,2,Unknown,10,16607,,0
7325,3,1971-07-31,0,0,S,1995-10-31,0,DV,21,14707,2005-01-05,1
7326,2,1965-06-16,2110,2,M,1995-11-02,2,Unknown,10,11907,,0
7327,2,1971-12-22,1924,0,U,1995-11-06,2,Unknown,10,10107,,0
7328,3,1951-04-17,2000,1,M,1995-11-07,2,Unknown,10,0,,0
7329,4,1972-12-16,1900,1,U,1995-11-08,2,Unknown,10,13507,,0
7330,2,1959-02-18,0,0,A,1995-11-09,0,Unknown,10,10107,,0
7331,3,1954-02-16,0,0,M,1995-11-10,0,DA,21,0,2000-04-07,1
7332,2,1949-05-28,0,0,A,1995-11-10,0,Unknown,10,0,,0
7333,2,1927-06-18,2081,0,M,1995-11-15,2,Unknown,10,18707,,0
7334,3,1968-06-30,1408,2,M,1995-11-15,2,Unknown,10,10107,,0
7335,4,1961-10-30,2000,0,C,1995-11-15,2,Unknown,10,10107,,0
7336,2,1966-04-03,2134,2,F,1995-11-15,0,Unknown,10,17807,,0
7337,3,1952-01-08,2593,1,D,1995-11-15,2,Unknown,10,12779,,0
7338,2,1958-06-19,3753,3,M,1995-11-15,2,Unknown,10,25679,,0
7339,3,1957-12-08,0,0,A,1995-11-16,0,DA,23,0,2004-07-27,1
7340,2,1968-12-06,0,2,U,1995-11-17,2,Unknown,10,10107,,0
7341,3,1965-05-04,0,0,M,1995-11-20,2,Unknown,10,14707,,0
7342,4,1970-09-01,0,0,C,1995-11-20,0,Unknown,10,17907,,0
7343,3,1972-02-25,3110,3,M,1995-11-20,2,Unknown,10,11307,,0
7344,4,1969-08-22,0,0,C,1995-11-21,2,Unknown,10,13507,,0
7345,3,1966-09-18,2034,2,E,1995-11-22,2,Unknown,10,10307,,0
7346,3,1968-10-12,1950,2,G,1995-11-23,2,Unknown,10,16707,,0
7347,4,1946-09-14,2181,0,U,1995-11-23,2,Unknown,10,25679,,0
7348,3,1960-01-30,0,1,M,1995-11-24,2,Unknown,10,10207,,0
7349,3,1972-05-17,0,0,U,1995-11-27,2,Unknown,10,13907,,0
7350,2,1962-01-10,0,0,M,1995-11-29,2,Unknown,10,10907,,0
7351,2,1965-02-12,2439,3,U,1995-11-30,2,Unknown,10,10607,,0
7352,2,1965-01-22,0,0,A,1995-11-30,0,DA,21,0,1998-07-07,1
7353,3,1939-07-27,0,0,A,1995-12-01,0,Unknown,21,0,,0
7354,4,1990-12-30,0,0,C,1995-12-01,2,Unknown,21,10107,,0
7355,4,1978-05-28,0,0,C,1995-12-01,2,Unknown,21,17907,,0
7356,2,1959-12-10,0,0,D,1995-12-04,2,Unknown,10,10807,,0
7357,4,1972-11-08,0,0,C,1995-12-04,2,Unknown,10,10807,,0
7358,2,1969-02-19,1860,2,M,1995-12-04,2,Unknown,10,13507,,0
7359,4,1970-05-01,0,0,C,1995-12-05,2,Unknown,10,10107,,0
7360,2,1971-11-12,0,0,A,1995-12-05,0,Unknown,10,0,,0
7361,3,1973-01-03,0,0,M,1995-12-08,2,Unknown,10,10107,,0
7362,2,1957-08-17,1082,1,M,1995-12-08,2,Unknown,10,10107,,0
7363,2,1959-06-05,2300,2,U,1995-12-08,2,Unknown,10,13507,,0
7364,2,1956-06-18,0,0,D,1995-12-08,2,Unknown,10,17807,,0
7365,2,1966-07-01,0,0,A,1995-12-08,0,RA,23,0,1999-03-05,1
7366,2,1947-03-17,0,0,A,1995-12-08,0,Unknown,10,0,,0
7367,2,1945-11-07,0,0,S,1995-12-11,2,Unknown,10,18707,,0
7368,3,1961-10-25,1830,1,M,1995-12-12,2,Unknown,10,10107,,0
7369,2,1944-08-28,3500,0,U,1995-12-12,2,Unknown,10,10107,,0
7370,3,1966-10-30,2998,2,M,1995-12-12,2,Unknown,10,10807,,0
7371,3,1963-09-26,0,0,M,1995-12-12,2,Unknown,10,10207,,0
7372,2,1936-01-06,0,0,A,1995-12-14,0,Unknown,10,0,,0
7373,2,1951-05-22,0,1,M,1995-12-15,2,Unknown,10,12807,,0
7374,3,1949-04-04,1941,0,M,1995-12-15,0,Unknown,10,0,,0
7375,2,1971-08-29,0,0,A,1995-12-18,0,Unknown,21,0,,0
7376,2,1966-07-10,2869,2,M,1995-12-18,2,Unknown,10,12779,,0
7377,2,1972-01-05,0,0,C,1995-12-18,2,Unknown,10,0,,0
7378,3,1950-06-15,0,0,A,1995-12-18,0,Unknown,24,0,,0
7379,3,1966-01-19,0,0,A,1995-12-19,0,Unknown,10,11607,,0
7380,3,1953-12-31,0,0,M,1995-12-19,2,Unknown,10,18507,,0
7381,4,1969-02-02,1775,0,C,1995-12-20,2,Unknown,10,11307,,0
7382,3,1966-06-03,0,2,M,1995-12-21,2,Unknown,10,10107,,0
7383,3,1962-06-16,0,0,M,1995-12-21,2,Unknown,10,18507,,0
7384,4,1957-02-23,0,0,C,1995-12-22,2,Unknown,10,25679,,0
7385,3,1961-11-15,0,3,M,1995-12-26,2,Unknown,10,10307,,0
7386,2,1957-01-10,0,0,D,1995-12-26,2,Unknown,10,10107,,0
7387,2,1930-07-26,0,0,M,1995-12-26,2,Unknown,10,10107,,0
7388,2,1942-03-30,0,0,M,1995-12-26,2,Unknown,10,10107,,0
7389,2,1953-02-08,0,0,D,1995-12-26,2,Unknown,10,0,,0
7390,2,1979-10-28,0,0,C,1995-12-28,2,Unknown,21,10107,,0
7391,3,1942-11-13,0,0,M,1995-12-28,2,Unknown,10,17807,,0
7392,3,1967-10-19,0,0,A,1995-12-28,0,Unknown,10,0,,0
7393,2,1956-03-26,1281,2,B,1996-01-02,2,Unknown,10,10107,,0
7394,3,1969-05-20,1888,2,M,1996-01-03,2,Unknown,10,10807,,0
7395,2,1953-06-18,0,0,A,1996-01-03,0,Unknown,10,0,,0
7396,3,1949-07-04,0,0,A,1996-01-04,0,Unknown,24,0,,0
7397,2,1971-03-31,0,0,M,1996-01-05,2,Unknown,10,11907,,0
7398,3,1961-06-23,0,0,M,1996-01-08,0,Unknown,10,13807,,0
7399,2,1963-12-22,2400,0,C,1996-01-08,2,Unknown,10,17907,,0
7400,2,1943-09-17,0,0,A,1996-01-09,2,DA,21,14707,2002-07-09,1
7401,3,1943-12-03,0,0,A,1996-01-09,0,Unknown,24,0,,0
7402,3,1973-03-15,2048,2,G,1996-01-11,2,Unknown,10,14707,,0
7403,2,1971-03-27,2200,2,M,1996-01-12,2,Unknown,10,10107,,0
7404,2,1972-11-30,0,0,C,1996-01-12,2,Unknown,10,13507,,0
7405,4,1970-01-29,1692,1,C,1996-01-12,0,Unknown,10,0,,0
7406,3,1952-05-06,0,0,A,1996-01-12,0,Unknown,10,0,,0
7407,3,1948-07-13,0,0,M,1996-01-16,2,Unknown,10,14707,,0
7408,2,1964-03-17,2254,1,E,1996-01-16,2,Unknown,10,17907,,0
7409,2,1935-10-29,0,0,M,1996-01-17,2,Unknown,21,15607,,0
7410,4,1966-09-02,0,3,U,1996-01-18,2,Unknown,10,10107,,0
7411,4,1963-12-02,0,0,C,1996-01-18,2,Unknown,10,10107,,0
7412,3,1954-01-26,0,0,D,1996-01-19,2,Unknown,10,10107,,0
7413,2,1995-10-21,0,0,C,1996-01-22,2,Unknown,21,10107,,0
7414,2,1956-02-05,1500,2,M,1996-01-23,2,Unknown,10,12607,,0
7415,2,1970-04-08,0,0,A,1996-01-25,0,Unknown,10,10307,,0
7416,2,1940-12-03,2472,0,M,1996-01-25,0,Unknown,10,11307,,0
7417,2,1940-11-21,0,0,A,1996-01-29,0,Unknown,10,10107,,0
7418,2,1970-01-13,1539,0,U,1996-01-29,2,Unknown,10,13507,,0
7419,4,1953-09-28,0,0,C,1996-01-30,2,Unknown,10,10107,,0
7420,2,1966-09-25,0,0,M,1996-01-30,2,Unknown,10,10307,,0
7421,2,1948-01-01,0,0,A,1996-02-01,0,Unknown,10,10107,,0
7422,4,1970-06-02,2103,2,C,1996-02-01,2,Unknown,10,10107,,0
7423,3,1957-05-17,0,0,A,1996-02-01,0,Unknown,10,10207,,0
7424,4,1964-09-26,0,0,C,1996-02-05,0,Unknown,10,0,,0
7425,2,1967-01-13,0,2,M,1996-02-05,2,Unknown,10,10107,,0
7426,3,1963-12-03,495,3,M,1996-02-06,2,Unknown,10,11907,,0
7427,2,1958-12-27,0,0,A,1996-02-06,0,Unknown,10,10107,,0
7428,3,1958-12-24,2319,2,M,1996-02-06,2,Unknown,10,17907,,0
7429,4,1972-10-20,0,0,C,1996-02-06,0,Unknown,10,0,,0
7430,3,1960-06-04,0,0,A,1996-02-07,0,DV,10,14707,1998-09-10,1
7431,2,1948-08-21,2769,2,E,1996-02-07,2,Unknown,10,13807,,0
7432,3,1974-09-23,2302,1,M,1996-02-07,2,Unknown,10,17907,,0
7433,4,1983-11-10,0,0,C,1996-02-08,2,Unknown,21,10107,,0
7434,2,1961-04-22,0,2,M,1996-02-08,2,Unknown,10,12607,,0
7435,3,1944-07-17,1308,0,B,1996-02-09,0,Unknown,10,10107,,0
7436,2,1969-02-07,1715,2,M,1996-02-12,2,Unknown,10,10107,,0
7437,3,1948-04-14,0,0,D,1996-02-12,2,Unknown,10,10107,,0
7438,2,1961-05-31,0,0,M,1996-02-13,2,Unknown,10,17907,,0
7439,3,1926-05-22,0,0,A,1996-02-13,0,Unknown,10,0,,0
7440,2,1949-12-17,2546,2,A,1996-02-14,0,Unknown,21,0,,0
7441,2,1955-08-07,1620,0,U,1996-02-15,2,Unknown,10,16707,,0
7442,2,1979-02-05,0,0,C,1996-02-15,2,Unknown,21,10107,,0
7443,2,1968-09-05,0,1,M,1996-02-15,2,Unknown,10,10107,,0
7444,2,1965-01-05,3600,3,M,1996-02-15,2,Unknown,10,13507,,0
7445,2,1943-09-03,0,0,A,1996-02-15,0,Unknown,10,0,,0
7446,2,1967-06-23,2253,2,E,1996-02-16,2,Unknown,10,12779,,0
7447,2,1961-02-27,0,0,A,1996-02-16,2,DA,23,0,2001-12-19,1
7448,2,1959-06-22,0,1,M,1996-02-19,2,Unknown,10,17507,,0
7449,2,1961-05-18,2160,3,M,1996-02-20,2,Unknown,10,17907,,0
7450,3,1964-04-22,0,0,M,1996-02-23,2,Unknown,10,13907,,0
7451,3,1947-02-13,0,0,M,1996-02-23,2,Unknown,10,14607,,0
7452,2,1960-11-18,0,3,M,1996-02-26,2,Unknown,10,17507,,0
7453,2,1947-09-29,0,0,A,1996-02-27,0,Unknown,21,12807,,0
7454,4,1971-06-07,0,0,C,1996-02-29,0,Unknown,10,0,,0
7455,3,1947-03-25,0,0,A,1996-02-29,0,Unknown,10,13507,,0
7456,4,1968-11-01,2011,2,P,1996-02-29,2,Unknown,10,10107,,0
7457,2,1962-09-24,1205,1,M,1996-02-29,2,Unknown,10,13607,,0
7458,2,1964-10-27,2900,3,M,1996-02-29,2,Unknown,10,10107,,0
7459,2,1954-02-22,2328,1,M,1996-03-01,2,Unknown,10,15607,,0
7460,3,1967-11-28,0,2,M,1996-03-01,2,Unknown,10,10207,,0
7461,3,1955-09-11,0,0,A,1996-03-01,0,Unknown,10,0,,0
7462,3,1943-01-22,0,0,M,1996-03-04,2,Unknown,10,18507,,0
7463,3,1961-10-05,0,0,A,1996-03-06,0,Unknown,23,0,,0
7464,3,1950-02-22,0,0,G,1996-03-07,2,Unknown,10,16807,,0
7465,2,1959-01-02,0,0,C,1996-03-07,2,Unknown,10,10307,,0
7466,3,1961-11-19,0,0,M,1996-03-08,2,Unknown,10,11907,,0
7467,4,1965-01-25,0,0,C,1996-03-08,0,Unknown,10,15807,,0
7468,2,1952-08-20,0,0,A,1996-03-08,0,Unknown,10,0,,0
7469,3,1942-09-29,1850,0,V,1996-03-11,2,Unknown,10,12807,,0
7470,2,1970-06-22,0,0,A,1996-03-11,0,Unknown,10,0,,0
7471,3,1973-11-15,2000,3,M,1996-03-12,2,Unknown,10,18707,,0
7472,2,1950-04-08,0,0,A,1996-03-13,0,DC,21,0,,0
7473,2,1953-01-09,0,0,A,1996-03-14,0,Unknown,23,0,,0
7474,2,1967-05-11,0,0,M,1996-03-14,2,Unknown,10,17507,,0
7475,2,1951-06-05,0,0,M,1996-03-14,2,Unknown,10,10107,,0
7476,3,1970-11-10,1868,2,M,1996-03-14,2,Unknown,10,17907,,0
7477,2,1954-07-09,0,0,A,1996-03-15,0,DV,21,0,2006-08-24,1
7478,3,1961-05-20,2100,0,M,1996-03-15,2,Unknown,10,10207,,0
7479,3,1958-03-29,0,0,M,1996-03-18,2,Unknown,10,17507,,0
7480,4,1947-03-01,0,0,C,1996-03-18,2,Unknown,10,16707,,0
7481,2,1949-11-26,0,0,M,1996-03-18,2,Unknown,10,10107,,0
7482,3,1967-01-03,0,2,M,1996-03-18,0,Unknown,10,16607,,0
7483,2,1957-09-12,2540,0,D,1996-03-18,2,Unknown,10,13507,,0
7484,2,1947-11-15,0,0,A,1996-03-19,0,Unknown,10,14607,,0
7485,2,1957-08-17,0,3,M,1996-03-19,2,Unknown,10,12607,,0
7486,2,1966-02-08,0,0,A,1996-03-19,0,Unknown,23,0,,0
7487,3,1958-03-24,0,0,D,1996-03-21,2,Unknown,10,11907,,0
7488,3,1941-09-24,0,0,A,1996-03-21,0,Unknown,10,14707,,0
7489,3,1954-06-05,0,0,A,1996-03-21,0,DV,21,17807,2003-08-01,1
7490,3,1968-06-18,0,0,M,1996-03-22,2,Unknown,10,13507,,0
7491,2,1957-09-21,0,0,A,1996-03-26,0,Unknown,10,10107,,0
7492,3,1960-11-22,3378,2,D,1996-03-26,2,Unknown,10,10107,,0
7493,2,1944-10-27,5224,2,E,1996-03-26,2,Unknown,10,15607,,0
7494,3,1967-08-11,1724,1,M,1996-03-27,2,Unknown,10,10107,,0
7495,3,1970-01-08,0,2,M,1996-03-27,2,Unknown,10,17807,,0
7496,3,1957-06-08,0,2,M,1996-03-28,0,Unknown,10,17807,,0
7497,2,1962-02-02,1783,2,M,1996-03-29,2,Unknown,10,10107,,0
7498,3,1956-11-02,0,0,M,1996-03-29,2,Unknown,10,10107,,0
7499,4,1991-07-20,0,0,C,1996-03-29,0,Unknown,21,10107,,0
7500,3,1955-08-29,0,0,A,1996-04-02,0,Unknown,10,25679,,0
7501,3,1944-09-29,2238,0,D,1996-04-02,2,Unknown,10,10907,,0
7502,2,1965-03-01,0,1,U,1996-04-03,0,Unknown,10,10207,,0
7503,2,1963-05-22,0,0,U,1996-04-04,2,Unknown,10,10207,,0
7504,2,1963-06-16,0,0,A,1996-04-04,0,Unknown,10,10907,,0
7505,4,1947-04-24,0,0,C,1996-04-05,2,Unknown,10,15807,,0
7506,3,1937-03-12,0,0,A,1996-04-10,0,Unknown,21,0,,0
7507,2,1957-03-19,0,0,A,1996-04-10,0,DC,10,16707,,0
7508,3,1972-04-02,1750,2,B,1996-04-11,2,Unknown,10,13807,,0
7509,3,1966-12-28,0,1,D,1996-04-11,2,Unknown,10,18707,,0
7510,3,1963-07-08,1781,2,E,1996-04-12,2,Unknown,10,11607,,0
7511,3,1974-03-10,0,0,M,1996-04-12,2,Unknown,10,17907,,0
7512,2,1969-08-16,0,0,A,1996-04-18,0,Unknown,10,12607,,0
7513,2,1946-12-11,0,0,M,1996-04-18,2,Unknown,10,15607,,0
7514,2,1950-06-06,0,0,A,1996-04-18,0,Unknown,10,0,,0
7515,4,1957-03-27,0,0,C,1996-04-19,0,Unknown,10,0,,0
7516,2,1963-08-18,1740,0,C,1996-04-22,2,Unknown,10,10307,,0
7517,2,1965-05-31,1509,2,M,1996-04-23,2,Unknown,10,17907,,0
7518,4,1970-05-20,0,3,U,1996-04-24,2,Unknown,10,13907,,0
7519,3,1946-05-11,0,0,M,1996-04-25,2,Unknown,10,12607,,0
7520,3,1957-03-15,0,0,M,1996-04-25,2,Unknown,10,12607,,0
7521,3,1954-07-31,2451,1,M,1996-04-26,0,Unknown,21,0,,0
7522,3,1966-09-22,0,0,M,1996-04-26,0,Unknown,10,10107,,0
7523,4,1948-08-01,0,0,C,1996-04-30,0,Unknown,10,10107,,0
7524,2,1958-04-06,0,0,A,1996-05-02,0,Unknown,10,0,,0
7525,2,1949-03-23,1413,1,M,1996-05-03,2,Unknown,10,15607,,0
7526,4,1968-06-07,1167,2,P,1996-05-06,2,Unknown,10,16707,,0
7527,2,1968-09-19,0,0,U,1996-05-06,2,Unknown,10,13507,,0
7528,2,1974-11-28,0,0,A,1996-05-06,0,Unknown,23,0,,0
7529,4,1967-07-07,0,0,C,1996-05-13,0,Unknown,23,0,,0
7530,2,1953-02-13,5921,2,M,1996-05-13,2,Unknown,10,14707,,0
7531,3,1952-10-23,3330,0,D,1996-05-14,0,Unknown,10,0,,0
7532,2,1963-05-09,2659,3,M,1996-05-15,2,Unknown,10,11307,,0
7533,3,1964-09-18,2400,2,M,1996-05-15,2,Unknown,10,16807,,0
7534,4,1937-04-07,0,0,C,1996-05-21,0,Unknown,10,0,,0
7535,3,1959-09-30,0,0,A,1996-05-22,0,RA,10,10107,1996-08-12,1
7536,2,1960-07-02,1051,3,M,1996-05-23,2,Unknown,10,12807,,0
7537,3,1946-02-14,0,0,A,1996-05-23,0,Unknown,10,0,,0
7538,3,1968-11-21,0,1,M,1996-05-23,2,Unknown,10,10107,,0
7539,3,1957-04-11,3300,4,M,1996-05-23,0,DV,21,14707,2006-11-14,1
7540,2,1964-10-23,0,0,M,1996-05-28,2,Unknown,10,18507,,0
7541,2,1944-07-24,6013,0,A,1996-05-29,0,Unknown,10,0,,0
7542,2,1951-09-14,0,0,A,1996-05-30,0,Unknown,10,10207,,0
7543,2,1949-02-23,0,2,M,1996-05-30,2,Unknown,10,15807,,0
7544,3,1973-06-27,0,0,A,1996-05-31,2,Unknown,10,10107,,0
7545,3,1966-03-05,0,0,M,1996-05-31,2,Unknown,10,15807,,0
7546,3,1948-05-31,2017,0,D,1996-05-31,2,Unknown,10,15807,,0
7547,2,1964-07-22,0,0,A,1996-06-03,0,Unknown,10,10107,,0
7548,2,1966-06-03,2217,2,M,1996-06-03,2,Unknown,10,10207,,0
7549,2,1956-04-07,1547,0,C,1996-06-04,2,Unknown,10,11907,,0
7550,2,1963-05-14,4000,2,U,1996-06-04,2,Unknown,10,10107,,0
7551,3,1971-10-02,0,0,M,1996-06-04,2,Unknown,10,17907,,0
7552,3,1963-07-06,0,2,M,1996-06-05,2,Unknown,10,10107,,0
7553,3,1955-08-18,0,0,A,1996-06-05,0,Unknown,10,13507,,0
7554,3,1961-07-10,1807,2,D,1996-06-05,2,Unknown,10,15807,,0
7555,3,1936-12-20,1450,0,M,1996-06-07,2,Unknown,10,13807,,0
7556,3,1949-05-20,0,0,D,1996-06-11,0,DV,21,10907,2005-10-10,1
7557,3,1966-01-07,1021,1,A,1996-06-13,0,Unknown,10,13507,,0
7558,3,1939-02-04,0,0,A,1996-06-13,0,Unknown,10,15807,,0
7559,3,1967-03-10,0,0,A,1996-06-14,0,Unknown,10,13907,,0
7560,3,1944-01-02,0,0,A,1996-06-14,0,Unknown,10,0,,0
7561,3,1955-06-08,1477,3,M,1996-06-17,0,Unknown,10,11907,,0
7562,2,1951-09-08,0,0,A,1996-06-17,0,Unknown,10,0,,0
7563,2,1964-03-14,0,0,A,1996-06-18,2,Unknown,10,10107,,0
7564,3,1962-05-03,731,2,G,1996-06-18,2,Unknown,10,13507,,0
7565,2,1933-04-09,0,0,A,1996-06-18,0,Unknown,10,0,,0
7566,4,1983-09-14,0,0,C,1996-06-20,2,Unknown,21,10107,,0
7567,2,1950-01-17,0,0,A,1996-06-24,0,Unknown,21,0,,0
7568,3,1947-09-28,0,0,A,1996-06-24,2,DA,21,0,1996-09-19,1
7569,3,1953-12-23,3238,3,M,1996-06-24,2,Unknown,10,14607,,0
7570,3,1965-10-29,0,2,M,1996-06-25,0,Unknown,10,10107,,0
7571,3,1953-03-21,1152,0,D,1996-06-26,2,Unknown,10,16707,,0
7572,2,1954-08-22,1400,1,U,1996-06-26,2,Unknown,10,16707,,0
7573,2,1995-10-24,0,0,C,1996-06-26,2,Unknown,21,10107,,0
7574,2,1944-05-27,1875,2,M,1996-06-26,2,Unknown,10,10207,,0
7575,4,1970-07-17,1343,0,C,1996-06-27,2,Unknown,10,10107,,0
7576,3,1965-03-23,2332,2,M,1996-06-27,2,Unknown,10,13607,,0
7577,3,1971-07-02,2031,2,D,1996-07-02,2,Unknown,10,10107,,0
7578,1,,0,0,A,1996-07-03,0,Unknown,82,0,,0
7579,2,1949-04-28,0,3,M,1996-07-03,2,Unknown,10,10107,,0
7580,3,1969-11-15,0,0,A,1996-07-04,0,Unknown,23,0,,0
7581,2,1971-03-19,2000,2,U,1996-07-05,2,Unknown,10,13807,,0
7582,2,1949-07-09,0,0,A,1996-07-05,0,Unknown,10,0,,0
7583,3,1968-03-01,2500,3,M,1996-07-08,2,Unknown,10,16707,,0
7584,2,1949-09-01,2600,1,D,1996-07-08,2,DC,10,17907,,0
7585,2,1964-08-26,0,0,M,1996-07-09,2,Unknown,10,14707,,0
7586,2,1962-08-19,2088,0,M,1996-07-10,0,DV,21,13907,2007-02-01,1
7587,3,1952-03-01,2051,2,D,1996-07-10,2,Unknown,10,10807,,0
7588,2,1962-04-22,0,1,M,1996-07-12,2,Unknown,10,25679,,0
7589,2,1979-11-24,0,0,A,1996-07-15,2,DA,21,0,1996-10-14,1
7590,2,1966-10-29,1676,0,M,1996-07-15,2,Unknown,10,11907,,0
7591,2,1958-09-10,0,0,M,1996-07-15,2,Unknown,10,10107,,0
7592,3,1972-12-14,3177,3,S,1996-07-16,2,Unknown,10,13507,,0
7593,2,1943-11-13,0,0,M,1996-07-18,0,Unknown,10,0,,0
7594,2,1967-02-02,2589,2,B,1996-07-18,2,Unknown,10,11307,,0
7595,2,1970-10-07,1597,2,M,1996-07-19,2,Unknown,10,10107,,0
7596,3,1963-06-11,9909,1,M,1996-07-19,2,Unknown,10,10107,,0
7597,3,1956-07-21,2223,2,M,1996-07-19,2,Unknown,10,10207,,0
7598,3,1947-11-11,0,0,B,1996-07-19,2,Unknown,10,17807,,0
7599,2,1964-10-04,0,0,A,1996-07-19,0,DV,21,0,2006-09-06,1
7600,3,1929-06-16,0,0,A,1996-07-19,0,Unknown,24,0,,0
7601,2,1930-08-07,0,0,M,1996-07-22,2,Unknown,10,0,,0
7602,2,1953-01-14,2529,3,M,1996-07-25,2,Unknown,10,12779,,0
7603,3,1974-07-02,1648,0,U,1996-07-25,2,Unknown,10,12807,,0
7604,3,1939-02-01,0,0,M,1996-07-25,2,Unknown,10,14707,,0
7605,2,1968-10-22,0,0,A,1996-07-26,0,Unknown,23,0,,0
7606,4,1960-05-20,0,0,C,1996-07-29,2,Unknown,10,18707,,0
7607,3,1973-07-31,0,0,M,1996-07-29,2,Unknown,10,13507,,0
7608,2,1972-10-21,0,1,M,1996-07-30,2,Unknown,10,12779,,0
7609,2,1958-01-16,1640,1,M,1996-08-01,2,Unknown,10,0,,0
7610,4,1973-02-01,1600,1,U,1996-08-02,2,Unknown,10,10307,,0
7611,2,1967-05-09,0,0,M,1996-08-02,2,Unknown,10,10207,,0
7612,4,1971-11-08,1543,1,U,1996-08-02,2,Unknown,10,17807,,0
7613,4,1960-05-28,1838,2,U,1996-08-02,2,Unknown,10,10207,,0
7614,2,1968-04-22,1000,2,E,1996-08-06,2,Unknown,10,14707,,0
7615,2,1943-07-30,0,0,M,1996-08-07,2,Unknown,10,17807,,0
7616,2,1981-04-30,0,0,C,1996-08-07,2,Unknown,21,10107,,0
7617,3,1966-06-01,0,3,M,1996-08-08,2,Unknown,10,14607,,0
7618,2,1949-09-29,1676,4,M,1996-08-09,2,Unknown,10,10107,,0
7619,4,1963-04-15,0,1,C,1996-08-12,2,Unknown,10,10107,,0
7620,4,1974-09-07,1794,0,C,1996-08-14,2,Unknown,10,15707,,0
7621,3,1970-09-23,0,3,M,1996-08-14,0,Unknown,10,10307,,0
7622,2,1968-06-18,0,0,A,1996-08-19,0,Unknown,21,0,,0
7623,2,1965-08-22,0,0,C,1996-08-20,2,Unknown,10,12807,,0
7624,4,1974-10-08,0,0,C,1996-08-20,2,Unknown,10,13507,,0
7625,3,1970-05-13,1486,0,U,1996-08-21,2,Unknown,10,10207,,0
7626,2,1969-07-27,0,0,M,1996-08-22,2,Unknown,10,16707,,0
7627,4,1970-07-07,0,0,C,1996-08-23,2,Unknown,10,16707,,0
7628,2,1955-08-09,0,2,C,1996-08-23,2,Unknown,10,10107,,0
7629,4,1974-02-22,0,0,C,1996-08-23,2,Unknown,10,14707,,0
7630,3,1944-09-11,0,0,A,1996-08-23,0,Unknown,10,0,,0
7631,2,1963-06-13,0,0,D,1996-08-26,0,Unknown,21,12607,,0
7632,3,1973-04-29,1808,1,M,1996-08-26,2,Unknown,10,16807,,0
7633,3,1971-02-16,0,1,M,1996-08-28,0,Unknown,10,10107,,0
7634,3,1947-08-23,2163,1,M,1996-08-29,2,Unknown,10,12607,,0
7635,4,1970-02-09,0,0,C,1996-08-30,2,Unknown,10,11907,,0
7636,3,1969-07-16,1329,0,M,1996-08-30,2,Unknown,10,13807,,0
7637,3,1946-03-14,1543,3,M,1996-08-30,2,Unknown,10,14707,,0
7638,2,1959-04-02,0,0,A,1996-09-03,2,Unknown,10,10107,,0
7639,2,1963-10-07,1600,1,M,1996-09-03,2,Unknown,10,12607,,0
7640,4,1968-07-18,0,0,C,1996-09-03,2,Unknown,10,17907,,0
7641,4,1970-03-31,0,0,C,1996-09-03,0,Unknown,10,17907,,0
7642,3,1960-01-11,0,0,A,1996-09-04,0,DA,21,0,1998-10-27,1
7643,3,1951-05-31,0,0,D,1996-09-04,0,Unknown,10,15607,,0
7644,3,1970-09-24,1542,0,U,1996-09-04,0,Unknown,10,13507,,0
7645,3,1974-04-27,1809,2,M,1996-09-05,2,Unknown,10,10507,,0
7646,4,1966-06-07,0,0,C,1996-09-06,2,Unknown,10,10107,,0
7647,4,1972-11-23,0,0,C,1996-09-06,0,Unknown,10,10107,,0
7648,3,1949-03-30,0,0,D,1996-09-06,2,Unknown,10,0,,0
7649,3,1939-08-27,1515,0,A,1996-09-09,0,Unknown,21,0,,0
7650,3,1959-08-20,0,0,A,1996-09-10,0,Unknown,21,0,,0
7651,4,1972-05-03,2170,0,C,1996-09-10,2,Unknown,10,16607,,0
7652,4,1970-08-15,0,0,C,1996-09-12,2,Unknown,10,10107,,0
7653,3,1961-04-17,0,0,M,1996-09-12,2,Unknown,10,14607,,0
7654,4,1960-07-01,1200,1,C,1996-09-12,2,Unknown,10,18707,,0
7655,2,1959-05-12,0,0,U,1996-09-12,2,Unknown,10,10307,,0
7656,2,1967-09-12,1500,0,C,1996-09-12,2,Unknown,10,17807,,0
7657,1,,0,0,A,1996-09-13,0,Unknown,82,0,,0
7658,2,1958-04-29,2195,2,A,1996-09-16,0,Unknown,21,0,,0
7659,2,1946-04-04,0,0,A,1996-09-16,0,Unknown,10,0,,0
7660,2,1958-06-19,0,0,U,1996-09-16,2,Unknown,10,13607,,0
7661,3,1957-03-29,1912,0,D,1996-09-16,2,Unknown,10,16707,,0
7662,4,1973-08-23,0,0,C,1996-09-16,0,Unknown,10,14707,,0
7663,3,1972-02-26,0,1,M,1996-09-17,2,Unknown,10,16707,,0
7664,2,1967-09-24,3000,1,M,1996-09-17,2,Unknown,10,10207,,0
7665,2,1968-05-08,0,2,U,1996-09-18,2,Unknown,10,10207,,0
7666,2,1958-07-19,3872,2,B,1996-09-18,0,RA,21,17807,2005-10-03,1
7667,3,1967-08-12,0,0,C,1996-09-19,2,Unknown,10,16707,,0
7668,4,1971-01-01,1400,1,C,1996-09-19,2,Unknown,10,10107,,0
7669,2,1951-08-14,0,0,A,1996-09-19,0,Unknown,10,0,,0
7670,4,1959-05-12,0,0,C,1996-09-19,0,DV,21,0,2006-10-11,1
7671,4,1973-01-01,0,0,C,1996-09-19,0,DV,21,0,2005-10-13,1
7672,4,1971-10-10,0,0,C,1996-09-20,2,Unknown,10,17807,,0
7673,4,1974-02-22,2014,1,U,1996-09-20,2,Unknown,10,17807,,0
7674,3,1969-03-09,2889,2,G,1996-09-23,2,Unknown,10,12779,,0
7675,2,1958-02-01,0,0,D,1996-09-24,0,Unknown,21,14907,,0
7676,2,1968-07-01,2470,0,C,1996-09-24,2,Unknown,10,16707,,0
7677,2,1967-04-23,2267,3,C,1996-09-24,2,Unknown,10,10207,,0
7678,4,1974-05-21,0,0,C,1996-09-24,0,Unknown,10,13507,,0
7679,3,1969-10-22,0,0,M,1996-09-24,2,Unknown,10,15807,,0
7680,2,1963-12-26,0,0,U,1996-09-25,2,Unknown,10,16707,,0
7681,3,1955-08-05,0,0,M,1996-09-25,2,Unknown,10,10307,,0
7682,2,1948-04-16,2965,0,M,1996-09-25,2,Unknown,10,10307,,0
7683,4,1975-03-30,0,0,C,1996-09-25,0,Unknown,10,13507,,0
7684,2,1973-07-28,1481,0,U,1996-09-25,2,Unknown,10,14707,,0
7685,3,1945-06-05,1200,0,M,1996-09-26,2,Unknown,10,13507,,0
7686,2,1966-04-09,0,0,M,1996-09-26,2,Unknown,10,11907,,0
7687,3,1969-08-14,1800,0,M,1996-09-26,2,Unknown,10,11907,,0
7688,3,1976-10-04,2600,2,B,1996-09-26,2,Unknown,10,10107,,0
7689,4,1980-12-17,0,0,C,1996-09-26,2,Unknown,21,10107,,0
7690,3,1961-12-05,0,2,M,1996-09-26,0,Unknown,10,10207,,0
7691,2,1971-11-15,4057,1,M,1996-09-26,2,Unknown,10,10207,,0
7692,3,1972-08-13,0,0,M,1996-09-26,2,Unknown,10,18507,,0
7693,2,1969-04-11,0,2,U,1996-09-27,2,Unknown,10,10107,,0
7694,3,1961-01-14,0,2,M,1996-09-30,2,Unknown,10,10107,,0
7695,2,1971-12-08,1792,2,M,1996-10-01,2,Unknown,10,10107,,0
7696,3,1947-02-09,2248,1,M,1996-10-01,2,Unknown,10,10107,,0
7697,3,1953-10-16,0,0,D,1996-10-01,2,Unknown,10,17907,,0
7698,3,1973-12-26,0,0,A,1996-10-02,0,Unknown,10,18707,,0
7699,2,1969-07-11,0,0,A,1996-10-02,0,Unknown,10,12607,,0
7700,3,1960-05-29,2059,3,D,1996-10-03,2,Unknown,10,18707,,0
7701,4,1974-10-12,0,0,C,1996-10-03,0,Unknown,10,13507,,0
7702,2,1947-09-08,0,0,A,1996-10-03,0,Unknown,10,10807,,0
7703,2,1960-12-22,0,0,M,1996-10-04,2,Unknown,21,10107,,0
7704,3,1959-09-18,0,2,M,1996-10-07,2,Unknown,10,10107,,0
7705,3,1956-02-19,2700,1,G,1996-10-07,2,Unknown,10,10807,,0
7706,3,1971-11-06,0,2,M,1996-10-08,2,Unknown,10,10107,,0
7707,3,1957-02-13,2500,1,M,1996-10-08,2,Unknown,10,10107,,0
7708,2,1965-06-07,1735,2,B,1996-10-08,2,Unknown,10,12607,,0
7709,4,1975-10-23,0,0,C,1996-10-08,2,Unknown,10,10807,,0
7710,3,1973-06-26,2975,2,M,1996-10-08,2,Unknown,10,15807,,0
7711,2,1955-01-20,1796,3,M,1996-10-08,2,Unknown,10,10107,,0
7712,2,1977-05-05,0,0,C,1996-10-10,2,Unknown,10,15807,,0
7713,3,1961-05-18,1580,3,M,1996-10-11,2,Unknown,10,16707,,0
7714,4,1975-11-07,0,0,C,1996-10-11,2,Unknown,10,13507,,0
7715,3,1968-08-15,1800,2,M,1996-10-14,2,Unknown,10,10107,,0
7716,2,1967-09-20,0,0,M,1996-10-14,0,Unknown,10,10107,,0
7717,3,1960-02-13,3147,0,B,1996-10-14,2,Unknown,10,17907,,0
7718,3,1956-08-23,0,0,A,1996-10-15,0,Unknown,21,0,,0
7719,3,1945-07-27,0,0,D,1996-10-15,2,Unknown,10,13907,,0
7720,3,1970-01-02,1281,0,M,1996-10-15,2,Unknown,10,18707,,0
7721,3,1949-06-30,2058,0,M,1996-10-15,2,Unknown,10,18707,,0
7722,4,1963-06-24,1300,0,C,1996-10-15,2,Unknown,10,10307,,0
7723,4,1974-04-11,1481,0,C,1996-10-15,2,Unknown,10,13507,,0
7724,2,1961-01-15,0,0,A,1996-10-16,0,Unknown,10,10207,,0
7725,3,1959-11-27,0,0,M,1996-10-17,2,Unknown,10,17907,,0
7726,2,1964-04-02,0,3,M,1996-10-18,2,Unknown,10,10107,,0
7727,2,1952-04-29,0,0,M,1996-10-21,2,Unknown,10,17807,,0
7728,2,1985-09-30,0,0,C,1996-10-22,2,Unknown,21,10107,,0
7729,4,1979-09-26,0,0,C,1996-10-23,2,Unknown,21,10107,,0
7730,3,1964-05-14,0,0,A,1996-10-24,0,Unknown,21,10207,,0
7731,3,1954-06-17,2183,2,M,1996-10-24,2,Unknown,10,10107,,0
7732,3,1959-08-09,0,2,D,1996-10-24,2,Unknown,10,13507,,0
7733,4,1972-12-12,0,0,C,1996-10-25,2,Unknown,10,13507,,0
7734,4,1971-03-13,0,0,C,1996-10-25,0,Unknown,10,13507,,0
7735,3,1955-05-01,2100,2,B,1996-10-25,2,Unknown,10,10107,,0
7736,2,1971-05-07,3510,4,M,1996-10-25,2,Unknown,10,10107,,0
7737,3,1968-05-17,1100,2,C,1996-10-25,2,Unknown,10,17807,,0
7738,3,1941-09-07,0,0,A,1996-10-28,0,Unknown,10,10107,,0
7739,4,1973-02-05,1308,1,C,1996-10-28,2,Unknown,10,10307,,0
7740,2,1955-07-30,2370,2,E,1996-10-28,2,Unknown,10,17807,,0
7741,2,1969-03-29,0,0,M,1996-10-29,2,Unknown,10,17907,,0
7742,4,1971-12-26,0,0,C,1996-10-29,0,Unknown,10,10207,,0
7743,3,1949-11-12,1751,2,G,1996-10-30,2,Unknown,10,13507,,0
7744,3,1956-02-24,0,0,A,1996-10-30,0,Unknown,21,10107,,0
7745,2,1965-07-03,0,0,C,1996-10-30,2,Unknown,10,18507,,0
7746,2,1963-12-21,1650,3,M,1996-10-31,0,Unknown,10,10807,,0
7747,4,1962-11-22,1953,0,P,1996-11-04,2,Unknown,10,13507,,0
7748,3,1971-01-27,1657,1,B,1996-11-04,2,Unknown,10,10207,,0
7749,3,1959-02-12,2226,3,M,1996-11-05,2,Unknown,10,10807,,0
7750,2,1949-07-08,0,0,A,1996-11-05,0,DC,23,0,,0
7751,3,1966-12-24,0,0,A,1996-11-06,0,Unknown,10,13507,,0
7752,2,1961-03-10,0,0,M,1996-11-06,2,Unknown,10,10307,,0
7753,2,1960-04-22,0,0,A,1996-11-06,0,Unknown,10,10507,,0
7754,2,1971-11-15,2625,0,M,1996-11-08,2,Unknown,10,10107,,0
7755,3,1961-06-16,0,0,M,1996-11-08,2,Unknown,10,10207,,0
7756,1,,0,0,A,1996-11-13,0,Unknown,82,0,,0
7757,4,1973-06-06,0,0,C,1996-11-13,2,Unknown,10,17907,,0
7758,2,1982-08-02,0,0,C,1996-11-13,2,Unknown,21,10107,,0
7759,2,1970-09-26,2950,2,M,1996-11-13,2,Unknown,10,12607,,0
7760,2,1934-05-12,0,0,A,1996-11-13,0,DC,10,0,,0
7761,4,1972-06-19,0,0,C,1996-11-14,0,Unknown,10,13507,,0
7762,2,1974-05-03,2590,1,M,1996-11-14,2,Unknown,10,10107,,0
7763,3,1964-05-11,2400,1,G,1996-11-15,2,Unknown,10,12607,,0
7764,3,1972-11-21,0,0,M,1996-11-15,2,Unknown,10,10307,,0
7765,4,1968-03-07,1727,2,U,1996-11-15,2,Unknown,10,14707,,0
7766,3,1957-07-12,2477,2,M,1996-11-15,2,Unknown,10,17807,,0
7767,2,1965-10-15,0,0,A,1996-11-18,0,Unknown,21,0,,0
7768,4,1966-10-18,1615,0,C,1996-11-18,2,Unknown,10,13507,,0
7769,2,1967-01-01,0,0,A,1996-11-19,0,Unknown,23,0,,0
7770,1,,0,0,A,1996-11-21,0,Unknown,82,0,,0
7771,3,1959-08-11,0,0,A,1996-11-21,0,Unknown,21,0,,0
7772,3,1938-07-23,0,0,A,1996-11-21,0,Unknown,21,0,,0
7773,2,1965-01-27,0,0,C,1996-11-21,2,Unknown,10,17907,,0
7774,2,1970-06-15,1800,2,M,1996-11-21,2,Unknown,10,14707,,0
7775,3,1957-07-02,2546,2,D,1996-11-21,2,Unknown,10,18507,,0
7776,2,1960-11-14,0,0,C,1996-11-22,2,Unknown,10,10107,,0
7777,4,1968-10-04,0,1,C,1996-11-22,2,Unknown,10,16607,,0
7778,3,1969-11-14,0,0,M,1996-11-25,2,Unknown,10,17907,,0
7779,3,1970-07-21,2100,2,A,1996-11-26,0,Unknown,21,0,,0
7780,3,1968-10-09,0,0,M,1996-11-26,2,Unknown,10,13907,,0
7781,2,1941-02-14,0,0,M,1996-11-26,0,Unknown,10,0,,0
7782,2,1985-10-24,0,0,C,1996-11-27,2,Unknown,21,10107,,0
7783,3,1964-06-06,0,0,M,1996-11-27,2,Unknown,10,16807,,0
7784,2,1966-06-02,0,2,M,1996-11-28,2,Unknown,10,17907,,0
7785,2,1968-11-06,1300,3,M,1996-11-28,2,Unknown,10,17907,,0
7786,4,1975-06-21,0,0,C,1996-11-29,0,Unknown,10,11907,,0
7787,3,1970-08-03,0,2,C,1996-12-04,2,Unknown,10,10207,,0
7788,3,1964-10-05,2400,2,M,1996-12-04,2,Unknown,10,13607,,0
7789,1,,0,0,A,1996-12-06,4,Unknown,50,10107,,0
7790,4,1969-07-18,0,0,C,1996-12-06,2,Unknown,10,17807,,0
7791,2,1959-08-01,1168,2,M,1996-12-10,2,Unknown,10,17907,,0
7792,3,1955-12-02,0,0,A,1996-12-11,0,DV,21,13807,1997-05-09,1
7793,3,1958-01-21,0,0,A,1996-12-11,0,Unknown,10,10307,,0
7794,3,1971-11-25,1750,1,M,1996-12-12,2,Unknown,10,10307,,0
7795,2,1952-03-31,0,2,M,1996-12-16,2,Unknown,10,18707,,0
7796,3,1941-08-09,0,0,V,1996-12-16,2,Unknown,10,10907,,0
7797,3,1959-07-14,2257,3,M,1996-12-16,2,Unknown,10,16707,,0
7798,4,1966-04-19,1524,1,C,1996-12-18,0,Unknown,10,18707,,0
7799,3,1971-12-08,0,0,M,1996-12-18,0,DV,21,10307,2006-11-15,1
7800,3,1943-06-28,0,0,A,1996-12-18,0,Unknown,10,0,,0
7801,3,1971-01-13,1199,0,M,1996-12-19,2,Unknown,10,10307,,0
7802,2,1972-08-27,2515,0,U,1996-12-19,2,Unknown,10,14607,,0
7803,2,1961-12-16,0,0,A,1996-12-19,0,DA,21,0,2000-11-15,1
7804,3,1951-08-04,0,0,M,1996-12-20,2,Unknown,10,12807,,0
7805,3,1970-07-27,0,0,M,1996-12-20,0,DV,21,17507,2004-12-10,1
7806,2,1955-03-22,0,0,M,1996-12-23,2,Unknown,10,13507,,0
7807,2,1950-02-26,4731,0,V,1996-12-23,2,Unknown,10,11607,,0
7808,2,1950-03-20,3099,1,U,1996-12-23,2,Unknown,10,17807,,0
7809,2,1954-07-24,0,0,U,1996-12-24,0,Unknown,10,10207,,0
7810,2,1970-09-04,0,0,M,1996-12-27,2,Unknown,10,10107,,0
7811,2,1939-04-17,3170,1,M,1996-12-30,2,Unknown,10,17907,,0
7812,4,1980-07-16,0,0,C,1996-12-30,2,DA,21,0,1999-06-04,1
7813,3,1946-09-27,2976,1,D,1996-12-31,2,Unknown,10,10207,,0
7814,2,1964-10-16,0,0,A,1997-01-02,0,Unknown,10,0,,0
7815,2,1985-11-06,0,0,C,1997-01-03,2,Unknown,21,10107,,0
7816,4,1973-03-15,0,0,C,1997-01-03,0,Unknown,10,13507,,0
7817,1,,0,0,A,1997-01-06,0,Unknown,82,0,,0
7818,3,1960-10-08,1864,2,M,1997-01-06,2,Unknown,10,13907,,0
7819,4,1962-07-15,0,1,U,1997-01-06,2,Unknown,10,10107,,0
7820,2,1956-05-29,0,0,C,1997-01-07,2,Unknown,10,10607,,0
7821,2,1959-01-24,0,1,U,1997-01-07,2,Unknown,10,10107,,0
7822,2,1952-04-12,2857,3,M,1997-01-07,2,Unknown,10,10207,,0
7823,2,1973-09-12,1640,0,U,1997-01-07,2,Unknown,10,15807,,0
7824,2,1957-01-23,304,2,M,1997-01-08,2,Unknown,10,10607,,0
7825,1,,0,0,A,1997-01-09,0,Unknown,82,0,,0
7826,3,1948-11-21,0,0,A,1997-01-10,0,DV,21,10307,2005-11-02,1
7827,2,1961-06-08,0,0,M,1997-01-13,2,Unknown,10,13807,,0
7828,2,1968-11-14,2590,2,M,1997-01-13,2,Unknown,10,10107,,0
7829,3,1968-04-30,1659,2,M,1997-01-15,2,Unknown,10,18507,,0
7830,2,1969-04-19,0,0,M,1997-01-17,2,Unknown,10,15707,,0
7831,3,1942-01-21,0,0,A,1997-01-17,0,Unknown,10,14607,,0
7832,2,1951-11-04,0,0,D,1997-01-17,0,Unknown,10,10107,,0
7833,4,1988-09-20,0,0,C,1997-01-17,2,Unknown,21,10107,,0
7834,2,1967-05-12,1721,2,M,1997-01-20,2,Unknown,10,17907,,0
7835,2,1983-06-02,0,0,C,1997-01-20,2,Unknown,21,10107,,0
7836,2,1973-05-16,0,0,A,1997-01-21,0,Unknown,25,0,,0
7837,4,1996-10-22,0,0,C,1997-01-22,2,Unknown,21,10107,,0
7838,4,1985-01-23,0,0,C,1997-01-22,0,Unknown,21,10107,,0
7839,4,1986-12-04,0,0,C,1997-01-23,2,Unknown,21,10107,,0
7840,2,1957-12-18,0,2,M,1997-01-23,2,Unknown,10,10107,,0
7841,2,1990-02-19,0,0,C,1997-01-23,2,Unknown,21,10107,,0
7842,2,1985-10-30,0,0,C,1997-01-23,2,Unknown,21,10107,,0
7843,2,1969-09-13,2100,0,G,1997-01-23,2,Unknown,10,12607,,0
7844,2,1952-11-16,0,2,M,1997-01-27,2,Unknown,10,10107,,0
7845,2,1954-09-13,5183,2,M,1997-01-27,0,Unknown,25,0,,0
7846,3,1969-04-04,1930,2,E,1997-01-28,2,Unknown,10,17907,,0
7847,3,1963-08-20,0,0,A,1997-01-29,0,Unknown,10,13607,,0
7848,2,1975-01-23,0,0,A,1997-02-03,0,Unknown,21,0,,0
7849,3,1967-04-18,1567,1,M,1997-02-03,2,Unknown,10,13807,,0
7850,2,1927-04-07,0,0,A,1997-02-03,0,Unknown,23,0,,0
7851,3,1939-11-05,0,0,A,1997-02-04,0,Unknown,21,0,,0
7852,4,1988-10-01,0,0,C,1997-02-04,2,Unknown,21,10107,,0
7853,3,1948-09-22,4859,1,B,1997-02-04,2,Unknown,10,15807,,0
7854,2,1984-08-25,0,0,C,1997-02-05,2,Unknown,21,10107,,0
7855,3,1956-11-19,0,0,A,1997-02-05,0,Unknown,25,0,,0
7856,3,1978-09-19,0,0,M,1997-02-06,2,Unknown,10,10107,,0
7857,2,1983-05-26,0,0,C,1997-02-06,0,Unknown,21,10107,,0
7858,3,1946-04-02,0,0,A,1997-02-06,2,DA,21,17807,1997-03-03,1
7859,3,1946-09-10,0,0,M,1997-02-07,2,Unknown,10,16707,,0
7860,3,1952-03-30,0,0,A,1997-02-07,0,Unknown,24,0,,0
7861,4,1969-03-21,0,0,C,1997-02-10,2,Unknown,10,11907,,0
7862,3,1943-03-03,0,0,D,1997-02-10,2,Unknown,10,13507,,0
7863,2,1966-04-16,2180,0,B,1997-02-10,2,Unknown,10,18707,,0
7864,3,1938-11-20,0,0,M,1997-02-10,0,DC,21,16707,,0
7865,3,1969-11-11,0,0,A,1997-02-12,0,Unknown,10,10107,,0
7866,3,1956-08-18,0,0,A,1997-02-12,0,Unknown,25,0,,0
7867,2,1946-10-10,0,0,A,1997-02-14,0,Unknown,21,0,,0
7868,2,1970-08-01,0,0,M,1997-02-18,2,Unknown,10,17907,,0
7869,2,1965-07-06,0,1,M,1997-02-18,2,Unknown,10,10207,,0
7870,2,1963-10-06,0,0,M,1997-02-19,0,Unknown,10,10107,,0
7871,3,1936-05-27,0,0,A,1997-02-19,0,Unknown,25,0,,0
7872,2,1987-12-11,0,0,C,1997-02-20,2,Unknown,21,10107,,0
7873,2,1967-07-13,0,0,C,1997-02-20,2,Unknown,10,10107,,0
7874,2,1939-11-21,0,0,A,1997-02-20,0,Unknown,25,0,,0
7875,2,1967-06-30,1925,2,B,1997-02-21,2,Unknown,10,16707,,0
7876,2,1948-04-24,0,0,A,1997-02-24,0,Unknown,10,11307,,0
7877,3,1965-01-25,2518,2,M,1997-02-24,2,Unknown,10,12807,,0
7878,2,1962-01-16,0,0,A,1997-02-24,2,Unknown,10,10307,,0
7879,2,1952-04-29,2100,2,M,1997-02-25,2,Unknown,10,10107,,0
7880,3,1970-02-10,1200,2,B,1997-02-25,2,Unknown,10,10807,,0
7881,2,1963-08-23,0,4,M,1997-02-26,2,Unknown,10,17807,,0
7882,3,1939-01-24,0,0,A,1997-02-26,0,Unknown,25,0,,0
7883,2,1967-01-27,2078,0,C,1997-02-27,2,Unknown,10,10607,,0
7884,2,1938-06-30,2548,0,M,1997-02-27,2,Unknown,10,13607,,0
7885,3,1948-12-13,1587,2,M,1997-02-28,0,Unknown,10,11307,,0
7886,2,1993-02-28,0,0,C,1997-02-28,2,Unknown,21,11307,,0
7887,3,1943-01-14,2164,2,E,1997-02-28,2,Unknown,10,10107,,0
7888,2,1955-10-23,1771,2,E,1997-02-28,2,Unknown,10,10207,,0
7889,3,1938-03-11,0,0,G,1997-02-28,2,DA,21,17807,2005-04-14,1
7890,3,1948-09-26,1598,2,M,1997-03-04,2,Unknown,10,16707,,0
7891,3,1948-01-01,0,0,A,1997-03-05,0,Unknown,25,0,,0
7892,2,1959-12-29,1400,2,M,1997-03-06,2,Unknown,10,10507,,0
7893,2,1954-01-03,0,0,A,1997-03-07,0,Unknown,10,10107,,0
7894,2,1970-10-23,0,0,A,1997-03-10,0,Unknown,10,16707,,0
7895,4,1988-08-30,0,0,C,1997-03-10,0,Unknown,21,10107,,0
7896,3,1961-02-05,4810,2,M,1997-03-10,2,Unknown,10,25679,,0
7897,4,1956-07-29,2674,1,C,1997-03-10,2,Unknown,10,10807,,0
7898,2,1972-04-27,0,0,A,1997-03-10,0,Unknown,25,0,,0
7899,3,1941-05-07,0,0,D,1997-03-11,2,Unknown,10,11907,,0
7900,2,1975-03-03,0,0,C,1997-03-12,2,Unknown,10,10807,,0
7901,2,1959-11-01,0,1,M,1997-03-14,2,Unknown,10,10107,,0
7902,2,1966-12-11,0,0,C,1997-03-17,2,Unknown,10,10107,,0
7903,3,1966-08-11,0,0,M,1997-03-17,2,Unknown,10,15607,,0
7904,3,1938-10-17,1524,0,U,1997-03-18,0,Unknown,10,14607,,0
7905,3,1950-04-23,0,0,M,1997-03-18,2,Unknown,10,10107,,0
7906,2,1950-03-07,2149,2,M,1997-03-19,0,Unknown,10,0,,0
7907,3,1962-11-18,0,2,M,1997-03-19,2,Unknown,10,10307,,0
7908,2,1930-07-13,0,0,M,1997-03-21,2,Unknown,10,16707,,0
7909,3,1961-05-12,0,2,C,1997-03-24,2,Unknown,10,10107,,0
7910,2,1947-09-08,0,0,M,1997-03-24,2,Unknown,10,14707,,0
7911,3,1951-09-29,0,0,M,1997-03-24,2,Unknown,10,18507,,0
7912,3,1965-03-15,1900,3,D,1997-03-24,2,Unknown,10,14707,,0
7913,4,1966-05-16,0,0,C,1997-03-25,2,Unknown,10,10807,,0
7914,2,1996-03-05,0,0,C,1997-03-26,2,Unknown,21,10107,,0
7915,2,1960-10-09,0,1,U,1997-03-26,2,Unknown,10,10307,,0
7916,4,1980-04-14,0,0,C,1997-03-27,2,Unknown,21,10107,,0
7917,4,1971-07-24,0,0,C,1997-03-27,0,Unknown,10,12607,,0
7918,2,1950-05-18,1811,1,M,1997-03-27,2,Unknown,10,16807,,0
7919,3,1949-10-31,0,1,A,1997-03-28,0,Unknown,21,0,,0
7920,4,1985-03-26,0,0,C,1997-03-28,2,Unknown,21,10107,,0
7921,2,1951-08-28,2870,1,U,1997-03-28,2,Unknown,10,10807,,0
7922,4,1954-10-12,4152,1,U,1997-03-28,2,Unknown,10,25679,,0
7923,1,,0,0,A,1997-03-28,4,Unknown,50,10107,,0
7924,3,1963-11-07,0,0,M,1997-04-03,2,Unknown,10,11907,,0
7925,1,,0,0,A,1997-04-03,4,Unknown,50,10107,,0
7926,2,1950-08-27,0,0,A,1997-04-03,0,Unknown,25,0,,0
7927,3,1939-02-26,0,0,A,1997-04-04,0,Unknown,21,0,,0
7928,2,1973-05-15,1900,0,C,1997-04-04,2,Unknown,10,11907,,0
7929,3,1957-03-17,0,0,M,1997-04-04,2,Unknown,10,13507,,0
7930,4,1974-06-13,0,0,C,1997-04-07,2,Unknown,10,18707,,0
7931,4,1971-07-24,0,0,C,1997-04-07,2,Unknown,10,10207,,0
7932,3,1953-08-18,0,0,D,1997-04-07,2,Unknown,10,14707,,0
7933,2,1963-02-02,0,0,A,1997-04-07,0,Unknown,25,0,,0
7934,3,1959-03-10,0,0,M,1997-04-09,2,Unknown,10,18507,,0
7935,2,1962-07-27,2446,3,G,1997-04-10,2,Unknown,10,10107,,0
7936,3,1970-04-10,1833,2,M,1997-04-10,2,Unknown,10,12607,,0
7937,4,1974-10-03,0,0,C,1997-04-11,2,Unknown,10,10807,,0
7938,3,1951-12-19,1450,2,F,1997-04-11,2,Unknown,10,10507,,0
7939,2,1958-08-19,0,0,A,1997-04-15,2,Unknown,10,25679,,0
7940,2,1957-05-29,1700,1,M,1997-04-15,2,Unknown,10,11607,,0
7941,3,1952-04-04,0,0,A,1997-04-15,0,Unknown,25,0,,0
7942,3,1961-03-15,1300,1,G,1997-04-16,2,Unknown,10,10907,,0
7943,3,1970-09-25,1135,2,U,1997-04-16,2,Unknown,10,15807,,0
7944,2,1960-09-09,2632,0,U,1997-04-17,2,Unknown,10,10107,,0
7945,3,1956-03-04,0,0,D,1997-04-17,2,Unknown,10,14707,,0
7946,3,1943-01-31,0,0,A,1997-04-17,0,Unknown,25,0,,0
7947,2,1970-09-23,1790,2,B,1997-04-18,0,Unknown,10,10207,,0
7948,2,1968-09-06,0,0,A,1997-04-21,0,Unknown,23,0,,0
7949,4,1947-12-06,0,0,C,1997-04-22,0,Unknown,10,13807,,0
7950,4,1959-07-09,0,2,C,1997-04-22,2,Unknown,10,10307,,0
7951,2,1933-07-04,0,0,A,1997-04-22,0,Unknown,25,0,,0
7952,2,1969-03-13,1280,1,M,1997-04-23,2,Unknown,10,16707,,0
7953,3,1958-05-12,0,0,A,1997-04-23,0,Unknown,25,0,,0
7954,3,1947-02-01,2566,0,M,1997-04-25,2,Unknown,10,12807,,0
7955,2,1971-01-05,0,0,A,1997-04-25,2,DV,21,0,1998-01-07,1
7956,4,1966-10-30,0,0,C,1997-04-25,0,Unknown,10,25679,,0
7957,3,1965-10-03,1457,1,M,1997-04-28,2,Unknown,10,14707,,0
7958,3,1952-07-07,1600,0,M,1997-04-29,0,Unknown,10,0,,0
7959,2,1967-04-10,0,0,C,1997-04-29,2,Unknown,10,10107,,0
7960,2,1971-05-31,0,0,A,1997-04-29,0,Unknown,23,0,,0
7961,4,1975-10-22,1745,0,U,1997-04-30,2,Unknown,10,14707,,0
7962,3,1963-11-11,2397,2,M,1997-05-02,2,Unknown,10,12807,,0
7963,3,1948-01-01,0,0,A,1997-05-02,0,Unknown,25,0,,0
7964,3,1959-03-25,0,0,M,1997-05-06,2,Unknown,10,11907,,0
7965,3,1951-06-24,2262,0,M,1997-05-07,2,Unknown,10,10207,,0
7966,2,1953-02-04,0,1,M,1997-05-09,2,Unknown,10,12807,,0
7967,3,1943-08-16,0,2,D,1997-05-09,0,Unknown,21,25679,,0
7968,3,1960-05-12,723,0,M,1997-05-09,2,Unknown,10,10507,,0
7969,4,1967-07-08,0,0,C,1997-05-09,2,Unknown,10,14707,,0
7970,3,1961-08-27,0,3,M,1997-05-12,2,Unknown,10,15807,,0
7971,4,1963-06-24,3160,2,C,1997-05-12,2,Unknown,10,0,,0
7972,2,1964-11-14,0,0,C,1997-05-13,2,Unknown,10,10607,,0
7973,3,1953-03-06,0,0,M,1997-05-13,2,Unknown,10,16807,,0
7974,3,1956-03-25,0,2,M,1997-05-14,2,Unknown,10,10107,,0
7975,2,1961-07-19,1976,3,B,1997-05-16,0,Unknown,21,0,,0
7976,2,1966-03-16,2288,2,F,1997-05-16,2,Unknown,10,10107,,0
7977,2,1971-07-03,0,0,A,1997-05-20,0,Unknown,10,15607,,0
7978,4,1960-09-20,0,0,C,1997-05-20,2,Unknown,10,13907,,0
7979,3,1946-09-24,0,0,A,1997-05-23,0,Unknown,10,16607,,0
7980,3,1957-10-06,0,0,A,1997-05-26,0,Unknown,10,10107,,0
7981,3,1971-07-28,1700,1,U,1997-05-27,2,Unknown,10,16707,,0
7982,3,1943-02-25,1549,0,G,1997-05-27,2,Unknown,10,16607,,0
7983,3,1943-08-03,0,0,M,1997-05-27,2,Unknown,10,10207,,0
7984,3,1946-04-06,0,0,A,1997-05-27,0,Unknown,24,0,,0
7985,3,1948-06-05,0,3,M,1997-05-28,0,Unknown,21,0,,0
7986,2,1965-08-13,0,0,A,1997-05-28,0,Unknown,10,10107,,0
7987,4,1962-05-23,0,0,C,1997-05-28,0,Unknown,10,10107,,0
7988,3,1945-01-02,4532,2,B,1997-05-28,2,Unknown,10,12779,,0
7989,2,1960-12-14,0,0,A,1997-05-29,0,Unknown,10,14607,,0
7990,2,1948-01-11,2518,0,E,1997-05-30,2,Unknown,10,14607,,0
7991,2,1953-03-13,4200,2,V,1997-05-30,2,Unknown,10,18707,,0
7992,4,1947-11-13,1412,0,C,1997-05-30,2,Unknown,10,10207,,0
7993,4,1995-03-01,0,0,C,1997-06-02,0,Unknown,21,10107,,0
7994,2,1962-07-02,4700,3,U,1997-06-02,2,Unknown,10,10107,,0
7995,2,1960-09-15,0,2,A,1997-06-03,0,Unknown,21,0,,0
7996,2,1962-07-30,0,0,A,1997-06-03,2,Unknown,10,10107,,0
7997,4,1966-10-26,0,2,C,1997-06-04,2,Unknown,10,10207,,0
7998,3,1971-02-18,0,0,M,1997-06-04,2,Unknown,10,17807,,0
7999,2,1958-06-24,2094,2,D,1997-06-05,2,Unknown,10,12807,,0
8000,2,1970-12-13,0,0,A,1997-06-06,0,Unknown,10,18507,,0
8001,3,1949-07-21,0,0,D,1997-06-09,2,Unknown,10,13507,,0
8002,3,1956-05-04,2242,2,M,1997-06-11,2,Unknown,10,16807,,0
8003,2,1972-05-23,0,0,A,1997-06-11,0,Unknown,23,0,,0
8004,2,1952-01-01,2055,2,D,1997-06-13,2,Unknown,10,16707,,0
8005,3,1951-03-11,0,0,D,1997-06-16,2,Unknown,10,10107,,0
8006,3,1960-09-22,0,0,S,1997-06-17,2,Unknown,10,18507,,0
8007,3,1967-12-11,1168,2,M,1997-06-18,2,Unknown,10,16807,,0
8008,2,1965-03-18,2595,1,C,1997-06-20,2,Unknown,10,13807,,0
8009,4,1971-09-14,1920,1,S,1997-06-20,2,Unknown,10,14607,,0
8010,3,1973-09-11,0,0,A,1997-06-23,0,Unknown,25,0,,0
8011,2,1964-12-28,0,0,M,1997-06-24,2,Unknown,10,13507,,0
8012,2,1963-12-24,0,0,A,1997-06-26,0,Unknown,10,17507,,0
8013,2,1955-06-10,0,0,C,1997-06-26,2,Unknown,10,17907,,0
8014,2,1939-03-10,4500,0,M,1997-06-26,2,Unknown,10,17807,,0
8015,3,1946-12-04,0,0,A,1997-06-26,0,Unknown,25,0,,0
8016,2,1947-05-04,1814,2,M,1997-06-27,2,Unknown,21,13807,,0
8017,3,1973-07-05,1265,0,U,1997-06-30,2,Unknown,10,16707,,0
8018,3,1951-05-18,0,1,M,1997-06-30,2,Unknown,10,0,,0
8019,2,1967-11-24,0,0,M,1997-07-01,2,Unknown,10,14607,,0
8020,3,1976-10-26,0,0,A,1997-07-01,0,Unknown,25,0,,0
8021,2,1931-10-13,2985,2,B,1997-07-02,2,Unknown,10,10107,,0
8022,2,1951-04-02,2591,1,M,1997-07-02,2,Unknown,10,10307,,0
8023,4,1969-06-30,0,0,C,1997-07-02,0,Unknown,23,0,,0
8024,4,1974-09-18,1700,2,U,1997-07-03,2,Unknown,10,10807,,0
8025,3,1951-12-26,0,0,A,1997-07-03,0,Unknown,24,0,,0
8026,3,1962-06-20,0,0,C,1997-07-04,2,Unknown,10,16807,,0
8027,3,1950-03-30,0,0,A,1997-07-04,0,Unknown,25,0,,0
8028,3,1966-08-05,0,0,A,1997-07-07,0,DV,21,10907,2004-06-22,1
8029,2,1968-09-23,0,0,D,1997-07-07,2,Unknown,10,10107,,0
8030,3,1960-09-29,0,3,M,1997-07-07,2,Unknown,10,10107,,0
8031,2,1969-09-19,0,0,M,1997-07-07,2,Unknown,10,10507,,0
8032,4,1973-03-18,0,0,C,1997-07-07,2,Unknown,10,13607,,0
8033,3,1952-08-18,0,0,A,1997-07-07,0,Unknown,25,0,,0
8034,2,1965-04-28,0,3,S,1997-07-07,2,Unknown,10,0,,0
8035,2,1971-04-25,0,1,M,1997-07-07,2,Unknown,10,0,,0
8036,4,1970-08-01,2368,1,C,1997-07-08,2,Unknown,10,10207,,0
8037,3,1956-05-30,0,0,A,1997-07-08,0,Unknown,25,0,,0
8038,2,1953-12-30,0,0,A,1997-07-09,0,Unknown,21,10107,,0
8039,2,1965-10-21,1908,0,C,1997-07-09,2,Unknown,10,14707,,0
8040,3,1940-09-20,0,0,A,1997-07-10,0,DA,21,0,1997-10-01,1
8041,3,1961-12-13,0,3,M,1997-07-10,2,Unknown,10,17907,,0
8042,2,1968-05-28,7131,3,B,1997-07-10,2,Unknown,10,10107,,0
8043,2,1963-03-25,0,1,U,1997-07-10,2,Unknown,10,12607,,0
8044,4,1962-10-20,0,0,C,1997-07-10,2,Unknown,10,16807,,0
8045,2,1972-09-14,0,0,A,1997-07-10,0,Unknown,23,0,,0
8046,2,1947-02-02,1250,0,E,1997-07-11,2,Unknown,10,11907,,0
8047,3,1973-07-01,1591,2,U,1997-07-11,2,Unknown,10,13807,,0
8048,2,1973-05-17,1244,0,C,1997-07-11,0,Unknown,10,10307,,0
8049,2,1971-01-05,1751,2,M,1997-07-11,2,Unknown,10,17807,,0
8050,3,1973-05-04,1663,2,M,1997-07-15,2,Unknown,10,13507,,0
8051,3,1960-06-21,0,3,M,1997-07-15,2,Unknown,10,10107,,0
8052,4,1974-11-25,1080,1,U,1997-07-16,2,Unknown,10,10107,,0
8053,4,1975-06-20,793,1,U,1997-07-17,2,Unknown,10,13507,,0
8054,4,1959-07-31,0,0,C,1997-07-17,2,Unknown,10,10107,,0
8055,3,1956-06-25,1556,3,M,1997-07-18,2,Unknown,10,17907,,0
8056,3,1962-06-12,0,0,A,1997-07-21,0,Unknown,10,10307,,0
8057,4,1975-07-02,0,0,C,1997-07-22,0,Unknown,10,13507,,0
8058,3,1969-11-26,0,1,M,1997-07-24,2,Unknown,10,25679,,0
8059,4,1975-10-11,0,0,C,1997-07-24,0,Unknown,10,10307,,0
8060,4,1973-08-23,0,0,C,1997-07-24,2,Unknown,10,10307,,0
8061,4,1974-04-26,0,0,C,1997-07-24,0,Unknown,10,10307,,0
8062,3,1970-01-21,0,0,M,1997-07-24,2,Unknown,10,10807,,0
8063,3,1965-07-03,1300,2,M,1997-07-25,2,Unknown,10,10107,,0
8064,2,1952-11-18,0,0,C,1997-07-28,2,Unknown,10,10107,,0
8065,4,1974-11-04,0,0,C,1997-07-28,2,Unknown,10,10307,,0
8066,2,1963-11-26,0,0,A,1997-07-28,0,Unknown,23,0,,0
8067,4,1967-05-24,1893,1,U,1997-07-29,0,DC,21,10107,,0
8068,3,1966-09-08,0,3,A,1997-07-31,0,Unknown,21,0,,0
8069,2,1952-05-28,0,0,M,1997-07-31,2,Unknown,10,11907,,0
8070,3,1933-07-01,0,0,A,1997-08-01,0,DC,25,0,,0
8071,2,1967-11-18,3722,3,M,1997-08-04,2,Unknown,10,10107,,0
8072,3,1954-06-09,0,0,A,1997-08-04,0,Unknown,10,17907,,0
8073,3,1966-03-25,1995,2,E,1997-08-04,2,Unknown,10,17907,,0
8074,2,1948-05-11,0,0,A,1997-08-06,0,Unknown,25,0,,0
8075,4,1964-11-14,0,0,C,1997-08-07,2,Unknown,10,15707,,0
8076,3,1961-04-08,0,0,A,1997-08-07,0,Unknown,25,0,,0
8077,2,1974-03-22,2176,1,M,1997-08-12,2,Unknown,10,12807,,0
8078,2,1948-04-25,2500,0,M,1997-08-12,2,Unknown,10,14607,,0
8079,2,1969-03-02,0,1,M,1997-08-13,2,Unknown,10,10107,,0
8080,2,1988-07-29,0,0,C,1997-08-13,2,Unknown,21,18507,,0
8081,3,1974-05-30,1800,0,B,1997-08-18,2,Unknown,10,12807,,0
8082,4,1941-02-15,1585,0,C,1997-08-19,0,Unknown,21,0,,0
8083,4,1974-06-04,1572,2,C,1997-08-19,2,Unknown,10,17807,,0
8084,2,1956-05-31,0,0,A,1997-08-20,0,Unknown,21,10107,,0
8085,3,1970-10-02,2237,2,E,1997-08-21,2,Unknown,10,10307,,0
8086,3,1949-06-09,0,0,D,1997-08-22,2,Unknown,10,17907,,0
8087,4,1971-11-16,0,0,C,1997-08-22,2,Unknown,10,16707,,0
8088,2,1972-01-05,0,0,A,1997-08-25,0,Unknown,21,0,,0
8089,2,1944-04-04,0,0,M,1997-08-25,2,Unknown,10,15707,,0
8090,3,1944-04-10,0,0,M,1997-08-25,0,Unknown,10,15707,,0
8091,3,1967-07-17,1985,3,F,1997-08-25,2,Unknown,10,11907,,0
8092,2,1955-09-22,0,0,M,1997-08-25,2,Unknown,10,10907,,0
8093,4,1978-04-07,0,0,C,1997-08-26,2,Unknown,10,10107,,0
8094,3,1955-08-25,0,0,A,1997-08-26,0,Unknown,10,10507,,0
8095,2,1946-11-23,0,0,D,1997-08-27,2,Unknown,10,10107,,0
8096,2,1964-07-12,1230,2,M,1997-08-28,2,Unknown,10,13607,,0
8097,4,1973-06-16,0,0,C,1997-08-29,2,Unknown,10,11907,,0
8098,3,1967-12-13,0,0,A,1997-09-01,0,Unknown,10,10107,,0
8099,3,1956-05-31,3949,2,V,1997-09-01,2,Unknown,10,10107,,0
8100,2,1964-04-04,0,0,A,1997-09-01,0,Unknown,23,0,,0
8101,3,1967-02-28,0,0,M,1997-09-03,2,Unknown,10,12807,,0
8102,3,1965-03-10,2403,0,S,1997-09-03,2,Unknown,10,10107,,0
8103,3,1970-09-06,0,1,B,1997-09-04,2,Unknown,10,18707,,0
8104,3,1944-04-15,1916,0,M,1997-09-04,2,Unknown,10,10107,,0
8105,3,1971-05-22,1265,0,M,1997-09-04,2,Unknown,10,17807,,0
8106,2,1967-07-17,0,0,A,1997-09-05,0,Unknown,10,15807,,0
8107,3,1948-09-20,1706,1,M,1997-09-08,2,Unknown,10,10307,,0
8108,3,1975-12-31,0,0,M,1997-09-08,2,Unknown,10,17907,,0
8109,3,1975-11-19,1659,1,M,1997-09-08,2,Unknown,10,13907,,0
8110,2,1945-12-04,0,0,M,1997-09-08,2,Unknown,10,10307,,0
8111,3,1967-04-18,0,0,A,1997-09-08,0,Unknown,25,0,,0
8112,3,1961-05-03,0,2,M,1997-09-09,2,Unknown,10,10107,,0
8113,2,1970-06-10,2156,1,M,1997-09-09,2,Unknown,10,10507,,0
8114,3,1956-01-10,0,0,D,1997-09-11,2,Unknown,10,15707,,0
8115,4,1976-04-26,0,0,C,1997-09-11,0,Unknown,10,13507,,0
8116,4,1993-04-29,0,0,C,1997-09-12,2,Unknown,21,10107,,0
8117,3,1973-09-20,0,0,M,1997-09-12,2,Unknown,10,18507,,0
8118,2,1972-11-06,2500,1,U,1997-09-15,2,Unknown,10,10107,,0
8119,2,1957-08-19,2318,1,M,1997-09-15,2,Unknown,10,10107,,0
8120,4,1976-02-07,0,0,C,1997-09-16,0,Unknown,10,13507,,0
8121,3,1969-11-15,1478,0,M,1997-09-16,2,Unknown,10,13507,,0
8122,2,1965-04-27,2966,2,M,1997-09-16,2,Unknown,10,17907,,0
8123,4,1972-06-16,0,2,C,1997-09-17,2,Unknown,10,12607,,0
8124,4,1974-09-05,0,0,C,1997-09-18,0,Unknown,10,13507,,0
8125,2,1971-01-01,0,0,A,1997-09-19,2,Unknown,10,10107,,0
8126,4,1972-01-13,1760,2,U,1997-09-19,2,Unknown,10,16707,,0
8127,2,1964-05-02,0,0,M,1997-09-19,2,Unknown,10,16607,,0
8128,4,1963-01-09,0,0,C,1997-09-19,2,Unknown,10,15807,,0
8129,1,,0,0,A,1997-09-22,0,Unknown,82,0,,0
8130,3,1953-05-27,1300,1,F,1997-09-22,2,Unknown,10,13607,,0
8131,3,1975-01-02,0,0,M,1997-09-23,2,Unknown,10,14707,,0
8132,2,1971-11-25,0,0,U,1997-09-23,2,Unknown,10,17807,,0
8133,4,1972-09-25,0,0,C,1997-09-24,0,Unknown,10,13507,,0
8134,3,1960-05-18,0,0,A,1997-09-24,0,DV,21,17807,2005-01-27,1
8135,2,1959-12-03,4050,2,M,1997-09-24,2,Unknown,10,10107,,0
8136,3,1939-04-25,0,0,A,1997-09-24,0,Unknown,25,0,,0
8137,4,1973-03-19,0,0,C,1997-09-25,2,Unknown,10,13507,,0
8138,3,1951-04-17,0,0,A,1997-09-25,0,Unknown,10,14607,,0
8139,4,1985-09-09,0,0,C,1997-09-25,2,Unknown,21,10107,,0
8140,3,1964-05-19,0,0,C,1997-09-26,0,Unknown,21,0,,0
8141,4,1974-11-13,0,0,A,1997-09-26,0,DV,21,14607,1998-08-24,1
8142,1,,0,0,A,1997-09-26,0,Unknown,61,10107,,0
8143,3,1953-12-07,2300,1,G,1997-09-26,2,Unknown,10,10307,,0
8144,3,1958-11-02,0,1,D,1997-09-26,2,Unknown,10,10207,,0
8145,3,1951-07-10,0,0,A,1997-09-29,0,Unknown,21,0,,0
8146,2,1967-05-16,0,0,C,1997-09-29,2,Unknown,10,13507,,0
8147,2,1964-07-03,2729,1,M,1997-09-29,2,Unknown,10,10807,,0
8148,2,1939-03-10,1517,0,M,1997-09-29,2,Unknown,10,13607,,0
8149,2,1975-04-12,0,0,C,1997-09-30,2,Unknown,10,11907,,0
8150,2,1955-08-09,1696,1,M,1997-10-01,2,Unknown,10,10207,,0
8151,3,1972-04-30,0,1,M,1997-10-01,2,Unknown,10,10207,,0
8152,2,1970-04-13,0,1,U,1997-10-02,2,Unknown,10,13507,,0
8153,3,1973-03-22,0,0,M,1997-10-02,2,Unknown,10,10107,,0
8154,2,1969-09-27,0,0,C,1997-10-02,2,Unknown,10,10907,,0
8155,2,1961-02-07,0,0,A,1997-10-02,0,Unknown,23,0,,0
8156,4,1962-08-21,1860,0,C,1997-10-06,2,Unknown,10,17807,,0
8157,4,1970-12-23,0,0,C,1997-10-06,2,Unknown,10,17807,,0
8158,4,1969-12-17,1295,0,C,1997-10-08,2,Unknown,21,10307,,0
8159,4,1970-08-02,0,0,U,1997-10-08,2,Unknown,10,13807,,0
8160,2,1958-10-21,0,0,C,1997-10-08,2,Unknown,10,13807,,0
8161,3,1960-09-28,0,0,M,1997-10-08,2,Unknown,10,17907,,0
8162,3,1967-10-21,0,0,M,1997-10-09,2,Unknown,10,17907,,0
8163,2,1972-05-25,1556,3,C,1997-10-09,2,Unknown,10,13907,,0
8164,4,1967-12-28,2353,0,C,1997-10-13,2,Unknown,10,10107,,0
8165,2,1951-01-20,0,0,A,1997-10-14,0,Unknown,21,0,,0
8166,2,1951-05-24,0,1,M,1997-10-14,2,Unknown,10,10107,,0
8167,3,1963-09-04,0,3,M,1997-10-15,2,Unknown,10,10207,,0
8168,3,1951-07-31,0,0,M,1997-10-15,0,Unknown,10,10207,,0
8169,4,1969-05-12,1600,1,M,1997-10-17,2,Unknown,10,10107,,0
8170,2,1951-04-17,0,0,M,1997-10-17,2,Unknown,10,10107,,0
8171,2,1962-05-07,1053,0,C,1997-10-17,2,Unknown,10,10207,,0
8172,2,1967-08-17,1504,0,M,1997-10-17,2,Unknown,10,13607,,0
8173,2,1970-01-21,0,0,U,1997-10-17,2,Unknown,10,13607,,0
8174,4,1972-12-31,0,2,M,1997-10-20,2,Unknown,10,16707,,0
8175,3,1958-12-08,0,0,M,1997-10-21,2,Unknown,10,17907,,0
8176,2,1968-06-16,2917,2,U,1997-10-21,2,Unknown,10,10107,,0
8177,3,1947-06-27,0,0,M,1997-10-21,2,Unknown,10,14707,,0
8178,3,1968-05-01,0,0,M,1997-10-22,2,Unknown,10,18507,,0
8179,3,1932-08-08,0,0,A,1997-10-22,0,Unknown,25,0,,0
8180,2,1966-08-22,2078,3,M,1997-10-23,2,Unknown,10,12807,,0
8181,2,1939-02-15,0,0,M,1997-10-24,2,Unknown,10,15807,,0
8182,2,1959-07-17,2300,3,P,1997-10-24,2,Unknown,10,15807,,0
8183,2,1951-08-19,0,0,M,1997-10-27,2,Unknown,10,10207,,0
8184,4,1970-06-16,1065,3,U,1997-10-27,2,Unknown,10,15807,,0
8185,2,1946-04-11,1270,0,D,1997-10-28,2,Unknown,10,18707,,0
8186,3,1954-08-15,902,0,M,1997-10-28,2,Unknown,10,10107,,0
8187,2,1935-03-30,0,0,M,1997-10-28,0,Unknown,10,10207,,0
8188,2,1947-12-17,0,0,A,1997-10-28,0,Unknown,25,0,,0
8189,3,1954-11-03,1200,0,M,1997-10-29,2,Unknown,10,13507,,0
8190,1,,0,0,A,1997-11-03,0,DV,61,10107,2002-09-26,1
8191,4,1968-05-15,0,0,C,1997-11-03,0,Unknown,23,0,,0
8192,3,1971-03-14,0,0,M,1997-11-05,2,Unknown,10,11907,,0
8193,2,1969-10-28,1900,1,M,1997-11-05,2,Unknown,10,16607,,0
8194,3,1969-03-07,1326,0,E,1997-11-05,2,Unknown,10,16807,,0
8195,2,1965-07-24,0,0,A,1997-11-05,0,DV,21,15607,2004-01-05,1
8196,2,1974-04-10,0,0,C,1997-11-05,2,Unknown,10,10907,,0
8197,1,,0,0,A,1997-11-06,0,Unknown,82,0,,0
8198,2,1987-10-13,0,0,C,1997-11-06,2,Unknown,21,10107,,0
8199,2,1929-07-05,0,0,M,1997-11-07,2,Unknown,10,11907,,0
8200,2,1994-01-23,0,0,C,1997-11-07,2,Unknown,21,10107,,0
8201,3,1971-07-26,1588,0,C,1997-11-07,2,Unknown,10,16607,,0
8202,3,1947-06-25,0,0,M,1997-11-07,2,Unknown,10,10107,,0
8203,3,1967-11-07,1901,3,M,1997-11-12,2,Unknown,10,11907,,0
8204,4,1970-06-02,1926,0,C,1997-11-12,2,Unknown,10,18507,,0
8205,3,1955-07-21,2470,1,M,1997-11-13,2,Unknown,10,15707,,0
8206,3,1968-02-01,2400,1,S,1997-11-13,2,Unknown,10,10107,,0
8207,2,1951-08-09,0,2,M,1997-11-13,2,Unknown,10,10107,,0
8208,4,1953-08-18,0,0,C,1997-11-13,2,Unknown,10,16607,,0
8209,2,1972-11-28,0,0,C,1997-11-13,2,Unknown,10,10307,,0
8210,2,1970-04-15,0,0,C,1997-11-14,2,Unknown,10,13807,,0
8211,3,1949-09-03,1400,0,U,1997-11-14,2,Unknown,10,12807,,0
8212,3,1947-08-31,4135,1,B,1997-11-14,2,Unknown,10,25679,,0
8213,3,1965-09-14,1960,3,G,1997-11-17,2,Unknown,10,10107,,0
8214,2,1938-10-08,0,0,A,1997-11-18,0,Unknown,21,0,,0
8215,4,1971-01-31,0,0,C,1997-11-18,2,Unknown,10,12607,,0
8216,2,1953-06-28,0,2,M,1997-11-18,2,Unknown,10,10207,,0
8217,2,1952-04-09,0,0,A,1997-11-19,0,Unknown,21,0,,0
8218,2,1973-12-07,1766,2,E,1997-11-19,2,Unknown,10,10807,,0
8219,2,1968-08-22,1793,0,U,1997-11-19,2,Unknown,10,13607,,0
8220,2,1960-05-10,0,1,M,1997-11-20,2,Unknown,10,13907,,0
8221,2,1992-01-04,0,0,C,1997-11-20,2,Unknown,21,10107,,0
8222,3,1965-05-03,2746,1,B,1997-11-20,2,Unknown,10,10207,,0
8223,2,1969-08-04,0,2,C,1997-11-21,2,Unknown,10,17607,,0
8224,3,1954-07-27,1000,2,E,1997-11-21,2,Unknown,10,10107,,0
8225,3,1963-07-15,0,0,A,1997-11-24,0,Unknown,21,18707,,0
8226,2,1968-11-17,0,1,M,1997-11-25,2,Unknown,10,17907,,0
8227,3,1955-03-14,2276,1,M,1997-11-28,2,Unknown,10,10507,,0
8228,2,1963-10-10,0,1,S,1997-11-28,2,Unknown,10,15807,,0
8229,4,1959-02-07,0,0,C,1997-11-28,0,Unknown,25,0,,0
8230,2,1949-01-03,2870,1,M,1997-12-01,0,Unknown,21,0,,0
8231,4,1975-03-05,0,0,C,1997-12-01,0,Unknown,10,10107,,0
8232,4,1969-05-05,1398,1,C,1997-12-01,2,Unknown,10,10107,,0
8233,2,1954-01-08,0,0,D,1997-12-02,2,Unknown,10,17907,,0
8234,2,1970-12-03,0,0,C,1997-12-02,2,Unknown,10,10107,,0
8235,2,1956-12-13,0,0,A,1997-12-03,0,Unknown,10,14607,,0
8236,3,1972-06-26,1663,0,M,1997-12-04,2,Unknown,10,17807,,0
8237,4,1972-03-10,0,0,C,1997-12-05,2,Unknown,10,15607,,0
8238,4,1969-09-08,1209,0,U,1997-12-08,2,Unknown,10,18707,,0
8239,4,1973-09-28,0,0,C,1997-12-08,2,Unknown,10,10107,,0
8240,3,1969-01-17,2459,3,M,1997-12-08,0,Unknown,10,10307,,0
8241,3,1942-06-03,2177,0,D,1997-12-09,2,Unknown,10,17907,,0
8242,4,1958-08-28,2314,2,U,1997-12-09,2,Unknown,10,12807,,0
8243,3,1947-09-23,0,0,A,1997-12-10,0,Unknown,21,0,,0
8244,2,1971-01-23,2058,1,M,1997-12-10,2,Unknown,10,10107,,0
8245,3,1957-03-03,0,1,M,1997-12-11,2,Unknown,10,10107,,0
8246,3,1975-08-09,0,0,U,1997-12-15,2,Unknown,10,13907,,0
8247,2,1945-07-16,0,0,M,1997-12-15,2,DA,10,0,1998-04-06,1
8248,4,1969-12-18,0,0,C,1997-12-17,2,Unknown,10,10107,,0
8249,3,1950-07-29,0,0,V,1997-12-17,2,Unknown,10,10207,,0
8250,4,1990-03-08,0,0,C,1997-12-19,2,Unknown,21,10107,,0
8251,4,1982-12-18,0,0,C,1997-12-19,2,Unknown,21,10107,,0
8252,4,1967-08-28,0,0,C,1997-12-22,2,Unknown,10,18707,,0
8253,2,1945-06-22,0,0,A,1997-12-22,0,Unknown,25,0,,0
8254,2,1945-09-29,2989,2,M,1997-12-23,2,Unknown,10,25679,,0
8255,4,1955-10-24,1500,3,U,1997-12-23,2,Unknown,10,17807,,0
8256,4,1958-12-20,0,0,C,1997-12-24,0,Unknown,23,0,,0
8257,2,1938-12-31,0,0,A,1997-12-31,0,Unknown,21,0,,0
8258,4,1984-12-08,0,0,C,1997-12-31,2,Unknown,21,10107,,0
8259,2,1955-07-09,0,2,M,1997-12-31,2,Unknown,10,10107,,0
8260,2,1972-05-04,0,0,D,1997-12-31,0,Unknown,10,16707,,0
8261,4,1975-05-26,0,0,C,1997-12-31,0,Unknown,10,15807,,0
8262,3,1973-10-14,1340,1,M,1998-01-02,2,Unknown,10,13507,,0
8263,2,1936-03-28,0,5,A,1998-01-05,2,Unknown,10,25679,,0
8264,2,1958-09-04,0,0,A,1998-01-05,0,Unknown,10,10107,,0
8265,2,1950-12-02,0,0,U,1998-01-07,2,Unknown,10,16807,,0
8266,3,1973-09-13,0,2,M,1998-01-08,2,Unknown,10,10107,,0
8267,2,1971-01-17,0,0,C,1998-01-12,2,Unknown,10,16607,,0
8268,2,1972-09-20,0,1,C,1998-01-12,2,Unknown,10,10507,,0
8269,3,1963-08-04,0,0,A,1998-01-12,0,Unknown,25,0,,0
8270,2,1956-01-28,5649,3,M,1998-01-12,0,Unknown,10,0,,0
8271,3,1970-11-23,2056,1,B,1998-01-13,2,Unknown,10,18707,,0
8272,3,1957-07-24,0,2,D,1998-01-13,2,Unknown,10,10107,,0
8273,3,1962-09-25,0,2,M,1998-01-13,2,Unknown,10,10107,,0
8274,3,1961-03-28,0,2,U,1998-01-13,2,Unknown,10,10107,,0
8275,2,1969-06-11,2118,1,M,1998-01-13,2,Unknown,10,17807,,0
8276,4,1971-08-25,0,0,C,1998-01-13,2,Unknown,10,17807,,0
8277,3,1935-01-01,0,0,A,1998-01-14,0,Unknown,25,0,,0
8278,2,1975-12-17,0,0,C,1998-01-15,2,Unknown,10,15607,,0
8279,3,1947-04-03,1230,0,M,1998-01-15,2,Unknown,10,13807,,0
8280,4,1970-05-01,1800,2,U,1998-01-19,2,Unknown,10,14607,,0
8281,3,1953-03-19,0,0,A,1998-01-19,0,Unknown,25,0,,0
8282,2,1969-06-02,0,0,U,1998-01-22,2,Unknown,10,15607,,0
8283,3,1953-10-18,0,0,M,1998-01-23,2,Unknown,10,15607,,0
8284,3,1975-01-21,0,0,C,1998-01-23,2,Unknown,10,13907,,0
8285,3,1958-04-08,0,2,M,1998-01-23,2,Unknown,10,13507,,0
8286,2,1944-10-23,0,3,M,1998-01-23,2,Unknown,10,10107,,0
8287,2,1965-12-09,2400,0,D,1998-01-26,2,Unknown,10,16807,,0
8288,2,1961-03-22,0,0,M,1998-01-28,2,Unknown,10,14607,,0
8289,2,1973-03-25,0,0,M,1998-01-29,2,Unknown,10,12807,,0
8290,2,1972-09-17,1090,0,A,1998-02-03,0,Unknown,21,0,,0
8291,2,1955-05-09,0,0,A,1998-02-03,0,Unknown,25,0,,0
8292,3,1942-04-01,0,0,M,1998-02-03,2,Unknown,10,10907,,0
8293,2,1965-10-21,0,0,A,1998-02-03,0,Unknown,10,17807,,0
8294,2,1959-04-27,0,0,M,1998-02-06,2,Unknown,10,10907,,0
8295,2,1958-11-13,0,0,M,1998-02-09,2,Unknown,10,17807,,0
8296,2,1969-10-31,2758,1,M,1998-02-09,2,Unknown,10,18507,,0
8297,3,1950-03-08,0,0,A,1998-02-09,0,Unknown,25,0,,0
8298,2,1966-07-02,1630,1,M,1998-02-10,2,Unknown,10,13807,,0
8299,2,1940-03-06,0,0,A,1998-02-10,0,Unknown,25,0,,0
8300,3,1969-10-05,1232,0,A,1998-02-13,2,Unknown,21,0,,0
8301,3,1939-09-25,0,0,M,1998-02-13,2,Unknown,10,18707,,0
8302,3,1958-12-26,0,2,M,1998-02-16,2,Unknown,21,10107,,0
8303,2,1952-06-27,0,1,C,1998-02-16,2,Unknown,10,10107,,0
8304,2,1945-05-07,0,1,M,1998-02-17,2,Unknown,10,10107,,0
8305,2,1967-01-22,1706,1,U,1998-02-17,2,Unknown,10,10107,,0
8306,2,1944-12-31,2290,0,M,1998-02-18,2,Unknown,10,10307,,0
8307,2,1948-09-04,0,0,A,1998-02-19,0,Unknown,25,0,,0
8308,2,1971-10-05,2000,2,M,1998-02-20,2,Unknown,10,14607,,0
8309,4,1970-11-02,1785,2,U,1998-02-20,2,Unknown,10,12607,,0
8310,3,1964-10-16,3221,3,M,1998-02-20,2,Unknown,10,25679,,0
8311,3,1971-11-15,2029,2,M,1998-02-24,2,Unknown,10,10907,,0
8312,2,1952-10-08,2058,2,M,1998-02-25,2,Unknown,10,10307,,0
8313,2,1964-03-30,1486,3,U,1998-02-26,2,Unknown,10,17907,,0
8314,3,1957-02-28,0,0,M,1998-02-26,2,Unknown,10,11607,,0
8315,2,1963-08-24,2856,2,M,1998-02-27,2,Unknown,10,10907,,0
8316,3,1973-09-03,1382,0,M,1998-03-03,2,Unknown,10,11907,,0
8317,3,1969-01-29,0,0,D,1998-03-04,2,Unknown,10,17807,,0
8318,3,1938-02-13,0,0,A,1998-03-04,0,Unknown,25,0,,0
8319,1,,0,0,A,1998-03-05,0,Unknown,82,0,,0
8320,3,1951-05-17,0,0,A,1998-03-05,0,Unknown,25,0,,0
8321,3,1976-07-08,0,0,A,1998-03-06,0,DV,21,13507,2001-02-07,1
8322,3,1958-10-11,0,0,D,1998-03-06,2,Unknown,10,13507,,0
8323,4,1968-09-15,0,0,C,1998-03-09,0,Unknown,10,11307,,0
8324,3,1961-05-07,0,1,M,1998-03-09,2,Unknown,10,13507,,0
8325,3,1970-11-10,1545,1,B,1998-03-10,2,Unknown,10,12807,,0
8326,3,1977-10-04,0,0,M,1998-03-10,0,Unknown,24,0,,0
8327,3,1950-02-16,0,0,M,1998-03-11,2,Unknown,10,10307,,0
8328,3,1966-10-10,0,0,M,1998-03-12,2,Unknown,10,16607,,0
8329,2,1968-11-05,1676,1,M,1998-03-13,2,Unknown,10,13507,,0
8330,4,1970-12-27,0,0,C,1998-03-16,0,Unknown,10,15607,,0
8331,3,1948-02-28,0,0,A,1998-03-16,0,Unknown,10,11607,,0
8332,3,1946-12-22,0,0,A,1998-03-16,0,Unknown,10,14707,,0
8333,2,1971-10-03,2000,1,G,1998-03-17,2,Unknown,10,13507,,0
8334,3,1956-01-13,0,2,M,1998-03-17,2,Unknown,10,11907,,0
8335,3,1942-12-05,2100,0,B,1998-03-17,2,Unknown,10,10107,,0
8336,3,1974-07-20,1595,1,M,1998-03-18,2,Unknown,10,13507,,0
8337,2,1947-05-15,0,0,D,1998-03-18,2,Unknown,10,13507,,0
8338,3,1949-11-29,2000,1,U,1998-03-19,2,Unknown,10,10107,,0
8339,2,1967-07-23,0,0,M,1998-03-20,2,Unknown,10,10907,,0
8340,2,1956-09-21,0,0,A,1998-03-23,0,DV,21,10107,2002-03-22,1
8341,2,1970-01-18,2053,2,M,1998-03-24,2,Unknown,10,13507,,0
8342,2,1973-11-17,0,0,C,1998-03-24,2,Unknown,10,16807,,0
8343,2,1943-12-10,0,0,A,1998-03-24,0,Unknown,25,0,,0
8344,2,1963-04-24,1500,0,P,1998-03-25,0,Unknown,21,0,,0
8345,2,1959-06-25,0,0,U,1998-03-25,2,Unknown,10,10307,,0
8346,2,1965-07-21,1829,2,A,1998-03-26,0,Unknown,21,0,,0
8347,2,1958-01-24,2635,1,A,1998-03-27,0,Unknown,21,0,,0
8348,3,1948-02-04,1615,1,A,1998-03-27,0,Unknown,21,0,,0
8349,2,1962-07-05,2724,2,B,1998-04-01,2,Unknown,10,15607,,0
8350,2,1970-05-20,0,0,A,1998-04-02,0,Unknown,23,0,,0
8351,4,1967-06-02,0,0,C,1998-04-02,2,Unknown,10,14707,,0
8352,3,1963-08-10,1295,3,A,1998-04-03,0,Unknown,21,0,,0
8353,2,1963-01-08,1230,2,M,1998-04-06,2,Unknown,10,16707,,0
8354,2,1971-04-09,0,0,M,1998-04-06,2,Unknown,10,16707,,0
8355,2,1945-05-07,2639,2,M,1998-04-07,2,Unknown,10,10107,,0
8356,3,1974-04-14,0,0,A,1998-04-09,0,Unknown,10,16707,,0
8357,4,1972-07-04,0,0,C,1998-04-10,2,Unknown,10,10107,,0
8358,2,1949-11-28,0,0,A,1998-04-10,0,Unknown,25,0,,0
8359,2,1967-06-29,0,0,M,1998-04-14,2,Unknown,10,13507,,0
8360,2,1957-02-26,2360,3,M,1998-04-14,0,Unknown,10,17907,,0
8361,2,1998-03-31,0,0,C,1998-04-14,2,Unknown,21,10107,,0
8362,4,1941-08-05,0,0,C,1998-04-15,0,Unknown,21,0,,0
8363,2,1970-12-09,0,0,C,1998-04-15,2,Unknown,10,10107,,0
8364,3,1963-12-01,1878,2,B,1998-04-15,2,Unknown,10,10907,,0
8365,2,1936-07-29,0,0,A,1998-04-15,0,Unknown,25,0,,0
8366,3,1932-08-01,1560,0,M,1998-04-16,0,Unknown,21,0,,0
8367,2,1961-07-23,1400,2,M,1998-04-17,2,Unknown,10,10507,,0
8368,2,1957-01-28,1705,2,M,1998-04-20,0,Unknown,10,0,,0
8369,2,1954-08-27,0,0,M,1998-04-21,2,Unknown,10,10907,,0
8370,3,1953-10-28,0,0,A,1998-04-21,0,Unknown,25,0,,0
8371,3,1961-10-10,2738,3,M,1998-04-22,2,Unknown,10,14607,,0
8372,3,1972-01-07,0,1,M,1998-04-23,2,Unknown,10,13807,,0
8373,2,1972-10-18,0,0,C,1998-04-23,2,Unknown,10,11907,,0
8374,3,1961-12-11,3561,4,U,1998-04-23,2,Unknown,10,13507,,0
8375,4,1970-08-07,0,0,C,1998-04-23,2,Unknown,10,14707,,0
8376,3,1944-02-02,1780,0,B,1998-04-23,0,Unknown,25,0,,0
8377,2,1961-06-26,1143,0,C,1998-04-24,2,Unknown,10,10107,,0
8378,3,1960-04-09,0,0,M,1998-04-24,2,Unknown,10,16807,,0
8379,3,1950-07-01,0,2,M,1998-04-24,0,Unknown,10,10207,,0
8380,2,1955-12-04,2362,1,A,1998-04-27,0,Unknown,21,0,,0
8381,3,1960-07-10,0,0,A,1998-04-27,0,Unknown,10,10107,,0
8382,4,1973-01-29,0,1,C,1998-04-28,2,Unknown,10,10107,,0
8383,3,1951-03-15,2018,1,E,1998-04-28,2,Unknown,10,13607,,0
8384,3,1956-10-26,0,0,M,1998-04-29,2,Unknown,10,17907,,0
8385,2,1950-10-22,2008,1,M,1998-04-29,0,Unknown,25,0,,0
8386,2,1967-11-12,1590,3,B,1998-04-30,2,Unknown,10,16707,,0
8387,2,1950-08-10,0,3,M,1998-04-30,2,Unknown,10,25679,,0
8388,3,1962-07-06,0,3,M,1998-04-30,0,Unknown,10,10507,,0
8389,3,1948-03-14,0,0,A,1998-04-30,0,Unknown,25,0,,0
8390,3,1948-07-04,0,0,A,1998-04-30,0,Unknown,25,0,,0
8391,4,1957-11-16,0,0,C,1998-05-04,0,Unknown,25,0,,0
8392,3,1946-06-16,0,0,A,1998-05-04,0,Unknown,10,18707,,0
8393,2,1966-04-16,0,2,U,1998-05-04,2,Unknown,10,10107,,0
8394,2,1948-01-21,0,0,M,1998-05-04,2,Unknown,10,25679,,0
8395,2,1945-12-20,1963,2,M,1998-05-05,2,Unknown,10,17807,,0
8396,3,1948-11-26,0,0,A,1998-05-05,0,Unknown,25,0,,0
8397,4,1972-08-29,0,0,C,1998-05-06,0,DV,21,10807,2003-09-15,1
8398,2,1950-12-26,3529,0,M,1998-05-07,2,Unknown,10,10107,,0
8399,2,1949-01-17,2500,2,U,1998-05-11,2,Unknown,25,0,,0
8400,2,1948-06-19,2944,2,M,1998-05-11,2,Unknown,10,10607,,0
8401,4,1942-02-25,0,0,C,1998-05-12,2,Unknown,10,13507,,0
8402,3,1939-06-24,1676,2,M,1998-05-12,2,Unknown,10,16607,,0
8403,2,1968-11-11,0,0,M,1998-05-13,2,Unknown,10,17507,,0
8404,2,1954-02-04,3700,3,M,1998-05-13,2,Unknown,10,18707,,0
8405,3,1968-03-23,0,2,M,1998-05-13,0,Unknown,10,10107,,0
8406,2,1967-04-19,1524,1,M,1998-05-13,2,Unknown,10,10807,,0
8407,2,1950-03-08,3188,0,M,1998-05-13,2,Unknown,10,15807,,0
8408,3,1955-05-15,1776,0,M,1998-05-13,2,Unknown,10,15807,,0
8409,2,1958-09-23,500,1,M,1998-05-13,2,Unknown,10,15807,,0
8410,4,1983-11-08,0,0,C,1998-05-14,0,Unknown,21,10107,,0
8411,4,1977-08-24,0,0,C,1998-05-15,0,Unknown,10,13507,,0
8412,2,1950-09-14,0,3,M,1998-05-15,2,Unknown,10,15807,,0
8413,3,1948-11-19,0,0,A,1998-05-18,0,Unknown,25,0,,0
8414,2,1982-03-11,0,0,C,1998-05-19,2,Unknown,21,10107,,0
8415,3,1964-07-20,0,0,M,1998-05-20,2,Unknown,10,17907,,0
8416,2,1948-04-26,0,0,D,1998-05-20,0,Unknown,10,18707,,0
8417,2,1978-02-08,0,0,C,1998-05-20,2,Unknown,10,14607,,0
8418,2,1963-12-12,0,0,A,1998-05-22,0,Unknown,25,0,,0
8419,2,1964-04-24,0,0,A,1998-05-22,0,Unknown,23,0,,0
8420,4,1955-10-04,0,3,U,1998-05-22,2,Unknown,10,10107,,0
8421,3,1953-01-11,1970,1,M,1998-05-22,2,Unknown,10,10207,,0
8422,4,1963-07-18,0,0,C,1998-05-22,0,Unknown,10,10107,,0
8423,2,1956-06-09,2654,1,E,1998-05-25,2,Unknown,10,18707,,0
8424,3,1950-04-03,0,0,A,1998-05-26,0,Unknown,21,0,,0
8425,4,1984-06-10,0,0,C,1998-05-26,2,Unknown,21,10107,,0
8426,2,1967-10-23,0,0,A,1998-05-27,0,Unknown,10,11307,,0
8427,4,1968-09-14,1600,1,C,1998-05-27,2,Unknown,10,11307,,0
8428,4,1965-06-23,0,2,C,1998-05-27,0,Unknown,21,0,,0
8429,3,1963-01-10,0,0,M,1998-05-28,0,DA,21,0,1998-06-11,1
8430,2,1998-03-25,0,0,C,1998-05-28,2,Unknown,21,10107,,0
8431,3,1966-09-29,2067,2,G,1998-05-28,2,Unknown,10,10107,,0
8432,4,1972-04-26,1150,0,C,1998-05-28,2,Unknown,10,10807,,0
8433,2,1968-11-27,1895,1,M,1998-05-29,2,Unknown,10,0,,0
8434,3,1964-07-23,0,0,A,1998-05-29,0,Unknown,25,0,,0
8435,2,1972-04-21,1120,1,M,1998-05-29,2,Unknown,10,10307,,0
8436,2,1969-05-07,0,0,A,1998-05-29,0,Unknown,10,10807,,0
8437,2,1976-12-01,2800,0,C,1998-06-02,2,Unknown,10,10107,,0
8438,3,1962-11-27,0,2,A,1998-06-03,0,Unknown,21,0,,0
8439,2,1971-06-20,1850,2,E,1998-06-03,2,Unknown,10,10107,,0
8440,4,1961-05-24,0,0,U,1998-06-03,2,Unknown,10,25679,,0
8441,2,1960-10-07,0,0,A,1998-06-04,0,Unknown,25,0,,0
8442,2,1986-10-01,0,0,C,1998-06-04,2,Unknown,21,10107,,0
8443,2,1966-06-30,0,0,M,1998-06-04,0,Unknown,10,10207,,0
8444,2,1957-08-03,0,0,C,1998-06-05,2,Unknown,10,10307,,0
8445,3,1962-05-29,0,0,M,1998-06-05,2,Unknown,10,16807,,0
8446,2,1972-05-17,0,0,U,1998-06-05,2,Unknown,10,10207,,0
8447,2,1966-04-23,1981,2,C,1998-06-05,2,Unknown,10,14707,,0
8448,2,1968-03-16,1387,0,A,1998-06-08,0,Unknown,21,0,,0
8449,3,1948-09-13,3990,2,D,1998-06-09,2,Unknown,10,25679,,0
8450,2,1941-09-07,0,0,M,1998-06-09,2,Unknown,10,10207,,0
8451,3,1962-06-12,2342,3,A,1998-06-10,0,Unknown,21,0,,0
8452,2,1942-08-22,0,0,A,1998-06-10,0,DC,10,13507,,0
8453,2,1961-05-21,0,2,M,1998-06-10,2,Unknown,10,18707,,0
8454,2,1966-08-08,1391,2,U,1998-06-10,2,Unknown,10,18707,,0
8455,3,1958-11-09,0,2,S,1998-06-10,2,Unknown,10,10107,,0
8456,3,1969-05-31,0,0,M,1998-06-10,2,Unknown,10,10507,,0
8457,2,1970-12-22,0,0,U,1998-06-11,0,Unknown,10,11907,,0
8458,2,1960-04-23,0,2,M,1998-06-12,2,Unknown,10,10107,,0
8459,2,1936-01-15,0,0,M,1998-06-15,2,Unknown,10,10107,,0
8460,3,1967-06-12,1665,5,M,1998-06-16,2,Unknown,10,10107,,0
8461,2,1974-02-28,0,1,U,1998-06-16,2,Unknown,10,10107,,0
8462,3,1978-07-06,0,0,M,1998-06-17,2,Unknown,10,10107,,0
8463,2,1998-01-31,0,0,C,1998-06-17,2,Unknown,21,10107,,0
8464,3,1972-11-08,0,1,M,1998-06-18,2,Unknown,21,10107,,0
8465,3,1963-12-28,0,1,M,1998-06-18,0,Unknown,10,15707,,0
8466,3,1956-06-18,0,0,M,1998-06-18,2,Unknown,10,10107,,0
8467,3,1946-05-25,0,0,A,1998-06-22,0,Unknown,25,0,,0
8468,3,1971-11-07,2544,3,M,1998-06-22,2,Unknown,10,10807,,0
8469,3,1950-04-21,1381,0,B,1998-06-23,2,Unknown,10,0,,0
8470,2,1958-10-09,0,0,M,1998-06-23,2,Unknown,10,15607,,0
8471,4,1968-02-06,0,0,C,1998-06-23,2,Unknown,10,10107,,0
8472,4,1971-01-12,0,0,C,1998-06-23,2,Unknown,10,10107,,0
8473,2,1945-09-13,0,0,M,1998-06-23,2,Unknown,10,14707,,0
8474,3,1939-11-28,0,0,M,1998-06-24,0,DA,21,0,1998-08-12,1
8475,2,1956-07-31,3714,2,U,1998-06-24,2,Unknown,10,25679,,0
8476,3,1971-07-03,2327,0,D,1998-06-25,2,Unknown,10,10107,,0
8477,3,1961-04-30,0,2,A,1998-06-26,0,Unknown,21,0,,0
8478,3,1969-10-23,2168,2,M,1998-06-26,2,Unknown,10,18707,,0
8479,3,1951-09-09,0,0,D,1998-06-26,2,Unknown,10,13907,,0
8480,2,1988-03-09,0,0,C,1998-06-26,2,Unknown,21,10107,,0
8481,4,1971-05-06,0,0,C,1998-06-29,2,Unknown,10,10107,,0
8482,3,1949-04-27,2340,0,G,1998-06-29,2,Unknown,10,17807,,0
8483,3,1949-08-26,0,0,A,1998-06-30,0,Unknown,25,0,,0
8484,3,1973-06-12,1476,0,M,1998-06-30,2,Unknown,10,13507,,0
8485,2,1986-01-02,0,0,C,1998-06-30,2,Unknown,21,10107,,0
8486,2,1969-01-29,0,0,C,1998-06-30,2,Unknown,10,11907,,0
8487,3,1970-07-18,1920,2,B,1998-07-02,2,Unknown,10,16607,,0
8488,2,1970-09-08,0,2,M,1998-07-02,0,DV,21,13607,2007-02-02,1
8489,4,1975-10-08,0,0,C,1998-07-02,0,Unknown,10,10307,,0
8490,2,1964-11-29,3372,2,E,1998-07-03,2,Unknown,10,14607,,0
8491,4,1984-04-03,836,0,C,1998-07-03,2,Unknown,10,10107,,0
8492,2,1937-09-27,0,0,A,1998-07-06,0,Unknown,25,0,,0
8493,3,1976-02-28,19044,1,M,1998-07-06,2,Unknown,10,10307,,0
8494,2,1953-04-08,6850,0,G,1998-07-07,0,Unknown,21,0,,0
8495,2,1964-09-22,2167,3,M,1998-07-07,2,Unknown,10,11907,,0
8496,4,1960-01-31,0,2,C,1998-07-07,2,Unknown,10,10107,,0
8497,2,1971-12-10,1384,0,M,1998-07-08,2,Unknown,10,0,,0
8498,2,1967-04-22,1997,2,M,1998-07-08,2,Unknown,10,10907,,0
8499,2,1958-07-07,0,0,M,1998-07-08,2,Unknown,10,11607,,0
8500,3,1950-06-18,2043,0,M,1998-07-09,2,Unknown,10,17807,,0
8501,2,1969-06-21,0,2,C,1998-07-10,2,Unknown,10,10107,,0
8502,2,1956-09-03,0,1,M,1998-07-15,2,Unknown,10,25679,,0
8503,3,1942-05-04,0,0,M,1998-07-15,2,Unknown,10,17907,,0
8504,2,1969-05-14,0,1,M,1998-07-15,2,Unknown,10,25679,,0
8505,3,1937-01-30,0,0,A,1998-07-16,0,Unknown,25,0,,0
8506,2,1970-10-20,0,0,C,1998-07-16,0,Unknown,10,10307,,0
8507,3,1977-07-26,1800,2,M,1998-07-16,2,Unknown,10,10307,,0
8508,4,1973-11-28,1502,0,C,1998-07-16,2,Unknown,10,10307,,0
8509,4,1983-03-25,0,0,C,1998-07-17,2,Unknown,21,10107,,0
8510,3,1975-11-19,0,0,U,1998-07-17,2,Unknown,10,10307,,0
8511,3,1961-02-04,0,0,A,1998-07-20,0,Unknown,25,0,,0
8512,2,1983-05-03,0,0,C,1998-07-20,2,Unknown,21,10107,,0
8513,3,1974-07-03,1917,2,M,1998-07-22,2,Unknown,10,13507,,0
8514,3,1938-02-23,0,0,A,1998-07-23,0,Unknown,25,0,,0
8515,4,1964-03-17,1716,0,U,1998-07-23,2,Unknown,10,17907,,0
8516,3,1975-07-10,0,1,C,1998-07-23,2,Unknown,10,13507,,0
8517,2,1972-01-01,0,0,C,1998-07-23,0,Unknown,10,10107,,0
8518,2,1965-07-19,0,0,M,1998-07-23,2,Unknown,10,12807,,0
8519,2,1972-08-23,0,0,C,1998-07-24,0,RA,21,13507,2006-06-06,1
8520,3,1971-04-24,0,0,A,1998-07-27,0,Unknown,24,0,,0
8521,4,1975-06-15,0,0,C,1998-07-27,0,Unknown,24,0,,0
8522,2,1966-05-03,0,2,M,1998-07-28,2,Unknown,10,17907,,0
8523,4,1959-10-21,2394,2,U,1998-07-28,2,Unknown,10,25679,,0
8524,2,1962-06-17,0,0,U,1998-07-29,2,Unknown,10,13807,,0
8525,2,1997-04-01,0,0,A,1998-07-29,0,Unknown,21,10107,,0
8526,2,1945-05-29,3722,0,D,1998-07-29,0,DC,10,25679,,0
8527,1,,0,0,A,1998-07-30,0,Unknown,82,0,,0
8528,2,1924-12-21,0,0,M,1998-07-30,2,Unknown,10,10107,,0
8529,3,1949-02-18,2073,2,M,1998-07-31,0,Unknown,21,0,,0
8530,3,1975-02-11,0,0,C,1998-08-03,2,Unknown,10,13507,,0
8531,1,,0,0,A,1998-08-05,4,Unknown,61,10107,,0
8532,2,1949-07-13,1300,2,E,1998-08-05,0,Unknown,21,0,,0
8533,3,1952-06-20,2878,0,B,1998-08-05,0,Unknown,25,0,,0
8534,2,1943-03-22,0,0,A,1998-08-05,0,Unknown,23,0,,0
8535,2,1974-12-04,2250,2,M,1998-08-05,2,Unknown,10,0,,0
8536,4,1969-01-19,0,0,C,1998-08-05,2,Unknown,10,15807,,0
8537,3,1958-01-09,0,0,A,1998-08-05,0,Unknown,10,0,,0
8538,1,,0,0,A,1998-08-06,0,Unknown,61,10107,,0
8539,3,1971-12-15,0,0,M,1998-08-06,2,Unknown,10,17507,,0
8540,2,1940-10-27,2405,0,B,1998-08-06,2,Unknown,10,12607,,0
8541,3,1957-08-12,1600,2,M,1998-08-07,2,Unknown,10,10107,,0
8542,1,,0,0,A,1998-08-07,4,Unknown,61,10107,,0
8543,3,1958-08-22,0,1,M,1998-08-07,2,Unknown,10,10107,,0
8544,1,,0,0,A,1998-08-10,4,Unknown,61,10107,,0
8545,1,,0,0,A,1998-08-10,4,Unknown,61,10107,,0
8546,2,1946-07-15,0,0,C,1998-08-10,2,DA,10,0,1999-04-07,1
8547,3,1950-06-24,0,0,D,1998-08-10,2,Unknown,10,18507,,0
8548,2,1972-04-14,1398,1,U,1998-08-12,2,Unknown,10,17907,,0
8549,2,1951-06-23,5617,2,M,1998-08-13,2,Unknown,10,13907,,0
8550,3,1939-01-27,1870,0,M,1998-08-13,2,Unknown,10,16707,,0
8551,2,1969-07-20,0,0,A,1998-08-14,0,Unknown,21,0,,0
8552,2,1951-04-14,2368,0,M,1998-08-14,0,Unknown,25,0,,0
8553,2,1968-12-22,0,0,A,1998-08-14,2,Unknown,10,10107,,0
8554,3,1947-09-09,0,0,A,1998-08-17,0,Unknown,25,0,,0
8555,1,,0,0,A,1998-08-19,4,Unknown,61,10107,,0
8556,3,1943-01-26,0,0,A,1998-08-20,0,Unknown,25,0,,0
8557,4,1990-03-21,0,0,C,1998-08-24,2,Unknown,21,10107,,0
8558,2,1949-12-13,0,1,M,1998-08-25,2,Unknown,10,10907,,0
8559,4,1974-05-16,1705,0,C,1998-08-26,2,Unknown,10,10107,,0
8560,2,1968-02-22,0,1,M,1998-08-28,2,Unknown,10,16607,,0
8561,3,1957-03-03,0,2,M,1998-08-31,2,Unknown,10,10107,,0
8562,2,1972-10-16,0,0,C,1998-08-31,0,Unknown,10,10107,,0
8563,4,1972-03-18,0,0,C,1998-08-31,2,Unknown,10,10107,,0
8564,3,1972-06-11,0,1,M,1998-08-31,2,Unknown,10,11607,,0
8565,4,1972-04-11,2317,2,C,1998-09-02,2,Unknown,10,10107,,0
8566,3,1975-06-29,0,0,U,1998-09-02,2,Unknown,10,16607,,0
8567,3,1973-03-22,1976,2,M,1998-09-02,2,Unknown,10,16707,,0
8568,2,1976-03-06,1660,0,C,1998-09-02,2,Unknown,10,18507,,0
8569,3,1974-05-06,0,1,D,1998-09-02,2,Unknown,10,13507,,0
8570,2,1975-03-10,0,0,M,1998-09-02,2,Unknown,10,14607,,0
8571,2,1972-06-24,0,0,C,1998-09-02,2,Unknown,10,16707,,0
8572,4,1959-08-08,1355,0,C,1998-09-02,2,Unknown,10,17807,,0
8573,2,1972-09-01,1539,1,M,1998-09-03,2,Unknown,10,13507,,0
8574,4,1965-06-19,1676,0,C,1998-09-03,2,Unknown,10,16707,,0
8575,3,1961-09-16,0,0,A,1998-09-03,0,Unknown,10,13607,,0
8576,1,,0,0,A,1998-09-04,0,Unknown,61,10107,,0
8577,4,1971-10-27,0,0,C,1998-09-04,2,Unknown,10,10207,,0
8578,2,1970-09-25,1900,2,M,1998-09-04,2,Unknown,10,10107,,0
8579,3,1972-06-19,0,0,C,1998-09-07,2,Unknown,10,14607,,0
8580,2,1970-09-18,1520,1,M,1998-09-07,2,Unknown,10,10107,,0
8581,2,1968-07-20,0,0,M,1998-09-08,2,Unknown,10,14607,,0
8582,2,1964-05-10,1682,3,M,1998-09-08,2,Unknown,10,10307,,0
8583,2,1952-10-04,625,2,M,1998-09-08,2,Unknown,10,10107,,0
8584,3,1946-07-28,0,0,A,1998-09-09,0,Unknown,25,0,,0
8585,3,1965-04-28,0,3,M,1998-09-09,2,Unknown,10,12807,,0
8586,3,1973-06-18,0,1,C,1998-09-09,2,Unknown,10,17807,,0
8587,3,1955-09-19,0,0,M,1998-09-10,2,Unknown,10,15807,,0
8588,2,1932-07-13,2134,0,M,1998-09-10,2,Unknown,10,10907,,0
8589,4,1971-02-28,2000,0,C,1998-09-11,2,Unknown,10,16607,,0
8590,4,1973-04-10,0,0,A,1998-09-11,0,DV,21,12607,2001-02-16,1
8591,4,1973-09-16,0,0,C,1998-09-14,0,Unknown,10,11307,,0
8592,3,1969-10-18,0,0,M,1998-09-14,2,Unknown,10,16707,,0
8593,2,1962-12-30,2738,2,M,1998-09-15,0,Unknown,21,0,,0
8594,3,1968-06-17,0,0,M,1998-09-15,2,Unknown,10,13507,,0
8595,4,1971-08-25,0,0,C,1998-09-15,2,Unknown,10,10107,,0
8596,4,1975-04-07,0,0,C,1998-09-15,0,Unknown,10,10307,,0
8597,2,1956-11-22,0,2,M,1998-09-15,2,Unknown,10,25679,,0
8598,3,1940-03-26,0,0,V,1998-09-16,2,Unknown,10,16707,,0
8599,3,1961-07-31,0,0,M,1998-09-16,2,Unknown,10,15807,,0
8600,3,1973-09-22,0,0,M,1998-09-17,2,Unknown,10,13507,,0
8601,2,1991-03-08,0,0,A,1998-09-17,0,Unknown,21,10107,,0
8602,2,1974-09-29,1400,0,C,1998-09-17,2,Unknown,10,17807,,0
8603,3,1974-06-14,1562,1,M,1998-09-18,2,Unknown,10,10607,,0
8604,4,1975-05-21,1134,0,C,1998-09-18,2,Unknown,10,17907,,0
8605,4,1975-11-13,0,1,C,1998-09-18,2,Unknown,10,10107,,0
8606,2,1967-05-25,1630,0,M,1998-09-21,2,Unknown,10,10807,,0
8607,2,1968-08-12,0,0,C,1998-09-22,2,Unknown,10,12807,,0
8608,1,,0,0,A,1998-09-23,0,RA,82,0,2003-02-18,1
8609,4,1972-05-12,0,0,C,1998-09-23,2,Unknown,10,0,,0
8610,3,1974-07-02,0,0,U,1998-09-23,2,Unknown,10,10307,,0
8611,2,1963-05-06,2000,2,B,1998-09-23,2,Unknown,10,10807,,0
8612,4,1974-01-24,0,0,C,1998-09-24,2,Unknown,10,17807,,0
8613,3,1975-06-11,1725,0,M,1998-09-24,2,Unknown,10,10807,,0
8614,4,1958-06-05,0,0,C,1998-09-24,2,Unknown,10,12607,,0
8615,2,1970-07-21,1676,0,M,1998-09-24,2,Unknown,10,12807,,0
8616,3,1962-11-07,3200,0,M,1998-09-24,2,Unknown,10,14707,,0
8617,4,1974-02-14,0,0,C,1998-09-24,2,Unknown,10,17807,,0
8618,4,1975-01-31,0,1,C,1998-09-24,2,Unknown,10,17807,,0
8619,3,1946-03-02,0,0,D,1998-09-25,2,Unknown,21,13807,,0
8620,2,1972-01-28,0,0,M,1998-09-25,0,Unknown,10,17907,,0
8621,3,1969-06-26,1309,2,D,1998-09-25,2,Unknown,10,10107,,0
8622,2,1973-08-27,1650,0,C,1998-09-25,2,Unknown,10,10107,,0
8623,4,1972-11-18,1930,1,M,1998-09-28,2,Unknown,10,17507,,0
8624,3,1979-09-03,2033,0,B,1998-09-28,2,Unknown,10,25679,,0
8625,3,1960-10-27,0,1,M,1998-09-28,2,Unknown,10,14707,,0
8626,3,1972-08-01,1491,1,M,1998-09-29,2,Unknown,10,0,,0
8627,2,1964-08-21,0,0,A,1998-09-29,0,Unknown,23,0,,0
8628,4,1982-03-14,0,0,C,1998-09-30,2,Unknown,21,10107,,0
8629,4,1972-06-05,0,0,M,1998-09-30,2,Unknown,10,10307,,0
8630,2,1951-09-10,2969,2,M,1998-10-01,0,Unknown,21,0,,0
8631,3,1963-05-26,0,0,A,1998-10-01,0,DV,21,15607,2003-12-04,1
8632,3,1947-06-28,0,1,V,1998-10-01,2,Unknown,10,10207,,0
8633,2,1951-01-17,0,0,C,1998-10-01,0,Unknown,10,14707,,0
8634,1,,0,0,A,1998-10-01,4,Unknown,61,10107,,0
8635,3,1975-05-11,1823,2,G,1998-10-02,2,Unknown,10,14607,,0
8636,3,1962-09-17,1772,2,M,1998-10-02,2,Unknown,10,10107,,0
8637,2,1968-03-27,0,0,C,1998-10-02,2,Unknown,10,10107,,0
8638,2,1948-05-13,2281,0,M,1998-10-05,0,Unknown,25,0,,0
8639,3,1973-10-02,0,0,U,1998-10-05,2,Unknown,10,15707,,0
8640,2,1962-12-02,0,0,M,1998-10-05,2,Unknown,10,15707,,0
8641,3,1971-01-12,2123,2,M,1998-10-05,2,Unknown,10,10507,,0
8642,3,1976-11-11,1946,2,M,1998-10-06,2,Unknown,10,13807,,0
8643,2,1976-06-04,0,1,M,1998-10-07,0,DV,21,12807,2005-03-10,1
8644,2,1963-08-20,3017,2,M,1998-10-08,2,Unknown,10,0,,0
8645,4,1967-02-14,0,0,C,1998-10-08,0,Unknown,21,0,,0
8646,3,1954-04-05,1046,2,M,1998-10-08,2,Unknown,10,0,,0
8647,3,1977-06-06,0,0,M,1998-10-08,0,Unknown,10,13907,,0
8648,3,1961-03-31,2286,2,M,1998-10-08,2,Unknown,10,13507,,0
8649,3,1973-06-07,2439,0,M,1998-10-12,2,Unknown,10,0,,0
8650,3,1965-01-24,1572,1,M,1998-10-12,0,DA,21,0,2004-07-23,1
8651,2,1973-04-19,0,1,M,1998-10-13,2,Unknown,10,17907,,0
8652,4,1973-02-12,0,0,C,1998-10-13,2,Unknown,10,13507,,0
8653,2,1971-01-05,1171,1,S,1998-10-13,2,Unknown,10,16707,,0
8654,2,1972-12-10,1600,0,P,1998-10-13,0,Unknown,10,12807,,0
8655,3,1962-10-02,1190,1,A,1998-10-13,0,DV,21,10307,2005-01-28,1
8656,2,1970-12-31,1736,1,G,1998-10-13,2,Unknown,10,10307,,0
8657,2,1971-02-18,1940,1,M,1998-10-14,2,Unknown,10,13807,,0
8658,4,1961-01-26,0,0,C,1998-10-14,2,Unknown,10,14607,,0
8659,3,1955-02-19,1867,2,A,1998-10-15,0,Unknown,21,0,,0
8660,2,1974-11-22,1900,1,U,1998-10-15,2,Unknown,10,10107,,0
8661,3,1958-04-02,0,0,A,1998-10-15,0,Unknown,25,0,,0
8662,3,1964-07-30,2100,2,U,1998-10-15,2,Unknown,10,0,,0
8663,4,1975-10-02,0,0,C,1998-10-16,2,Unknown,10,16607,,0
8664,3,1975-08-05,0,0,M,1998-10-16,2,Unknown,10,10807,,0
8665,3,1942-01-19,0,0,A,1998-10-16,0,Unknown,25,0,,0
8666,3,1949-05-26,3896,0,G,1998-10-19,2,Unknown,10,11907,,0
8667,2,1995-09-04,0,0,C,1998-10-19,2,Unknown,21,10107,,0
8668,4,1961-08-23,0,0,C,1998-10-20,2,Unknown,10,10107,,0
8669,3,1957-04-20,0,3,A,1998-10-21,0,Unknown,21,0,,0
8670,2,1972-09-24,1720,2,U,1998-10-21,2,Unknown,10,10107,,0
8671,2,1960-07-13,2604,2,U,1998-10-23,0,Unknown,10,0,,0
8672,4,1968-04-21,0,0,A,1998-10-23,0,DV,21,10107,1999-02-19,1
8673,2,1956-05-10,0,0,A,1998-10-23,0,Unknown,25,0,,0
8674,2,1971-06-23,0,0,C,1998-10-26,2,Unknown,10,16807,,0
8675,2,1971-01-16,2463,1,M,1998-10-27,2,Unknown,21,10207,,0
8676,4,1965-10-08,0,0,C,1998-10-27,0,Unknown,10,10307,,0
8677,3,1952-11-28,2425,2,M,1998-10-27,2,Unknown,10,10907,,0
8678,2,1962-09-14,2373,2,G,1998-10-27,2,Unknown,10,13607,,0
8679,3,1972-12-09,0,0,M,1998-10-27,2,Unknown,10,17807,,0
8680,2,1957-04-09,0,0,M,1998-10-28,2,Unknown,10,11607,,0
8681,3,1959-05-07,0,2,D,1998-10-28,2,Unknown,10,17807,,0
8682,3,1934-10-09,0,0,A,1998-10-28,0,DV,21,0,2001-11-22,1
8683,3,1964-09-16,0,0,D,1998-10-29,2,Unknown,10,15707,,0
8684,2,1969-10-07,0,0,C,1998-10-29,2,Unknown,10,14607,,0
8685,4,1948-10-08,0,0,C,1998-10-29,2,Unknown,10,17907,,0
8686,2,1941-08-06,0,0,A,1998-10-29,0,Unknown,25,0,,0
8687,4,1968-11-25,1560,2,U,1998-10-30,2,Unknown,10,18707,,0
8688,4,1974-05-19,0,0,M,1998-10-30,0,Unknown,10,13507,,0
8689,3,1964-06-19,1900,2,G,1998-10-30,2,Unknown,10,0,,0
8690,3,1945-07-03,0,0,A,1998-11-02,0,Unknown,25,0,,0
8691,3,1952-12-01,0,0,M,1998-11-03,0,DA,21,13807,2004-01-19,1
8692,2,1968-01-06,2028,2,U,1998-11-03,2,Unknown,10,17907,,0
8693,2,1957-04-13,0,0,A,1998-11-03,0,Unknown,25,0,,0
8694,2,1943-06-05,0,0,A,1998-11-03,0,Unknown,21,0,,0
8695,3,1964-11-13,0,0,M,1998-11-04,2,Unknown,10,12807,,0
8696,4,1944-04-10,0,0,C,1998-11-04,0,Unknown,25,0,,0
8697,3,1949-12-14,1097,2,M,1998-11-05,2,Unknown,10,17907,,0
8698,4,1982-02-22,0,0,C,1998-11-05,2,Unknown,21,10107,,0
8699,2,1971-05-09,1661,2,B,1998-11-05,2,Unknown,10,0,,0
8700,4,1971-07-01,1901,1,U,1998-11-06,2,Unknown,10,10107,,0
8701,3,1963-08-22,1571,2,M,1998-11-06,2,Unknown,10,12807,,0
8702,3,1976-09-14,0,0,M,1998-11-09,2,Unknown,10,17907,,0
8703,2,1974-02-21,0,0,M,1998-11-09,0,Unknown,10,10107,,0
8704,2,1962-09-10,1600,3,M,1998-11-09,0,Unknown,21,0,,0
8705,2,1971-05-22,1563,2,A,1998-11-10,0,Unknown,10,0,,0
8706,3,1961-11-08,0,0,M,1998-11-12,2,Unknown,10,14607,,0
8707,3,1958-10-26,0,2,M,1998-11-13,2,Unknown,10,10107,,0
8708,2,1938-06-30,3435,0,M,1998-11-16,2,Unknown,10,14607,,0
8709,2,1945-08-28,0,0,A,1998-11-16,0,Unknown,21,0,,0
8710,4,1986-04-24,0,0,C,1998-11-17,2,Unknown,21,10107,,0
8711,3,1954-04-25,1000,1,B,1998-11-17,0,Unknown,21,0,,0
8712,2,1962-11-19,0,0,M,1998-11-17,2,Unknown,21,17807,,0
8713,3,1959-08-16,0,1,M,1998-11-19,2,Unknown,10,10107,,0
8714,4,1976-12-30,1402,0,U,1998-11-19,2,Unknown,10,25679,,0
8715,2,1937-10-08,2826,3,M,1998-11-19,2,Unknown,10,17807,,0
8716,4,1975-12-27,0,0,C,1998-11-20,2,Unknown,10,10107,,0
8717,2,1957-04-30,0,0,M,1998-11-23,2,Unknown,10,12807,,0
8718,4,1974-05-02,0,0,C,1998-11-23,2,Unknown,10,10807,,0
8719,2,1951-10-07,0,2,M,1998-11-23,2,Unknown,10,10507,,0
8720,2,1970-10-08,0,0,A,1998-11-24,0,Unknown,10,13507,,0
8721,4,1967-03-15,0,2,C,1998-11-24,2,Unknown,10,13507,,0
8722,2,1951-09-18,1600,0,M,1998-11-24,2,Unknown,10,11607,,0
8723,3,1957-12-26,0,0,A,1998-11-24,2,DC,10,14707,,0
8724,2,1954-12-20,0,1,A,1998-11-25,0,Unknown,21,0,,0
8725,4,1998-10-27,0,0,C,1998-11-25,0,Unknown,21,10107,,0
8726,4,1971-04-25,0,0,U,1998-11-25,0,Unknown,10,10207,,0
8727,3,1963-04-16,1270,2,M,1998-11-25,2,Unknown,10,0,,0
8728,3,1972-12-09,1250,1,B,1998-11-26,0,Unknown,21,0,,0
8729,3,1940-12-07,0,0,A,1998-11-30,0,Unknown,10,15607,,0
8730,2,1966-11-13,2019,0,M,1998-11-30,2,Unknown,10,13507,,0
8731,4,1973-08-01,1562,2,U,1998-11-30,0,Unknown,10,15607,,0
8732,4,1974-09-26,0,0,U,1998-11-30,2,Unknown,10,13507,,0
8733,3,1964-09-22,1000,3,M,1998-11-30,2,Unknown,10,16807,,0
8734,3,1969-10-19,0,0,A,1998-12-01,0,Unknown,21,0,,0
8735,3,1944-06-24,0,0,A,1998-12-01,0,Unknown,23,0,,0
8736,2,1959-11-14,2038,2,A,1998-12-02,0,Unknown,21,0,,0
8737,4,1973-07-15,2006,0,C,1998-12-03,2,Unknown,10,13807,,0
8738,2,1972-01-23,962,2,M,1998-12-03,2,Unknown,10,10807,,0
8739,2,1922-02-03,0,0,A,1998-12-03,0,Unknown,21,0,,0
8740,2,1942-04-11,0,0,M,1998-12-04,2,Unknown,10,13507,,0
8741,2,1938-06-15,1811,3,A,1998-12-07,0,Unknown,21,0,,0
8742,2,1963-04-12,0,0,C,1998-12-07,2,Unknown,10,13607,,0
8743,3,1952-02-01,0,0,A,1998-12-07,0,Unknown,21,0,,0
8744,2,1949-01-30,2545,1,A,1998-12-08,0,DC,21,0,,0
8745,2,1974-12-19,3260,0,M,1998-12-08,2,Unknown,10,11907,,0
8746,2,1959-01-07,0,1,M,1998-12-08,2,Unknown,10,0,,0
8747,3,1975-10-25,1854,2,M,1998-12-09,2,Unknown,10,18707,,0
8748,3,1975-03-05,0,1,M,1998-12-09,2,Unknown,10,13507,,0
8749,3,1954-07-06,0,0,A,1998-12-09,0,Unknown,21,0,,0
8750,2,1969-04-17,1000,2,U,1998-12-10,2,Unknown,10,10107,,0
8751,2,1968-03-29,0,0,M,1998-12-10,2,Unknown,10,10107,,0
8752,2,1940-02-28,0,0,A,1998-12-10,0,Unknown,21,0,,0
8753,4,1970-12-25,0,0,C,1998-12-11,2,Unknown,10,16707,,0
8754,3,1959-03-23,0,0,A,1998-12-11,0,Unknown,25,0,,0
8755,3,1955-09-01,1600,2,A,1998-12-15,0,Unknown,21,0,,0
8756,3,1936-03-01,0,0,V,1998-12-15,2,Unknown,10,10107,,0
8757,3,1971-06-07,1894,2,M,1998-12-15,2,Unknown,10,10107,,0
8758,2,1959-01-01,0,0,A,1998-12-16,0,DV,21,0,2006-10-16,1
8759,1,,0,0,A,1998-12-17,4,Unknown,50,25679,,0
8760,2,1945-09-21,0,0,A,1998-12-17,0,Unknown,21,0,,0
8761,3,1952-03-16,1026,0,G,1998-12-17,0,Unknown,21,0,,0
8762,4,1951-12-19,0,2,U,1998-12-18,2,Unknown,10,25679,,0
8763,3,1951-12-23,0,0,A,1998-12-18,0,Unknown,25,0,,0
8764,3,1957-02-04,0,0,M,1998-12-21,2,Unknown,10,18707,,0
8765,2,1971-11-14,0,0,A,1998-12-21,0,Unknown,10,10107,,0
8766,2,1955-10-05,1800,2,U,1998-12-21,2,Unknown,10,10807,,0
8767,4,1985-05-09,0,0,C,1998-12-21,2,Unknown,21,14707,,0
8768,3,1972-03-23,0,0,A,1998-12-22,0,Unknown,10,16707,,0
8769,3,1964-02-20,0,0,A,1998-12-22,0,DV,21,0,1999-03-17,1
8770,2,1965-08-26,0,0,S,1998-12-22,0,Unknown,10,16607,,0
8771,4,1966-10-18,2188,3,U,1998-12-23,2,Unknown,10,0,,0
8772,2,1969-02-28,0,1,U,1998-12-23,2,Unknown,10,10107,,0
8773,3,1960-05-28,0,0,A,1998-12-23,0,Unknown,21,0,,0
8774,3,1942-12-30,2087,0,M,1998-12-23,2,Unknown,21,10807,,0
8775,2,1959-09-22,3422,2,M,1998-12-24,2,Unknown,10,0,,0
8776,3,1944-09-04,0,0,M,1998-12-29,2,Unknown,10,16707,,0
8777,2,1985-03-03,0,0,A,1999-01-04,0,Unknown,21,10107,,0
8778,4,1971-04-01,0,0,C,1999-01-05,2,Unknown,10,10907,,0
8779,3,1946-04-20,0,0,V,1999-01-06,2,Unknown,10,10107,,0
8780,2,1968-06-16,1970,3,U,1999-01-06,2,Unknown,10,17907,,0
8781,3,1956-05-28,1465,2,G,1999-01-07,2,Unknown,10,0,,0
8782,2,1971-10-20,0,0,M,1999-01-08,2,Unknown,10,14607,,0
8783,4,1984-01-28,0,0,C,1999-01-08,2,Unknown,21,10107,,0
8784,2,1953-01-24,0,1,M,1999-01-08,2,Unknown,10,10307,,0
8785,2,1967-05-10,0,0,M,1999-01-08,2,Unknown,10,17807,,0
8786,2,1958-08-31,0,0,M,1999-01-11,2,Unknown,10,15807,,0
8787,3,1946-04-27,2479,1,E,1999-01-12,0,Unknown,21,0,,0
8788,4,1973-03-04,0,0,C,1999-01-13,0,Unknown,10,16707,,0
8789,4,1985-05-05,0,0,C,1999-01-14,0,Unknown,21,10107,,0
8790,3,1956-03-02,2220,2,M,1999-01-14,0,Unknown,25,0,,0
8791,3,1953-05-24,2213,0,M,1999-01-14,0,Unknown,25,0,,0
8792,2,1972-06-29,1904,1,M,1999-01-18,2,Unknown,10,10207,,0
8793,2,1966-05-09,0,0,M,1999-01-18,2,Unknown,10,10107,,0
8794,3,1943-09-25,2400,0,V,1999-01-18,2,Unknown,10,12807,,0
8795,2,1971-06-15,0,0,C,1999-01-18,2,Unknown,10,25679,,0
8796,2,1963-03-09,0,0,A,1999-01-18,0,Unknown,25,0,,0
8797,2,1973-05-12,544,0,B,1999-01-19,2,Unknown,10,17807,,0
8798,3,1972-10-31,1600,0,M,1999-01-22,2,Unknown,10,11307,,0
8799,3,1969-02-15,1074,2,M,1999-01-25,2,Unknown,10,13507,,0
8800,2,1961-07-04,0,0,A,1999-01-25,0,Unknown,10,10307,,0
8801,3,1946-01-31,0,0,A,1999-01-25,0,Unknown,25,0,,0
8802,2,1974-02-01,2240,0,P,1999-01-26,0,Unknown,10,13507,,0
8803,3,1948-02-13,0,0,A,1999-01-26,0,Unknown,21,10107,,0
8804,2,1945-03-12,0,0,M,1999-01-27,2,Unknown,10,17907,,0
8805,2,1967-08-26,1981,0,D,1999-01-28,2,Unknown,10,13907,,0
8806,4,1983-07-30,0,0,C,1999-01-28,0,Unknown,21,10107,,0
8807,2,1970-07-16,0,2,M,1999-01-29,2,Unknown,10,10107,,0
8808,3,1964-05-06,0,2,D,1999-01-29,2,Unknown,10,25679,,0
8809,2,1955-03-06,2284,2,D,1999-02-02,2,Unknown,10,12807,,0
8810,3,1948-07-15,0,0,V,1999-02-03,2,Unknown,10,15607,,0
8811,3,1973-03-04,0,1,C,1999-02-03,2,Unknown,10,16707,,0
8812,3,1948-07-17,0,0,A,1999-02-03,0,Unknown,25,0,,0
8813,3,1966-07-20,0,1,A,1999-02-04,2,Unknown,10,0,,0
8814,3,1965-01-08,2015,2,M,1999-02-05,2,Unknown,10,10307,,0
8815,3,1976-06-03,1037,1,G,1999-02-05,2,Unknown,10,13507,,0
8816,2,1965-01-22,0,0,M,1999-02-05,2,Unknown,10,15607,,0
8817,2,1968-06-11,2715,2,M,1999-02-08,2,Unknown,10,10107,,0
8818,4,1965-04-19,0,0,C,1999-02-08,0,Unknown,25,0,,0
8819,2,1947-09-02,0,0,A,1999-02-08,0,Unknown,25,0,,0
8820,3,1969-02-16,1570,2,E,1999-02-09,2,Unknown,10,10107,,0
8821,3,1975-07-03,0,0,M,1999-02-09,2,Unknown,10,10807,,0
8822,4,1976-03-25,0,0,P,1999-02-09,2,Unknown,10,10807,,0
8823,3,1950-07-26,1519,0,B,1999-02-09,2,Unknown,10,10507,,0
8824,2,1946-08-09,0,0,A,1999-02-10,2,Unknown,10,14607,,0
8825,2,1966-11-14,1131,2,B,1999-02-11,2,Unknown,10,11907,,0
8826,2,1964-05-28,0,0,A,1999-02-11,0,Unknown,21,0,,0
8827,2,1962-11-01,1372,1,M,1999-02-12,2,Unknown,10,16807,,0
8828,2,1964-09-19,0,0,A,1999-02-12,0,Unknown,23,0,,0
8829,2,1943-10-11,0,0,A,1999-02-12,0,Unknown,25,0,,0
8830,4,1968-10-25,983,2,C,1999-02-12,0,Unknown,21,0,,0
8831,2,1957-04-13,1906,0,U,1999-02-15,2,Unknown,10,13907,,0
8832,3,1963-12-18,5800,2,B,1999-02-16,2,Unknown,10,10107,,0
8833,3,1940-04-15,2695,0,M,1999-02-16,2,Unknown,10,25679,,0
8834,4,1975-01-16,0,0,C,1999-02-16,0,Unknown,24,0,,0
8835,3,1958-12-30,0,3,M,1999-02-17,2,Unknown,10,10207,,0
8836,2,1936-10-24,1698,0,B,1999-02-17,2,Unknown,10,10907,,0
8837,3,1950-01-01,0,0,A,1999-02-18,0,Unknown,25,0,,0
8838,3,1955-01-30,0,1,S,1999-02-18,2,Unknown,10,0,,0
8839,3,1956-06-09,0,0,V,1999-02-19,2,Unknown,10,11907,,0
8840,4,1976-04-02,1545,0,C,1999-02-19,2,Unknown,10,16807,,0
8841,4,1995-03-25,0,0,C,1999-02-22,0,Unknown,21,10507,,0
8842,2,1965-11-23,0,0,A,1999-02-22,0,Unknown,10,17807,,0
8843,3,1949-10-14,900,0,M,1999-02-22,2,Unknown,10,0,,0
8844,2,1971-09-10,2591,2,M,1999-02-22,2,Unknown,10,0,,0
8845,3,1962-06-19,0,0,A,1999-02-22,0,Unknown,21,0,,0
8846,3,1946-01-03,1200,0,G,1999-02-22,0,Unknown,21,0,,0
8847,2,1980-05-28,0,0,A,1999-02-23,0,Unknown,21,0,,0
8848,4,1976-04-06,2482,1,U,1999-02-23,2,Unknown,10,25679,,0
8849,2,1939-01-01,1200,1,M,1999-02-24,0,Unknown,21,0,,0
8850,4,1958-03-05,1610,0,C,1999-02-26,2,Unknown,10,14607,,0
8851,3,1968-03-21,0,0,M,1999-03-01,2,Unknown,10,18707,,0
8852,4,1970-02-24,0,0,C,1999-03-01,0,Unknown,10,16607,,0
8853,3,1938-10-19,1600,0,M,1999-03-02,2,Unknown,10,14607,,0
8854,3,1966-09-03,0,2,M,1999-03-02,2,Unknown,10,10107,,0
8855,3,1941-08-01,0,2,A,1999-03-03,0,Unknown,21,0,,0
8856,3,1963-08-21,0,0,A,1999-03-03,0,Unknown,25,0,,0
8857,2,1973-01-18,2245,0,C,1999-03-04,2,Unknown,10,13907,,0
8858,2,1998-03-02,0,0,C,1999-03-04,0,Unknown,21,10107,,0
8859,2,1976-04-17,0,0,C,1999-03-04,0,DV,21,10807,2003-07-07,1
8860,3,1949-11-24,2484,2,B,1999-03-04,0,Unknown,21,0,,0
8861,4,1973-06-21,0,0,C,1999-03-05,2,Unknown,10,10807,,0
8862,2,1970-01-28,3471,1,M,1999-03-08,2,Unknown,10,17907,,0
8863,3,1962-03-16,0,0,M,1999-03-08,2,Unknown,10,18507,,0
8864,2,1969-11-14,0,2,C,1999-03-09,2,Unknown,10,16707,,0
8865,2,1952-06-27,3500,3,M,1999-03-09,2,Unknown,10,18707,,0
8866,3,1958-05-09,0,3,M,1999-03-09,2,Unknown,10,10207,,0
8867,3,1973-06-11,0,0,A,1999-03-09,0,Unknown,24,0,,0
8868,3,1946-10-04,0,0,M,1999-03-10,2,Unknown,10,13507,,0
8869,4,1974-09-08,0,0,C,1999-03-11,0,Unknown,10,14607,,0
8870,3,1946-08-19,0,0,D,1999-03-11,0,Unknown,10,10107,,0
8871,2,1943-05-18,0,0,A,1999-03-11,0,Unknown,21,0,,0
8872,2,1950-08-15,2600,3,A,1999-03-11,0,Unknown,21,0,,0
8873,2,1988-06-18,0,0,C,1999-03-12,2,Unknown,21,10107,,0
8874,2,1935-07-24,2227,1,A,1999-03-15,0,Unknown,21,0,,0
8875,2,1952-04-28,0,2,C,1999-03-15,0,Unknown,10,12807,,0
8876,3,1970-07-06,1347,2,M,1999-03-16,2,Unknown,10,12607,,0
8877,4,1960-11-21,0,0,C,1999-03-16,0,Unknown,25,0,,0
8878,2,1953-03-11,0,0,A,1999-03-18,0,Unknown,21,0,,0
8879,3,1951-08-08,0,1,M,1999-03-18,2,Unknown,10,13907,,0
8880,3,1934-05-15,1261,0,V,1999-03-18,2,Unknown,10,10107,,0
8881,2,1973-08-28,0,0,C,1999-03-18,2,Unknown,10,10107,,0
8882,4,1962-03-24,1888,1,C,1999-03-19,2,Unknown,10,11907,,0
8883,2,1956-05-22,0,0,M,1999-03-19,2,Unknown,10,16607,,0
8884,3,1948-04-18,0,0,A,1999-03-22,0,Unknown,25,0,,0
8885,2,1951-04-21,0,0,A,1999-03-23,0,Unknown,25,0,,0
8886,2,1970-01-13,1402,0,A,1999-03-24,0,Unknown,21,0,,0
8887,2,1962-12-15,2844,4,B,1999-03-24,2,Unknown,10,10107,,0
8888,3,1956-11-14,0,0,A,1999-03-24,0,Unknown,25,0,,0
8889,2,1938-05-23,1549,0,A,1999-03-25,0,Unknown,21,0,,0
8890,2,1971-09-21,5534,2,M,1999-03-25,2,Unknown,10,13907,,0
8891,3,1962-10-03,0,2,M,1999-03-25,2,Unknown,10,10107,,0
8892,2,1979-05-18,0,1,C,1999-03-25,2,Unknown,10,10107,,0
8893,2,1969-07-26,0,0,A,1999-03-25,0,Unknown,10,14707,,0
8894,3,1941-09-27,1937,0,M,1999-03-25,0,Unknown,21,0,,0
8895,2,1969-12-14,0,0,A,1999-03-26,0,DV,21,13607,2001-01-23,1
8896,2,1958-10-15,1625,0,C,1999-03-30,0,Unknown,10,0,,0
8897,2,1964-06-23,1500,2,M,1999-03-30,0,Unknown,21,0,,0
8898,4,1969-03-08,0,0,C,1999-03-31,2,Unknown,10,16707,,0
8899,3,1953-07-05,0,0,M,1999-03-31,2,Unknown,10,10907,,0
8900,2,1957-05-31,0,4,A,1999-03-31,0,Unknown,21,0,,0
8901,4,1972-08-26,0,0,C,1999-04-01,2,Unknown,10,10107,,0
8902,3,1954-09-07,2313,2,M,1999-04-01,2,Unknown,10,0,,0
8903,2,1953-11-15,5424,2,B,1999-04-06,2,Unknown,10,14607,,0
8904,3,1965-12-21,0,2,M,1999-04-06,2,Unknown,10,14607,,0
8905,2,1969-01-21,0,0,A,1999-04-06,2,Unknown,10,12607,,0
8906,2,1945-04-04,0,0,A,1999-04-06,0,Unknown,25,0,,0
8907,2,1960-02-29,1493,2,G,1999-04-07,2,Unknown,10,12807,,0
8908,3,1950-09-17,0,0,D,1999-04-07,0,DA,25,0,2005-05-25,1
8909,4,1974-01-30,2200,0,C,1999-04-08,2,Unknown,10,10107,,0
8910,2,1971-03-31,1030,1,C,1999-04-08,2,Unknown,10,10107,,0
8911,2,1996-09-13,0,0,C,1999-04-09,2,Unknown,21,11907,,0
8912,2,1956-11-15,0,2,M,1999-04-09,2,Unknown,10,10107,,0
8913,3,1960-05-26,0,2,M,1999-04-09,2,Unknown,10,10307,,0
8914,2,1952-01-14,0,0,M,1999-04-09,0,DA,21,0,2004-05-10,1
8915,2,1970-01-27,3466,1,A,1999-04-12,0,Unknown,21,0,,0
8916,3,1949-09-22,0,0,M,1999-04-14,2,Unknown,10,18707,,0
8917,2,1951-02-02,0,0,A,1999-04-14,2,Unknown,10,12807,,0
8918,3,1957-03-15,0,0,A,1999-04-15,0,Unknown,21,0,,0
8919,3,1970-05-19,1053,1,M,1999-04-15,0,Unknown,21,0,,0
8920,2,1943-05-22,2600,1,M,1999-04-16,2,Unknown,10,17807,,0
8921,4,1974-11-18,0,0,C,1999-04-16,0,Unknown,10,10107,,0
8922,3,1967-06-19,0,2,M,1999-04-16,2,Unknown,10,12607,,0
8923,4,1974-12-20,1295,0,U,1999-04-20,0,Unknown,10,15607,,0
8924,4,1973-06-05,0,0,C,1999-04-20,0,Unknown,10,11607,,0
8925,2,1943-10-20,0,0,A,1999-04-20,0,Unknown,21,0,,0
8926,2,1959-06-01,3120,3,U,1999-04-21,0,Unknown,21,0,,0
8927,3,1957-11-27,0,0,A,1999-04-21,0,Unknown,21,0,,0
8928,2,1958-02-18,0,0,A,1999-04-21,0,Unknown,21,0,,0
8929,2,1969-08-01,2179,0,C,1999-04-22,0,Unknown,10,0,,0
8930,4,1963-07-10,0,0,C,1999-04-22,2,Unknown,10,10107,,0
8931,4,1968-04-24,0,1,U,1999-04-22,2,Unknown,10,25679,,0
8932,4,1966-08-13,2166,1,U,1999-04-23,2,Unknown,10,15707,,0
8933,2,1995-05-10,0,0,C,1999-04-23,2,Unknown,21,10107,,0
8934,2,1964-01-19,6096,1,M,1999-04-23,2,Unknown,10,25679,,0
8935,3,1942-09-03,0,0,V,1999-04-26,2,Unknown,10,15707,,0
8936,3,1956-07-30,0,0,M,1999-04-26,2,Unknown,10,16707,,0
8937,3,1940-05-09,1374,0,B,1999-04-26,2,Unknown,10,25679,,0
8938,2,1955-12-07,1370,2,F,1999-04-27,2,Unknown,10,0,,0
8939,2,1967-07-29,0,0,M,1999-04-27,0,Unknown,10,13607,,0
8940,3,1973-08-01,1853,2,M,1999-04-28,2,Unknown,10,16707,,0
8941,3,1973-05-22,0,1,M,1999-04-28,2,Unknown,10,10107,,0
8942,3,1976-06-11,0,0,C,1999-04-29,2,Unknown,10,13507,,0
8943,2,1967-11-02,1250,0,U,1999-04-29,2,Unknown,10,13607,,0
8944,2,1976-09-01,1500,0,C,1999-04-29,2,Unknown,10,12807,,0
8945,2,1945-07-28,0,0,A,1999-04-29,0,Unknown,21,0,,0
8946,2,1949-11-17,4700,0,B,1999-04-29,0,Unknown,21,0,,0
8947,2,1975-06-04,1700,0,C,1999-04-30,2,Unknown,10,10107,,0
8948,2,1969-03-26,1400,0,G,1999-04-30,2,Unknown,10,16807,,0
8949,2,1962-09-29,2500,2,G,1999-05-03,2,Unknown,10,17807,,0
8950,3,1953-10-20,3693,0,U,1999-05-03,2,Unknown,10,25679,,0
8951,3,1944-10-14,0,0,M,1999-05-06,2,Unknown,10,10107,,0
8952,4,1966-03-29,1500,3,C,1999-05-06,2,Unknown,10,0,,0
8953,2,1956-01-20,0,3,M,1999-05-06,2,Unknown,10,18707,,0
8954,4,1973-12-22,0,0,C,1999-05-07,2,Unknown,10,17807,,0
8955,3,1945-09-24,2184,0,A,1999-05-07,0,Unknown,21,0,,0
8956,2,1958-11-20,1862,2,M,1999-05-10,2,Unknown,10,10107,,0
8957,3,1975-04-23,0,0,U,1999-05-11,2,Unknown,10,10507,,0
8958,3,1964-03-18,0,0,M,1999-05-17,2,Unknown,10,18707,,0
8959,2,1970-06-12,0,0,A,1999-05-17,0,Unknown,10,10207,,0
8960,2,1950-11-19,0,1,A,1999-05-17,0,Unknown,21,0,,0
8961,4,1974-04-27,0,0,C,1999-05-18,2,Unknown,10,12607,,0
8962,2,1950-02-20,0,0,A,1999-05-18,0,Unknown,21,0,,0
8963,2,1930-05-29,0,0,M,1999-05-18,2,DC,21,0,,0
8964,3,1953-09-01,0,1,M,1999-05-19,2,Unknown,10,18707,,0
8965,2,1967-11-20,0,0,A,1999-05-19,0,Unknown,10,17807,,0
8966,2,1959-01-06,0,1,M,1999-05-20,2,Unknown,10,10107,,0
8967,2,1963-08-01,0,0,A,1999-05-20,0,Unknown,23,0,,0
8968,3,1956-12-06,0,1,M,1999-05-21,2,Unknown,10,10107,,0
8969,3,1969-11-29,0,0,M,1999-05-21,2,Unknown,10,18507,,0
8970,3,1940-04-11,0,0,A,1999-05-21,0,Unknown,25,0,,0
8971,3,1949-10-13,0,0,V,1999-05-25,2,Unknown,10,10107,,0
8972,2,1953-03-01,0,0,M,1999-05-25,2,Unknown,10,12807,,0
8973,2,1967-05-05,2985,1,U,1999-05-25,2,Unknown,10,16607,,0
8974,3,1943-10-14,1631,0,M,1999-05-26,2,Unknown,21,0,,0
8975,3,1972-03-14,0,0,M,1999-05-26,2,Unknown,10,12807,,0
8976,3,1954-04-29,0,0,D,1999-05-26,2,Unknown,10,12607,,0
8977,4,1966-05-29,1676,2,C,1999-05-27,0,Unknown,21,0,,0
8978,3,1966-01-14,0,2,M,1999-05-27,0,Unknown,10,10107,,0
8979,2,1948-06-05,2228,0,A,1999-05-28,0,Unknown,21,0,,0
8980,3,1960-03-13,2180,2,M,1999-05-28,2,Unknown,10,13507,,0
8981,4,1974-04-20,1600,1,U,1999-05-28,2,Unknown,10,11907,,0
8982,2,1971-12-28,0,0,A,1999-05-31,0,Unknown,21,0,,0
8983,3,1938-12-26,0,0,M,1999-05-31,2,Unknown,10,17807,,0
8984,2,1964-08-31,4200,3,M,1999-06-02,2,Unknown,10,10307,,0
8985,2,1953-03-24,0,0,M,1999-06-03,2,Unknown,21,0,,0
8986,3,1962-05-21,1150,1,U,1999-06-03,2,Unknown,10,14707,,0
8987,3,1948-08-07,0,1,M,1999-06-04,0,DA,21,0,2004-10-05,1
8988,4,1973-07-15,0,0,C,1999-06-04,0,Unknown,21,14607,,0
8989,3,1967-07-17,1061,0,M,1999-06-04,2,Unknown,10,10907,,0
8990,2,1971-09-04,1829,0,B,1999-06-04,2,Unknown,10,12807,,0
8991,3,1926-12-23,0,0,A,1999-06-04,0,Unknown,21,0,,0
8992,3,1960-11-19,0,4,M,1999-06-07,2,Unknown,10,10107,,0
8993,2,1945-12-03,0,0,M,1999-06-07,2,Unknown,10,14707,,0
8994,3,1963-05-07,2500,1,B,1999-06-08,2,Unknown,10,10107,,0
8995,4,1964-04-26,1178,3,C,1999-06-08,2,Unknown,10,10907,,0
8996,3,1967-06-17,0,0,M,1999-06-08,2,Unknown,10,14707,,0
8997,2,1970-03-15,0,1,A,1999-06-08,0,Unknown,21,0,,0
8998,4,1965-04-07,0,0,C,1999-06-09,2,Unknown,10,17907,,0
8999,2,1949-12-13,0,3,A,1999-06-10,0,Unknown,21,0,,0
9000,3,1958-05-26,1026,1,G,1999-06-10,2,Unknown,10,0,,0
9001,3,1975-02-11,0,0,M,1999-06-10,2,Unknown,10,13507,,0
9002,2,1935-11-27,1573,0,A,1999-06-11,0,Unknown,10,10507,,0
9003,3,1962-12-26,0,2,M,1999-06-11,2,Unknown,10,12607,,0
9004,3,1952-02-18,0,0,A,1999-06-11,0,DA,25,0,2006-01-23,1
9005,2,1955-07-19,0,2,U,1999-06-14,2,Unknown,10,10107,,0
9006,3,1955-09-16,0,0,M,1999-06-14,2,Unknown,10,14707,,0
9007,3,1955-10-27,0,0,A,1999-06-14,0,Unknown,25,0,,0
9008,3,1951-02-27,1,2,G,1999-06-15,0,Unknown,21,0,,0
9009,3,1969-10-18,1541,0,M,1999-06-15,2,Unknown,21,10207,,0
9010,2,1969-12-11,1627,0,U,1999-06-15,0,Unknown,10,0,,0
9011,2,1963-05-05,0,1,U,1999-06-15,2,Unknown,10,10107,,0
9012,3,1966-07-05,0,2,U,1999-06-15,2,Unknown,10,10107,,0
9013,3,1967-06-28,0,0,A,1999-06-15,0,Unknown,10,10107,,0
9014,2,1949-07-21,2765,3,M,1999-06-16,2,Unknown,10,13807,,0
9015,3,1949-08-09,0,0,A,1999-06-16,0,Unknown,25,0,,0
9016,3,1946-08-10,0,0,A,1999-06-17,0,Unknown,10,10607,,0
9017,3,1953-02-11,1300,1,M,1999-06-17,2,Unknown,10,12807,,0
9018,3,1937-04-06,9060,0,M,1999-06-17,2,Unknown,10,10807,,0
9019,2,1955-03-03,1936,1,M,1999-06-17,2,Unknown,21,10107,,0
9020,2,1955-01-30,0,0,A,1999-06-17,0,Unknown,25,0,,0
9021,3,1951-02-15,0,1,M,1999-06-17,2,Unknown,10,0,,0
9022,3,1949-05-01,1951,0,D,1999-06-18,0,Unknown,25,0,,0
9023,2,1951-10-19,2632,2,M,1999-06-21,2,Unknown,10,10907,,0
9024,2,1944-01-07,0,0,M,1999-06-21,2,Unknown,10,13607,,0
9025,4,1964-03-05,2259,0,U,1999-06-21,2,Unknown,10,25679,,0
9026,4,1964-08-27,3308,1,U,1999-06-21,2,Unknown,10,25679,,0
9027,3,1970-05-11,1921,2,M,1999-06-21,2,Unknown,10,10107,,0
9028,4,1968-09-12,3200,2,U,1999-06-21,2,Unknown,10,17807,,0
9029,2,1943-04-04,3281,0,E,1999-06-21,2,Unknown,10,25679,,0
9030,3,1963-09-18,0,0,A,1999-06-21,0,Unknown,25,0,,0
9031,4,1971-01-05,2500,0,P,1999-06-21,0,Unknown,24,0,,0
9032,3,1951-07-10,0,0,M,1999-06-21,2,Unknown,10,0,,0
9033,2,1944-07-26,2746,2,B,1999-06-22,0,Unknown,10,0,,0
9034,2,1961-06-30,4000,0,B,1999-06-22,0,Unknown,10,13807,,0
9035,2,1966-05-15,1415,3,M,1999-06-23,2,Unknown,10,10807,,0
9036,3,1967-11-01,3488,2,M,1999-06-23,2,Unknown,10,25679,,0
9037,3,1940-12-06,708,0,M,1999-06-23,2,Unknown,10,0,,0
9038,3,1938-10-04,0,0,M,1999-06-24,2,Unknown,10,10907,,0
9039,3,1952-05-06,0,0,A,1999-06-24,0,DC,10,10907,,0
9040,2,1966-01-12,0,0,M,1999-06-24,2,Unknown,10,10307,,0
9041,2,1960-03-20,1832,0,U,1999-06-24,2,Unknown,10,10107,,0
9042,2,1946-09-06,0,0,A,1999-06-24,0,DC,25,0,,0
9043,3,1962-07-12,0,0,A,1999-06-24,0,Unknown,23,0,,0
9044,3,1959-03-22,2301,1,G,1999-06-25,0,Unknown,10,16707,,0
9045,3,1961-03-14,0,0,A,1999-06-25,0,Unknown,25,0,,0
9046,3,1966-08-05,0,0,A,1999-06-25,0,Unknown,25,0,,0
9047,3,1973-09-21,0,1,M,1999-06-28,2,Unknown,10,10107,,0
9048,4,1975-02-06,1819,0,C,1999-06-29,2,Unknown,10,10107,,0
9049,2,1961-04-05,2598,1,M,1999-06-29,0,Unknown,25,0,,0
9050,3,1949-01-11,0,0,A,1999-06-30,0,Unknown,25,0,,0
9051,2,1936-03-09,0,0,M,1999-06-30,2,Unknown,25,0,,0
9052,4,1975-01-10,0,0,C,1999-07-01,2,Unknown,10,10107,,0
9053,4,1985-04-10,0,0,C,1999-07-01,2,Unknown,21,10107,,0
9054,2,1965-02-06,0,0,A,1999-07-01,0,Unknown,23,0,,0
9055,2,1952-12-07,0,0,A,1999-07-01,0,Unknown,25,0,,0
9056,3,1950-07-31,0,0,S,1999-07-01,2,Unknown,10,12807,,0
9057,3,1961-11-04,0,0,M,1999-07-02,2,Unknown,10,11907,,0
9058,3,1946-10-28,0,0,A,1999-07-02,0,Unknown,25,0,,0
9059,2,1948-05-25,0,0,A,1999-07-02,0,Unknown,25,0,,0
9060,2,1952-02-21,0,0,A,1999-07-02,0,Unknown,25,0,,0
9061,3,1961-04-23,1915,2,M,1999-07-05,0,Unknown,10,0,,0
9062,3,1960-09-05,0,3,U,1999-07-05,2,Unknown,10,10107,,0
9063,2,1967-12-25,1867,0,M,1999-07-05,2,Unknown,10,10107,,0
9064,4,1967-06-21,0,2,C,1999-07-05,2,Unknown,10,12807,,0
9065,2,1944-02-01,0,0,A,1999-07-05,0,Unknown,23,0,,0
9066,2,1957-10-30,0,0,A,1999-07-05,0,Unknown,23,0,,0
9067,3,1974-04-02,0,1,M,1999-07-06,2,Unknown,10,10107,,0
9068,2,1951-01-08,0,0,A,1999-07-06,0,Unknown,25,0,,0
9069,2,1951-06-02,0,0,A,1999-07-06,0,Unknown,23,0,,0
9070,3,1948-12-10,1580,1,A,1999-07-07,0,Unknown,21,0,,0
9071,3,1967-11-30,0,0,M,1999-07-07,2,Unknown,10,18707,,0
9072,4,1948-10-16,0,0,C,1999-07-07,0,Unknown,25,0,,0
9073,2,1942-07-06,0,0,A,1999-07-07,0,Unknown,25,0,,0
9074,3,1958-10-11,0,1,M,1999-07-07,2,Unknown,10,0,,0
9075,3,1949-02-15,2521,0,M,1999-07-07,0,Unknown,21,0,,0
9076,2,1963-09-13,0,0,C,1999-07-08,2,Unknown,10,10107,,0
9077,2,1963-11-14,0,3,M,1999-07-08,2,Unknown,10,10107,,0
9078,3,1961-08-31,0,2,M,1999-07-08,2,Unknown,10,10107,,0
9079,2,1963-10-02,0,0,A,1999-07-08,0,Unknown,23,0,,0
9080,3,1940-01-01,0,0,A,1999-07-08,0,Unknown,25,0,,0
9081,2,1954-08-10,0,0,A,1999-07-08,0,Unknown,25,0,,0
9082,3,1961-02-01,2200,4,M,1999-07-08,0,Unknown,21,0,,0
9083,3,1959-03-01,1633,5,S,1999-07-09,2,Unknown,21,10107,,0
9084,3,1949-02-23,0,0,A,1999-07-09,0,Unknown,25,0,,0
9085,3,1965-06-07,0,0,A,1999-07-09,0,Unknown,25,0,,0
9086,3,1950-08-25,0,0,A,1999-07-09,0,Unknown,25,0,,0
9087,3,1950-04-21,1850,3,D,1999-07-12,2,Unknown,10,10107,,0
9088,2,1973-05-05,1449,0,C,1999-07-12,2,Unknown,10,12807,,0
9089,3,1951-09-13,0,3,M,1999-07-12,2,Unknown,10,10807,,0
9090,3,1965-07-28,0,0,A,1999-07-12,0,Unknown,25,0,,0
9091,2,1957-03-02,0,0,A,1999-07-12,0,Unknown,25,0,,0
9092,2,1969-02-01,2014,2,G,1999-07-13,2,Unknown,10,13507,,0
9093,2,1957-09-01,0,4,M,1999-07-13,2,Unknown,10,10107,,0
9094,4,1965-04-26,1658,0,C,1999-07-13,2,Unknown,10,10107,,0
9095,3,1976-05-07,1360,3,M,1999-07-13,2,Unknown,10,10907,,0
9096,3,1946-12-21,0,0,A,1999-07-13,0,Unknown,25,0,,0
9097,3,1948-01-12,0,0,A,1999-07-13,0,Unknown,25,0,,0
9098,2,1945-06-15,0,0,A,1999-07-15,0,Unknown,25,0,,0
9099,3,1961-09-01,0,0,A,1999-07-15,0,Unknown,25,0,,0
9100,2,1958-01-01,0,0,A,1999-07-15,0,Unknown,25,0,,0
9101,3,1971-03-24,0,0,M,1999-07-16,2,Unknown,10,16707,,0
9102,4,1958-01-01,1440,1,M,1999-07-16,0,Unknown,10,17907,,0
9103,4,1965-06-16,1504,0,P,1999-07-16,2,Unknown,10,10907,,0
9104,3,1952-09-08,0,0,A,1999-07-16,0,Unknown,23,0,,0
9105,2,1961-07-26,1037,1,M,1999-07-19,2,Unknown,10,10107,,0
9106,2,1970-04-23,0,0,U,1999-07-20,2,Unknown,10,17907,,0
9107,2,1961-09-26,0,0,M,1999-07-20,2,Unknown,10,14607,,0
9108,2,1969-05-09,1815,0,P,1999-07-20,2,Unknown,10,11607,,0
9109,2,1966-09-12,0,0,M,1999-07-20,2,Unknown,10,14707,,0
9110,4,1961-12-23,0,0,C,1999-07-20,0,Unknown,21,0,,0
9111,2,1966-01-13,0,0,M,1999-07-21,2,Unknown,10,18707,,0
9112,3,1962-11-12,0,0,M,1999-07-21,2,Unknown,10,10207,,0
9113,3,1953-09-02,0,0,A,1999-07-21,0,Unknown,25,0,,0
9114,2,1957-07-30,0,0,A,1999-07-21,0,Unknown,25,0,,0
9115,2,1974-11-28,1672,0,U,1999-07-22,2,Unknown,10,12607,,0
9116,3,1959-01-22,3675,1,G,1999-07-23,2,Unknown,10,18707,,0
9117,2,1965-03-11,0,0,C,1999-07-23,0,Unknown,10,16707,,0
9118,4,1987-12-07,0,0,C,1999-07-23,2,Unknown,21,10107,,0
9119,2,1941-05-13,0,0,A,1999-07-23,0,Unknown,25,0,,0
9120,2,1942-05-26,0,0,A,1999-07-23,0,Unknown,25,0,,0
9121,3,1966-03-08,1674,1,M,1999-07-26,2,Unknown,10,15707,,0
9122,2,1968-04-22,2380,0,B,1999-07-27,2,Unknown,10,11907,,0
9123,2,1957-04-17,5000,2,B,1999-07-27,2,Unknown,10,0,,0
9124,2,1972-04-03,1625,0,U,1999-07-28,0,Unknown,10,0,,0
9125,2,1969-11-29,1047,0,A,1999-07-28,0,Unknown,21,0,,0
9126,2,1993-11-20,0,0,C,1999-07-28,2,Unknown,21,10107,,0
9127,2,1965-04-20,2752,1,D,1999-07-28,2,Unknown,10,10207,,0
9128,4,1960-04-11,0,0,C,1999-07-28,0,Unknown,25,0,,0
9129,2,1963-04-10,2660,1,A,1999-07-29,0,Unknown,21,0,,0
9130,1,,0,0,A,1999-07-29,4,Unknown,61,10107,,0
9131,2,1986-05-03,0,0,C,1999-07-29,2,Unknown,21,10107,,0
9132,3,1974-01-08,991,0,U,1999-07-30,2,Unknown,10,13507,,0
9133,4,1977-03-19,0,0,C,1999-07-30,0,Unknown,10,13507,,0
9134,2,1974-06-04,0,0,C,1999-07-30,0,Unknown,10,10307,,0
9135,3,1959-01-01,0,0,A,1999-07-30,0,Unknown,25,0,,0
9136,4,1940-04-23,0,0,C,1999-08-02,0,Unknown,25,0,,0
9137,3,1948-05-22,0,0,A,1999-08-02,0,Unknown,25,0,,0
9138,3,1953-10-02,0,0,D,1999-08-02,2,Unknown,10,10207,,0
9139,3,1945-06-21,0,0,A,1999-08-03,0,Unknown,25,0,,0
9140,4,1960-05-28,0,1,C,1999-08-03,2,Unknown,10,12807,,0
9141,4,1974-07-25,0,0,C,1999-08-04,2,Unknown,10,15807,,0
9142,3,1950-07-14,0,0,A,1999-08-04,0,Unknown,25,0,,0
9143,2,1963-09-26,1188,0,A,1999-08-05,0,Unknown,10,0,,0
9144,3,1960-10-26,0,0,A,1999-08-05,0,Unknown,25,0,,0
9145,2,1946-08-26,0,0,A,1999-08-05,0,Unknown,25,0,,0
9146,3,1954-11-02,2120,0,B,1999-08-05,2,Unknown,10,17907,,0
9147,3,1949-11-25,0,0,A,1999-08-05,0,Unknown,21,0,,0
9148,4,1970-05-31,0,0,C,1999-08-06,2,Unknown,10,10307,,0
9149,2,1948-05-25,0,1,A,1999-08-06,0,Unknown,21,0,,0
9150,3,1947-09-19,0,0,A,1999-08-06,0,Unknown,21,0,,0
9151,2,1954-09-03,4898,2,M,1999-08-09,0,Unknown,21,0,,0
9152,3,1954-07-07,0,0,M,1999-08-09,2,Unknown,10,13607,,0
9153,2,1945-10-28,5580,2,E,1999-08-09,2,Unknown,10,10207,,0
9154,3,1951-05-22,0,0,A,1999-08-10,0,Unknown,25,0,,0
9155,3,1973-04-19,0,0,A,1999-08-10,0,Unknown,10,10107,,0
9156,3,1943-09-12,0,0,M,1999-08-10,2,Unknown,10,11607,,0
9157,2,1971-11-11,1981,0,A,1999-08-11,0,Unknown,21,0,,0
9158,3,1972-09-13,1720,2,G,1999-08-11,2,Unknown,10,10307,,0
9159,2,1946-01-27,2400,1,B,1999-08-12,2,Unknown,10,0,,0
9160,3,1973-02-11,1320,1,B,1999-08-12,2,Unknown,10,10107,,0
9161,2,1971-09-14,1445,1,C,1999-08-12,2,Unknown,10,12607,,0
9162,3,1970-10-11,1980,1,M,1999-08-12,0,Unknown,10,18507,,0
9163,2,1949-12-23,0,0,M,1999-08-12,2,Unknown,10,0,,0
9164,3,1946-04-05,0,0,A,1999-08-16,0,Unknown,25,0,,0
9165,3,1961-05-26,0,0,M,1999-08-17,0,DA,25,0,2004-04-07,1
9166,2,1961-12-16,0,0,M,1999-08-18,2,Unknown,10,13907,,0
9167,2,1982-07-02,0,0,A,1999-08-18,0,Unknown,21,10107,,0
9168,3,1914-11-15,0,0,A,1999-08-19,0,Unknown,21,0,,0
9169,2,1952-04-01,1110,2,M,1999-08-20,2,Unknown,21,0,,0
9170,2,1952-09-10,0,1,M,1999-08-20,2,Unknown,10,10107,,0
9171,3,1964-03-15,0,1,U,1999-08-20,2,Unknown,10,10107,,0
9172,3,1955-12-01,0,0,A,1999-08-20,2,DA,21,10807,2000-03-29,1
9173,3,1951-04-23,0,0,A,1999-08-20,0,Unknown,25,0,,0
9174,2,1965-03-15,0,0,A,1999-08-20,0,Unknown,25,0,,0
9175,2,1959-08-08,0,0,C,1999-08-23,2,Unknown,10,25679,,0
9176,2,1960-01-04,1905,0,A,1999-08-24,0,Unknown,10,0,,0
9177,3,1971-11-19,0,0,A,1999-08-24,0,Unknown,10,0,,0
9178,3,1975-06-08,0,1,M,1999-08-24,2,Unknown,10,13507,,0
9179,2,1972-05-06,0,0,C,1999-08-24,2,Unknown,10,10807,,0
9180,2,1942-07-26,0,0,A,1999-08-24,0,Unknown,25,0,,0
9181,4,1975-04-24,0,0,C,1999-08-25,0,Unknown,10,15707,,0
9182,3,1950-12-11,0,0,A,1999-08-25,0,Unknown,10,10107,,0
9183,3,1967-02-27,0,0,A,1999-08-25,0,Unknown,10,10107,,0
9184,2,1975-02-21,1660,0,B,1999-08-25,2,Unknown,10,12807,,0
9185,2,1957-06-26,0,0,C,1999-08-25,2,Unknown,10,25679,,0
9186,4,1954-01-23,0,0,C,1999-08-25,0,Unknown,25,0,,0
9187,2,1960-01-01,0,2,U,1999-08-26,2,Unknown,10,10107,,0
9188,4,1972-04-07,0,0,C,1999-08-26,0,Unknown,10,10107,,0
9189,2,1975-01-23,1489,0,E,1999-08-26,2,Unknown,10,10107,,0
9190,2,1950-05-10,0,2,M,1999-08-27,2,Unknown,10,10107,,0
9191,3,1973-05-28,0,1,M,1999-08-27,2,Unknown,10,10107,,0
9192,3,1957-09-01,0,0,A,1999-08-27,0,Unknown,25,0,,0
9193,2,1943-12-20,0,0,A,1999-08-27,0,Unknown,25,0,,0
9194,3,1947-01-01,0,0,A,1999-08-27,0,Unknown,25,0,,0
9195,2,1951-12-17,0,0,A,1999-08-30,0,Unknown,25,0,,0
9196,2,1924-08-05,0,0,M,1999-08-30,2,Unknown,10,15707,,0
9197,3,1972-08-07,0,0,M,1999-08-30,2,Unknown,10,0,,0
9198,3,1970-05-08,0,0,M,1999-08-30,2,Unknown,10,0,,0
9199,3,1973-02-15,0,0,M,1999-08-31,2,Unknown,10,13507,,0
9200,3,1972-03-09,0,1,U,1999-08-31,2,Unknown,10,10107,,0
9201,2,1964-09-09,0,2,M,1999-08-31,0,Unknown,10,16707,,0
9202,2,1969-07-28,1661,1,M,1999-08-31,2,Unknown,10,12607,,0
9203,3,1954-05-28,1938,2,G,1999-08-31,2,Unknown,10,10107,,0
9204,4,1972-07-29,1763,1,U,1999-09-01,2,Unknown,10,10107,,0
9205,3,1963-04-22,2040,2,G,1999-09-01,2,Unknown,10,15807,,0
9206,3,1951-11-25,0,0,A,1999-09-01,0,Unknown,25,0,,0
9207,2,1966-01-16,0,0,M,1999-09-02,2,Unknown,10,16607,,0
9208,4,1960-06-05,0,0,C,1999-09-02,0,Unknown,25,0,,0
9209,2,1974-01-25,0,0,C,1999-09-03,2,Unknown,10,13507,,0
9210,2,1954-01-07,0,0,A,1999-09-03,0,Unknown,25,0,,0
9211,3,1963-08-15,0,0,A,1999-09-03,0,Unknown,23,0,,0
9212,3,1952-12-01,1127,4,V,1999-09-03,0,Unknown,10,0,,0
9213,2,1968-04-29,1511,1,M,1999-09-06,2,Unknown,10,11307,,0
9214,3,1969-10-24,2173,2,M,1999-09-06,0,Unknown,21,0,,0
9215,2,1944-05-21,3048,2,A,1999-09-06,0,Unknown,21,0,,0
9216,3,1969-09-12,1600,1,M,1999-09-06,2,Unknown,10,16707,,0
9217,2,1952-09-02,0,0,C,1999-09-06,2,Unknown,10,10207,,0
9218,3,1953-01-01,0,0,A,1999-09-06,0,Unknown,25,0,,0
9219,2,1984-09-19,0,0,C,1999-09-07,2,Unknown,21,10107,,0
9220,3,1965-11-28,0,0,M,1999-09-07,2,Unknown,10,16707,,0
9221,2,1963-12-19,0,0,A,1999-09-07,0,Unknown,25,0,,0
9222,2,1974-05-31,0,1,U,1999-09-08,2,Unknown,10,10207,,0
9223,2,1959-09-30,1243,0,A,1999-09-09,0,Unknown,21,0,,0
9224,2,1968-01-24,1256,0,U,1999-09-09,2,Unknown,10,13607,,0
9225,3,1968-11-17,1457,2,C,1999-09-09,2,Unknown,10,10307,,0
9226,2,1974-03-05,0,0,M,1999-09-09,2,Unknown,10,18507,,0
9227,4,1975-04-23,0,0,C,1999-09-09,2,Unknown,10,14707,,0
9228,4,1965-10-15,0,0,C,1999-09-09,0,Unknown,23,0,,0
9229,2,1968-07-08,3274,2,G,1999-09-09,2,Unknown,10,0,,0
9230,2,1959-03-04,0,0,A,1999-09-09,0,Unknown,21,0,,0
9231,2,1972-04-18,2053,0,M,1999-09-10,2,Unknown,10,18707,,0
9232,2,1970-11-17,0,0,C,1999-09-13,2,Unknown,10,11907,,0
9233,3,1960-12-27,0,2,M,1999-09-13,2,Unknown,10,10107,,0
9234,2,1949-05-29,0,0,M,1999-09-13,2,Unknown,21,0,,0
9235,4,1978-12-22,0,0,C,1999-09-14,2,Unknown,10,13907,,0
9236,1,,0,0,A,1999-09-14,4,Unknown,61,10107,,0
9237,2,1938-12-05,0,0,M,1999-09-14,2,Unknown,10,12807,,0
9238,2,1973-08-05,0,0,A,1999-09-14,0,Unknown,21,0,,0
9239,3,1948-05-17,0,0,M,1999-09-14,2,Unknown,21,0,,0
9240,2,1974-10-29,0,0,C,1999-09-15,2,Unknown,10,17907,,0
9241,2,1946-10-23,0,0,M,1999-09-15,2,Unknown,10,10907,,0
9242,2,1959-12-06,0,0,A,1999-09-15,0,Unknown,25,0,,0
9243,2,1947-06-06,4700,0,F,1999-09-15,2,Unknown,10,0,,0
9244,4,1968-08-27,0,0,C,1999-09-16,0,DV,21,13907,2005-02-10,1
9245,4,1963-07-08,2490,1,C,1999-09-16,2,Unknown,10,10807,,0
9246,4,1973-09-02,1770,2,U,1999-09-16,2,Unknown,10,10107,,0
9247,3,1963-12-31,1953,2,M,1999-09-16,2,Unknown,10,10807,,0
9248,3,1949-06-26,1060,2,D,1999-09-16,2,Unknown,10,14707,,0
9249,2,1936-05-15,0,0,A,1999-09-16,0,Unknown,25,0,,0
9250,2,1971-09-09,2000,2,M,1999-09-17,2,Unknown,10,18707,,0
9251,4,1966-03-12,0,0,C,1999-09-17,2,Unknown,10,10807,,0
9252,2,1964-08-19,0,0,A,1999-09-17,0,Unknown,23,0,,0
9253,3,1946-07-14,0,0,A,1999-09-17,0,Unknown,24,0,,0
9254,3,1945-09-01,0,0,A,1999-09-20,0,Unknown,25,0,,0
9255,2,1963-11-14,0,0,A,1999-09-20,0,Unknown,21,0,,0
9256,2,1939-09-18,2400,0,M,1999-09-20,0,Unknown,21,0,,0
9257,3,1964-11-08,2176,3,M,1999-09-21,2,Unknown,10,15707,,0
9258,3,1974-03-02,0,2,M,1999-09-21,2,Unknown,10,13507,,0
9259,2,1972-06-10,0,0,C,1999-09-21,2,Unknown,10,10107,,0
9260,2,1951-01-15,1603,0,C,1999-09-21,2,Unknown,10,13607,,0
9261,4,1974-04-15,0,1,C,1999-09-21,2,Unknown,10,10207,,0
9262,2,1931-08-16,0,0,A,1999-09-21,0,Unknown,25,0,,0
9263,3,1952-12-19,0,0,A,1999-09-21,0,Unknown,23,0,,0
9264,2,1962-01-01,1661,2,M,1999-09-22,2,Unknown,10,10107,,0
9265,2,1970-04-11,1735,0,C,1999-09-22,2,Unknown,10,10107,,0
9266,2,1976-05-02,1590,0,M,1999-09-22,2,Unknown,10,12807,,0
9267,4,1964-10-16,2585,2,C,1999-09-22,2,Unknown,10,12807,,0
9268,2,1933-06-12,0,0,A,1999-09-22,0,Unknown,25,0,,0
9269,2,1935-01-01,0,0,A,1999-09-22,0,Unknown,25,0,,0
9270,3,1948-10-02,0,0,V,1999-09-23,2,Unknown,10,13907,,0
9271,2,1975-09-25,1670,2,E,1999-09-23,2,Unknown,10,10607,,0
9272,2,1964-02-28,0,0,M,1999-09-23,2,Unknown,10,14707,,0
9273,3,1960-04-29,0,0,M,1999-09-23,0,Unknown,10,14707,,0
9274,2,1962-01-01,0,0,A,1999-09-23,0,Unknown,25,0,,0
9275,3,1958-05-24,0,0,A,1999-09-23,0,Unknown,25,0,,0
9276,3,1952-04-13,1050,0,G,1999-09-23,0,Unknown,21,0,,0
9277,2,1977-09-05,0,0,M,1999-09-24,2,Unknown,10,16707,,0
9278,4,1969-05-08,1444,0,C,1999-09-24,2,Unknown,10,11607,,0
9279,3,1975-04-25,2127,3,G,1999-09-24,2,Unknown,10,11607,,0
9280,3,1933-08-17,0,0,A,1999-09-24,0,Unknown,25,0,,0
9281,3,1957-05-06,0,0,A,1999-09-24,0,Unknown,21,0,,0
9282,2,1974-02-14,1448,0,U,1999-09-27,2,Unknown,10,10307,,0
9283,3,1962-05-29,0,0,A,1999-09-27,0,Unknown,25,0,,0
9284,2,1959-03-01,0,0,A,1999-09-28,0,Unknown,25,0,,0
9285,2,1971-01-27,1800,0,U,1999-09-28,2,Unknown,10,10107,,0
9286,3,1965-02-28,1745,3,M,1999-09-28,2,Unknown,10,10107,,0
9287,2,1954-01-01,0,0,M,1999-09-28,2,Unknown,10,14607,,0
9288,3,1972-01-17,0,1,C,1999-09-29,2,Unknown,10,11307,,0
9289,2,1967-01-09,1463,1,M,1999-09-29,2,Unknown,10,13507,,0
9290,3,1970-08-14,0,2,M,1999-09-29,2,Unknown,10,18707,,0
9291,3,1966-04-29,0,0,M,1999-09-29,0,Unknown,10,10907,,0
9292,2,1945-05-19,0,0,A,1999-09-29,0,Unknown,25,0,,0
9293,4,1977-08-07,1593,1,U,1999-09-30,2,Unknown,10,10107,,0
9294,3,1963-11-10,0,3,M,1999-09-30,0,Unknown,10,10107,,0
9295,2,1977-02-13,2500,0,C,1999-09-30,2,Unknown,10,17807,,0
9296,3,1944-08-07,0,0,V,1999-09-30,2,Unknown,10,10307,,0
9297,2,1941-01-01,0,0,A,1999-09-30,0,Unknown,25,0,,0
9298,3,1958-04-29,0,0,A,1999-09-30,0,Unknown,21,0,,0
9299,2,1965-11-04,1718,1,A,1999-10-01,0,DA,21,0,2000-04-27,1
9300,2,1968-12-09,2400,3,M,1999-10-01,2,Unknown,10,17907,,0
9301,2,1973-08-07,3000,0,C,1999-10-01,2,Unknown,10,13807,,0
9302,2,1943-02-25,0,0,A,1999-10-01,0,Unknown,25,0,,0
9303,2,1943-12-09,1725,0,M,1999-10-01,0,Unknown,21,0,,0
9304,2,1959-08-04,0,0,M,1999-10-04,2,Unknown,10,16807,,0
9305,2,1974-06-06,0,0,M,1999-10-04,2,Unknown,10,13507,,0
9306,2,1955-02-26,0,0,A,1999-10-04,0,Unknown,25,0,,0
9307,1,,0,0,A,1999-10-05,4,Unknown,61,10107,,0
9308,3,1970-09-13,1651,2,M,1999-10-05,2,Unknown,10,10107,,0
9309,2,1967-04-09,0,0,A,1999-10-05,0,Unknown,23,0,,0
9310,1,,0,0,A,1999-10-06,4,Unknown,61,10107,,0
9311,1,,0,0,A,1999-10-06,4,Unknown,61,10107,,0
9312,1,,0,0,A,1999-10-06,0,Unknown,61,10107,,0
9313,1,,0,0,A,1999-10-06,4,Unknown,61,10107,,0
9314,1,,0,0,A,1999-10-06,4,Unknown,61,10107,,0
9315,1,,0,0,A,1999-10-06,4,Unknown,61,10107,,0
9316,1,,0,0,A,1999-10-06,4,Unknown,61,10107,,0
9317,2,1962-09-29,2500,0,D,1999-10-06,2,Unknown,10,13807,,0
9318,2,1975-06-07,1510,1,M,1999-10-06,2,Unknown,10,10107,,0
9319,2,1946-10-19,0,0,A,1999-10-06,0,Unknown,25,0,,0
9320,3,1984-03-22,0,0,C,1999-10-07,2,Unknown,21,10907,,0
9321,4,1978-02-02,0,0,C,1999-10-07,2,Unknown,10,15607,,0
9322,2,1961-12-09,0,0,C,1999-10-07,2,Unknown,10,13507,,0
9323,3,1960-12-22,0,3,M,1999-10-07,2,Unknown,10,10107,,0
9324,3,1965-12-27,0,0,M,1999-10-07,2,Unknown,10,0,,0
9325,3,1944-12-31,2485,0,D,1999-10-08,2,Unknown,10,17907,,0
9326,4,1966-11-03,0,0,C,1999-10-08,0,Unknown,10,10107,,0
9327,3,1954-07-10,2572,1,E,1999-10-08,2,Unknown,10,10907,,0
9328,4,1965-09-10,1640,2,U,1999-10-08,0,Unknown,10,12807,,0
9329,2,1937-04-24,0,0,A,1999-10-08,0,Unknown,25,0,,0
9330,4,1970-07-16,0,0,C,1999-10-11,2,Unknown,10,14607,,0
9331,1,,0,0,A,1999-10-11,0,Unknown,50,14707,,0
9332,2,1963-12-12,0,0,A,1999-10-11,0,Unknown,23,0,,0
9333,3,1946-05-25,2553,0,M,1999-10-11,0,Unknown,25,0,,0
9334,2,1951-11-13,3132,3,M,1999-10-12,2,Unknown,10,10107,,0
9335,2,1973-07-20,1800,0,M,1999-10-12,0,Unknown,10,18507,,0
9336,2,1958-03-30,1771,0,A,1999-10-13,0,Unknown,21,0,,0
9337,4,1970-05-02,0,3,U,1999-10-13,0,Unknown,10,17907,,0
9338,2,1975-11-02,0,0,C,1999-10-13,2,Unknown,10,17907,,0
9339,3,1975-10-23,0,0,M,1999-10-13,2,Unknown,10,14607,,0
9340,2,1969-04-21,1251,2,M,1999-10-13,2,Unknown,10,10107,,0
9341,4,1975-02-10,0,0,U,1999-10-13,0,Unknown,10,10307,,0
9342,3,1960-04-14,0,0,A,1999-10-13,0,Unknown,10,10207,,0
9343,2,1976-12-31,0,0,A,1999-10-14,0,Unknown,21,0,,0
9344,3,1972-12-24,1304,0,M,1999-10-14,2,Unknown,10,15607,,0
9345,3,1974-08-19,1604,2,M,1999-10-14,2,Unknown,10,14607,,0
9346,2,1964-02-28,0,0,M,1999-10-14,2,Unknown,10,14707,,0
9347,2,1936-08-19,0,0,A,1999-10-14,0,DA,25,0,2004-08-17,1
9348,3,1972-04-10,1523,1,M,1999-10-15,2,Unknown,10,17807,,0
9349,2,1953-09-02,0,0,A,1999-10-18,0,Unknown,25,0,,0
9350,4,1951-04-05,0,0,C,1999-10-18,0,Unknown,25,0,,0
9351,2,1950-02-27,0,0,A,1999-10-18,0,Unknown,10,17607,,0
9352,3,1970-01-09,0,0,A,1999-10-19,0,Unknown,10,10907,,0
9353,2,1962-10-14,1540,1,M,1999-10-19,2,Unknown,21,0,,0
9354,2,1956-10-23,2200,2,M,1999-10-20,2,Unknown,21,0,,0
9355,2,1986-04-14,0,0,A,1999-10-20,2,DA,21,10107,2002-09-18,1
9356,3,1971-08-16,1450,1,C,1999-10-20,2,Unknown,10,17807,,0
9357,1,,0,0,A,1999-10-21,0,Unknown,82,0,,0
9358,3,1948-04-27,0,0,M,1999-10-21,0,Unknown,10,10507,,0
9359,4,1975-09-23,0,0,C,1999-10-21,2,Unknown,10,13507,,0
9360,4,1973-05-17,0,0,C,1999-10-21,2,Unknown,10,10107,,0
9361,2,1962-11-23,0,1,M,1999-10-21,2,Unknown,10,10107,,0
9362,3,1971-04-13,1200,2,U,1999-10-21,2,Unknown,10,10507,,0
9363,3,1973-12-17,0,1,M,1999-10-21,2,Unknown,10,16807,,0
9364,3,1957-06-18,0,0,A,1999-10-21,0,Unknown,25,0,,0
9365,2,1957-04-19,0,0,A,1999-10-21,0,Unknown,25,0,,0
9366,2,1970-04-06,0,0,U,1999-10-22,0,DV,21,14707,2003-09-03,1
9367,2,1961-05-02,0,0,A,1999-10-22,0,Unknown,25,0,,0
9368,2,1952-08-05,0,0,A,1999-10-22,0,Unknown,25,0,,0
9369,4,1961-03-21,1368,2,C,1999-10-25,2,Unknown,10,11907,,0
9370,2,1977-07-07,2204,3,G,1999-10-25,2,Unknown,10,13507,,0
9371,2,1956-10-04,0,0,M,1999-10-25,2,Unknown,10,10907,,0
9372,2,1949-07-22,0,0,A,1999-10-26,0,Unknown,25,0,,0
9373,3,1974-04-02,1886,1,M,1999-10-27,2,Unknown,10,10107,,0
9374,3,1936-09-02,0,0,A,1999-10-27,0,Unknown,25,0,,0
9375,4,1968-05-30,0,0,C,1999-10-28,2,Unknown,10,14607,,0
9376,2,1958-09-03,4030,2,M,1999-10-29,2,Unknown,10,16707,,0
9377,2,1976-05-14,3182,0,U,1999-10-29,2,Unknown,10,10107,,0
9378,3,1934-08-07,0,0,M,1999-10-29,2,Unknown,10,10907,,0
9379,2,1970-03-29,0,0,A,1999-10-29,0,Unknown,10,10907,,0
9380,2,1964-08-20,0,0,A,1999-10-29,0,Unknown,21,0,,0
9381,2,1973-07-20,0,0,A,1999-11-02,0,DV,21,10107,2000-11-17,1
9382,3,1941-10-14,0,0,A,1999-11-02,0,Unknown,25,0,,0
9383,2,1942-04-24,0,0,A,1999-11-02,0,Unknown,25,0,,0
9384,2,1962-03-19,1088,2,M,1999-11-03,0,Unknown,21,0,,0
9385,2,1941-10-22,0,0,D,1999-11-03,2,Unknown,10,0,,0
9386,2,1970-03-05,1720,2,U,1999-11-04,2,Unknown,10,15707,,0
9387,2,1939-10-15,2135,2,M,1999-11-04,2,Unknown,10,13507,,0
9388,2,1973-06-22,1230,1,U,1999-11-04,2,Unknown,10,16707,,0
9389,3,1937-07-29,0,0,A,1999-11-04,0,Unknown,25,0,,0
9390,3,1949-09-22,0,0,A,1999-11-04,0,Unknown,25,0,,0
9391,3,1968-09-30,0,0,A,1999-11-05,0,Unknown,10,16707,,0
9392,3,1939-07-14,0,0,A,1999-11-05,0,Unknown,25,0,,0
9393,2,1946-08-22,0,0,A,1999-11-08,0,Unknown,25,0,,0
9394,3,1970-03-25,1265,1,U,1999-11-08,2,Unknown,10,14607,,0
9395,3,1942-04-10,1869,1,M,1999-11-08,2,Unknown,10,16807,,0
9396,2,1947-04-03,0,0,A,1999-11-08,0,Unknown,21,0,,0
9397,2,1974-02-11,0,0,M,1999-11-08,2,Unknown,10,0,,0
9398,2,1961-10-13,0,0,M,1999-11-08,2,Unknown,10,0,,0
9399,2,1971-09-20,1669,1,M,1999-11-09,2,Unknown,10,10507,,0
9400,2,1955-10-23,1650,3,M,1999-11-10,2,Unknown,10,13807,,0
9401,3,1954-06-29,2752,3,D,1999-11-10,2,Unknown,10,18707,,0
9402,3,1969-09-22,2058,1,M,1999-11-10,2,Unknown,10,17807,,0
9403,2,1974-08-27,0,0,C,1999-11-10,2,Unknown,10,17807,,0
9404,2,1950-06-14,0,0,A,1999-11-10,0,Unknown,25,0,,0
9405,3,1937-12-21,0,0,A,1999-11-10,0,Unknown,23,0,,0
9406,3,1963-01-14,1670,2,M,1999-11-10,0,Unknown,21,0,,0
9407,2,1973-04-05,0,1,E,1999-11-12,2,Unknown,10,10107,,0
9408,3,1949-02-14,0,0,A,1999-11-12,0,Unknown,21,0,,0
9409,3,1951-01-01,0,0,A,1999-11-12,0,Unknown,21,0,,0
9410,2,1970-03-10,3315,2,M,1999-11-12,0,Unknown,21,0,,0
9411,2,1970-04-20,1850,2,G,1999-11-12,0,Unknown,21,0,,0
9412,2,1954-03-12,0,0,A,1999-11-15,0,Unknown,25,0,,0
9413,3,1931-03-13,0,0,A,1999-11-15,0,Unknown,21,0,,0
9414,2,1972-05-30,0,0,C,1999-11-16,0,Unknown,10,17907,,0
9415,2,1956-05-06,0,0,A,1999-11-16,0,Unknown,21,0,,0
9416,3,1963-11-03,0,0,A,1999-11-17,0,Unknown,25,0,,0
9417,3,1961-10-15,0,0,A,1999-11-17,0,Unknown,25,0,,0
9418,2,1970-09-26,1097,0,A,1999-11-18,0,Unknown,21,0,,0
9419,3,1969-04-27,0,0,M,1999-11-18,2,Unknown,10,15607,,0
9420,4,1958-07-23,5968,0,C,1999-11-18,2,Unknown,10,12149,,0
9421,3,1962-09-14,0,0,A,1999-11-18,0,Unknown,21,0,,0
9422,2,1932-01-12,0,0,A,1999-11-18,0,Unknown,21,0,,0
9423,3,1959-08-26,0,0,A,1999-11-18,0,Unknown,25,0,,0
9424,2,1944-05-13,0,0,A,1999-11-18,0,Unknown,25,0,,0
9425,2,1943-06-13,0,0,A,1999-11-18,0,Unknown,21,0,,0
9426,2,1967-05-21,0,0,C,1999-11-19,2,Unknown,10,15607,,0
9427,3,1960-01-24,1121,2,M,1999-11-19,2,Unknown,10,10507,,0
9428,2,1944-09-18,0,0,A,1999-11-19,0,Unknown,25,0,,0
9429,2,1945-03-07,1522,0,A,1999-11-19,0,Unknown,25,0,,0
9430,2,1939-08-13,1290,0,A,1999-11-19,0,Unknown,25,0,,0
9431,4,1971-09-23,0,0,C,1999-11-19,0,Unknown,21,0,,0
9432,2,1965-02-11,0,0,M,1999-11-22,2,Unknown,10,16707,,0
9433,1,,0,0,A,1999-11-22,4,Unknown,61,10107,,0
9434,2,1961-01-10,950,2,U,1999-11-22,2,Unknown,10,17807,,0
9435,2,1972-06-10,1600,0,M,1999-11-22,2,Unknown,10,15707,,0
9436,3,1977-07-21,1000,0,C,1999-11-22,2,Unknown,10,12607,,0
9437,3,1972-06-08,0,0,M,1999-11-22,2,Unknown,10,16807,,0
9438,2,1938-12-12,0,0,A,1999-11-22,0,Unknown,21,0,,0
9439,3,1955-02-24,0,0,A,1999-11-22,0,Unknown,21,0,,0
9440,2,1972-05-29,0,0,C,1999-11-23,2,Unknown,10,10107,,0
9441,2,1950-01-23,0,0,M,1999-11-23,2,Unknown,10,10907,,0
9442,4,1957-11-13,0,0,C,1999-11-23,0,Unknown,21,0,,0
9443,3,1948-01-01,0,0,A,1999-11-23,0,Unknown,25,0,,0
9444,3,1938-01-01,0,0,A,1999-11-23,0,Unknown,25,0,,0
9445,2,1970-12-08,0,0,A,1999-11-23,0,Unknown,21,0,,0
9446,4,1972-06-11,1417,0,C,1999-11-24,2,Unknown,10,14707,,0
9447,2,1971-12-15,0,0,U,1999-11-25,0,Unknown,10,10107,,0
9448,2,1961-09-25,0,0,A,1999-11-25,0,Unknown,25,0,,0
9449,3,1976-04-29,0,0,C,1999-11-26,2,Unknown,10,16607,,0
9450,2,1952-12-01,0,0,A,1999-11-26,0,Unknown,10,12807,,0
9451,2,1969-01-09,0,0,U,1999-11-26,2,Unknown,10,16807,,0
9452,2,1956-04-04,0,0,A,1999-11-26,0,Unknown,21,0,,0
9453,2,1944-07-05,0,0,A,1999-11-26,0,Unknown,21,0,,0
9454,2,1957-10-19,1435,2,M,1999-11-26,0,Unknown,21,0,,0
9455,3,1966-01-18,0,0,A,1999-11-29,0,DV,21,17907,2000-02-10,1
9456,3,1946-07-20,0,0,A,1999-11-29,0,Unknown,25,0,,0
9457,3,1950-07-21,0,0,A,1999-11-29,0,Unknown,21,0,,0
9458,3,1945-11-12,0,0,A,1999-11-29,0,Unknown,25,0,,0
9459,2,1957-08-31,0,0,A,1999-11-29,0,Unknown,23,0,,0
9460,3,1943-12-17,0,0,A,1999-11-30,0,Unknown,21,0,,0
9461,2,1962-10-15,0,0,A,1999-11-30,0,Unknown,25,0,,0
9462,3,1941-02-17,0,0,A,1999-11-30,0,Unknown,25,0,,0
9463,3,1948-01-04,0,0,A,1999-11-30,0,Unknown,25,0,,0
9464,4,1970-05-01,0,0,C,1999-11-30,2,Unknown,10,10107,,0
9465,2,1968-06-01,1800,2,M,1999-11-30,2,Unknown,10,10107,,0
9466,3,1957-02-08,0,0,A,1999-11-30,0,Unknown,10,10107,,0
9467,2,1969-05-20,1715,1,M,1999-11-30,2,Unknown,10,10807,,0
9468,2,1957-07-27,0,0,A,1999-11-30,2,Unknown,10,0,,0
9469,2,1939-12-19,0,0,A,1999-12-01,0,Unknown,25,0,,0
9470,3,1946-09-27,0,0,A,1999-12-01,0,Unknown,25,0,,0
9471,3,1949-06-25,0,0,A,1999-12-01,0,Unknown,23,0,,0
9472,2,1958-02-08,0,0,M,1999-12-02,0,Unknown,10,10107,,0
9473,2,1959-07-14,0,0,C,1999-12-02,2,Unknown,10,10107,,0
9474,4,1973-10-02,1372,0,C,1999-12-02,2,Unknown,10,10307,,0
9475,3,1959-07-25,0,0,A,1999-12-02,0,Unknown,21,0,,0
9476,3,1956-03-26,0,0,A,1999-12-02,0,Unknown,21,0,,0
9477,2,1948-05-12,0,0,A,1999-12-02,0,Unknown,25,0,,0
9478,2,1953-04-30,0,0,A,1999-12-02,0,Unknown,21,0,,0
9479,3,1956-10-16,0,0,A,1999-12-03,0,Unknown,25,0,,0
9480,3,1950-04-28,0,0,A,1999-12-03,0,Unknown,23,0,,0
9481,4,1961-12-01,0,0,C,1999-12-03,0,Unknown,23,0,,0
9482,2,1949-11-22,856,0,A,1999-12-03,0,Unknown,21,0,,0
9483,2,1969-04-28,0,0,A,1999-12-03,0,Unknown,21,0,,0
9484,4,1975-01-12,0,0,C,1999-12-06,0,Unknown,10,0,,0
9485,4,1970-01-19,1858,2,U,1999-12-06,2,Unknown,10,18707,,0
9486,2,1960-08-08,2000,1,G,1999-12-06,2,Unknown,10,12607,,0
9487,3,1948-07-08,0,0,A,1999-12-06,0,Unknown,25,0,,0
9488,2,1954-12-05,0,0,A,1999-12-06,0,Unknown,21,0,,0
9489,2,1962-02-20,0,0,M,1999-12-06,2,Unknown,10,0,,0
9490,3,1977-08-25,1400,0,C,1999-12-07,2,Unknown,10,13507,,0
9491,2,1976-08-12,968,0,B,1999-12-07,2,Unknown,10,13607,,0
9492,2,1975-05-24,0,0,C,1999-12-07,0,Unknown,10,10807,,0
9493,2,1960-06-11,0,0,A,1999-12-07,0,Unknown,23,0,,0
9494,2,1954-12-24,0,0,A,1999-12-07,0,Unknown,21,0,,0
9495,3,1943-07-24,0,0,A,1999-12-08,0,Unknown,25,0,,0
9496,2,1961-04-08,0,0,A,1999-12-08,0,DA,21,0,2000-04-25,1
9497,2,1947-06-29,2120,0,A,1999-12-08,0,Unknown,21,0,,0
9498,2,1955-04-18,0,0,A,1999-12-08,0,Unknown,21,0,,0
9499,3,1969-12-09,0,3,M,1999-12-09,2,Unknown,21,0,,0
9500,2,1972-01-12,0,0,A,1999-12-09,0,Unknown,21,0,,0
9501,2,1952-06-22,0,0,A,1999-12-09,0,Unknown,25,0,,0
9502,3,1956-03-26,0,0,A,1999-12-09,0,Unknown,21,0,,0
9503,3,1949-11-12,0,0,A,1999-12-09,0,Unknown,25,0,,0
9504,3,1946-09-11,0,0,A,1999-12-09,0,DV,21,0,2001-08-23,1
9505,2,1948-01-03,0,0,A,1999-12-09,0,Unknown,23,0,,0
9506,2,1949-01-08,0,0,A,1999-12-09,0,Unknown,21,0,,0
9507,4,1958-09-21,0,0,C,1999-12-09,0,Unknown,21,0,,0
9508,3,1978-08-24,0,0,C,1999-12-09,2,Unknown,10,13507,,0
9509,2,1968-06-01,0,0,A,1999-12-09,0,Unknown,10,10307,,0
9510,3,1954-04-07,1158,0,M,1999-12-09,2,Unknown,10,10307,,0
9511,2,1972-10-13,2203,2,F,1999-12-09,0,Unknown,10,13807,,0
9512,2,1970-07-19,3825,0,M,1999-12-09,2,Unknown,10,17907,,0
9513,2,1967-08-26,0,0,C,1999-12-09,0,Unknown,10,13607,,0
9514,2,1939-06-29,0,0,A,1999-12-10,0,Unknown,25,0,,0
9515,2,1958-09-14,0,0,A,1999-12-10,0,Unknown,25,0,,0
9516,2,1963-12-18,0,0,A,1999-12-13,2,Unknown,10,13907,,0
9517,3,1965-08-02,1034,2,M,1999-12-13,2,Unknown,10,18707,,0
9518,2,1969-08-29,0,0,A,1999-12-13,0,Unknown,10,18707,,0
9519,4,1970-09-24,0,0,C,1999-12-13,0,Unknown,10,10107,,0
9520,4,1976-11-11,1500,0,C,1999-12-13,2,Unknown,10,15807,,0
9521,2,1931-08-20,0,0,A,1999-12-14,0,Unknown,21,0,,0
9522,4,1977-09-03,0,0,C,1999-12-14,2,Unknown,10,11907,,0
9523,3,1954-10-16,1135,0,D,1999-12-14,2,Unknown,10,11907,,0
9524,2,1964-03-23,0,0,M,1999-12-14,2,Unknown,10,17907,,0
9525,4,1975-02-15,2696,1,U,1999-12-15,2,Unknown,10,12149,,0
9526,2,1969-01-08,0,0,A,1999-12-15,0,Unknown,23,0,,0
9527,2,1957-05-24,0,0,M,1999-12-15,2,Unknown,10,0,,0
9528,2,1972-07-31,1750,1,G,1999-12-16,2,Unknown,10,10107,,0
9529,3,1954-10-22,0,0,A,1999-12-16,0,Unknown,23,0,,0
9530,2,1949-01-31,0,0,A,1999-12-16,0,Unknown,25,0,,0
9531,3,1950-10-14,1027,2,G,1999-12-17,2,Unknown,10,0,,0
9532,2,1956-01-23,5040,1,V,1999-12-17,2,Unknown,10,18707,,0
9533,2,1974-12-16,0,0,U,1999-12-17,2,Unknown,10,10507,,0
9534,2,1962-09-09,0,0,A,1999-12-17,0,Unknown,21,0,,0
9535,3,1953-05-22,0,0,A,1999-12-17,0,Unknown,23,0,,0
9536,2,1954-02-13,0,0,A,1999-12-17,0,Unknown,25,0,,0
9537,1,,0,0,A,1999-12-20,4,Unknown,61,10107,,0
9538,1,,0,0,A,1999-12-20,4,Unknown,61,10107,,0
9539,1,,0,0,A,1999-12-20,4,Unknown,61,10107,,0
9540,1,,0,0,A,1999-12-20,4,Unknown,61,10107,,0
9541,1,,0,0,A,1999-12-20,4,Unknown,61,10107,,0
9542,1,,0,0,A,1999-12-20,4,Unknown,61,10107,,0
9543,3,1974-11-28,0,0,M,1999-12-20,2,Unknown,10,13507,,0
9544,2,1964-08-25,0,2,M,1999-12-20,2,Unknown,10,0,,0
9545,3,1956-11-26,0,0,A,1999-12-20,0,Unknown,21,0,,0
9546,3,1969-02-25,0,1,M,1999-12-21,2,Unknown,10,10807,,0
9547,3,1961-07-03,0,0,A,1999-12-21,0,Unknown,21,0,,0
9548,2,1956-11-13,0,0,M,1999-12-22,0,DV,21,11307,2006-02-20,1
9549,3,1964-03-21,0,0,M,1999-12-22,0,Unknown,10,18707,,0
9550,2,1952-12-08,0,0,A,1999-12-22,0,Unknown,25,0,,0
9551,3,1949-04-18,0,0,A,1999-12-22,0,Unknown,25,0,,0
9552,3,1940-12-15,0,0,A,1999-12-22,0,Unknown,25,0,,0
9553,2,1947-01-05,6167,0,A,1999-12-22,0,Unknown,21,0,,0
9554,4,1961-06-04,0,0,C,1999-12-23,2,Unknown,10,10107,,0
9555,3,1963-11-18,2526,4,B,1999-12-23,2,Unknown,10,10107,,0
9556,3,1959-10-11,0,0,C,1999-12-23,2,Unknown,10,10207,,0
9557,2,1943-08-20,0,0,A,1999-12-23,0,Unknown,21,0,,0
9558,4,1973-08-31,1638,0,U,1999-12-24,0,Unknown,10,11907,,0
9559,2,1974-10-10,0,0,M,1999-12-24,2,Unknown,10,10507,,0
9560,3,1953-04-09,0,0,A,1999-12-24,0,Unknown,25,0,,0
9561,2,1946-09-11,0,0,A,1999-12-24,0,Unknown,23,0,,0
9562,4,1957-05-14,0,0,C,1999-12-27,2,Unknown,10,12807,,0
9563,2,1954-07-08,0,0,M,1999-12-27,2,Unknown,10,10207,,0
9564,3,1945-09-29,625,0,M,1999-12-29,0,Unknown,21,0,,0
9565,2,1959-11-26,0,0,A,1999-12-29,0,Unknown,25,0,,0
9566,2,1968-10-03,0,0,A,1999-12-29,2,Unknown,10,15607,,0
9567,2,1986-04-28,0,0,C,1999-12-29,2,Unknown,21,10107,,0
9568,3,1956-12-13,0,0,A,1999-12-29,0,Unknown,10,14607,,0
9569,2,1972-06-22,2710,1,U,1999-12-29,2,Unknown,10,12149,,0
9570,3,1963-02-18,2500,0,M,1999-12-29,0,Unknown,21,0,,0
9571,3,1946-11-13,0,0,A,1999-12-30,0,Unknown,25,0,,0
9572,3,1944-06-25,0,2,M,1999-12-30,2,Unknown,10,17607,,0
9573,3,1962-05-11,0,0,C,1999-12-30,0,DV,21,13807,2006-08-02,1
9574,3,1949-01-01,0,0,A,2000-01-03,0,Unknown,21,0,,0
9575,3,1950-08-26,2229,2,D,2000-01-03,2,Unknown,10,15807,,0
9576,2,1966-06-13,0,2,M,2000-01-03,2,Unknown,10,17607,,0
9577,2,1953-04-12,0,0,A,2000-01-04,0,Unknown,25,0,,0
9578,2,1943-07-01,4400,0,A,2000-01-04,0,Unknown,21,0,,0
9579,2,1971-05-01,0,0,M,2000-01-04,2,Unknown,10,15707,,0
9580,2,1969-11-28,0,0,C,2000-01-04,2,Unknown,10,17807,,0
9581,3,1974-12-02,1639,2,G,2000-01-05,2,Unknown,10,12807,,0
9582,2,1940-03-26,0,0,A,2000-01-05,0,Unknown,21,0,,0
9583,2,1950-08-25,0,0,A,2000-01-05,0,Unknown,21,0,,0
9584,2,1964-05-04,0,0,A,2000-01-05,0,Unknown,23,0,,0
9585,2,1947-05-26,0,0,A,2000-01-05,0,Unknown,23,0,,0
9586,4,1964-12-02,0,0,C,2000-01-06,2,Unknown,10,13507,,0
9587,3,1943-10-06,0,0,D,2000-01-06,2,Unknown,10,13507,,0
9588,3,1971-10-17,0,0,M,2000-01-06,2,Unknown,10,13507,,0
9589,3,1953-06-01,0,1,M,2000-01-06,2,Unknown,10,17807,,0
9590,4,1973-07-21,2490,0,M,2000-01-07,2,Unknown,10,10107,,0
9591,4,1971-03-29,0,0,C,2000-01-07,2,Unknown,10,10107,,0
9592,3,1954-09-12,0,0,A,2000-01-07,0,Unknown,21,0,,0
9593,4,1975-09-18,0,0,C,2000-01-07,0,Unknown,21,0,,0
9594,4,1975-06-09,0,0,C,2000-01-10,2,Unknown,10,17907,,0
9595,3,1967-12-04,0,1,M,2000-01-10,2,Unknown,10,10107,,0
9596,2,1973-08-27,1648,0,P,2000-01-10,2,Unknown,10,17807,,0
9597,3,1966-11-27,1426,3,M,2000-01-10,0,Unknown,25,0,,0
9598,2,1950-04-23,0,0,A,2000-01-10,0,Unknown,21,0,,0
9599,2,1966-11-13,0,0,U,2000-01-11,0,Unknown,10,18319,,0
9600,2,1944-09-22,0,0,M,2000-01-12,2,Unknown,10,17607,,0
9601,2,1999-12-06,0,0,C,2000-01-12,2,Unknown,21,10107,,0
9602,4,1938-10-21,0,0,C,2000-01-12,0,Unknown,25,0,,0
9603,2,1949-10-18,0,0,A,2000-01-13,0,Unknown,25,0,,0
9604,3,1945-08-21,1651,0,M,2000-01-13,0,Unknown,21,0,,0
9605,4,1966-11-16,0,0,C,2000-01-13,0,Unknown,23,0,,0
9606,3,1968-09-03,1463,2,M,2000-01-14,2,Unknown,10,11307,,0
9607,2,1972-01-02,0,0,A,2000-01-14,0,Unknown,25,0,,0
9608,3,1963-04-07,2800,2,B,2000-01-14,2,Unknown,10,13907,,0
9609,4,1991-07-09,0,0,C,2000-01-17,2,Unknown,21,10907,,0
9610,2,1968-12-26,0,0,M,2000-01-17,2,Unknown,10,10107,,0
9611,3,1948-08-12,0,0,A,2000-01-17,0,Unknown,25,0,,0
9612,2,1950-08-04,2872,1,M,2000-01-17,0,Unknown,21,0,,0
9613,3,1972-04-30,1130,2,M,2000-01-17,0,Unknown,21,0,,0
9614,3,1960-11-15,0,0,A,2000-01-18,0,Unknown,23,0,,0
9615,3,1947-11-13,1435,1,A,2000-01-18,0,Unknown,21,0,,0
9616,2,1966-03-23,0,0,A,2000-01-19,0,Unknown,25,0,,0
9617,3,1941-07-23,1298,0,M,2000-01-20,0,Unknown,25,0,,0
9618,2,1949-04-08,0,0,M,2000-01-20,2,Unknown,10,0,,0
9619,2,1974-03-20,2800,1,M,2000-01-21,2,Unknown,10,13907,,0
9620,2,1969-11-25,0,0,M,2000-01-21,0,Unknown,10,12807,,0
9621,3,1950-03-28,0,0,A,2000-01-21,0,Unknown,21,0,,0
9622,2,1962-05-15,0,0,A,2000-01-21,0,Unknown,25,0,,0
9623,2,1974-07-10,0,0,A,2000-01-25,0,Unknown,25,0,,0
9624,3,1948-04-19,0,1,M,2000-01-25,0,Unknown,10,10107,,0
9625,3,1955-11-01,0,0,A,2000-01-25,0,Unknown,25,0,,0
9626,2,1944-06-05,0,0,A,2000-01-25,0,Unknown,21,0,,0
9627,2,1974-12-17,2335,2,G,2000-01-26,0,Unknown,21,0,,0
9628,2,1975-08-11,0,0,C,2000-01-26,2,Unknown,10,13507,,0
9629,2,1972-03-11,1402,1,U,2000-01-26,2,Unknown,10,14607,,0
9630,2,1974-10-29,2287,0,C,2000-01-26,2,Unknown,10,14607,,0
9631,3,1964-06-03,0,0,A,2000-01-26,0,Unknown,21,0,,0
9632,3,1974-11-20,1619,0,U,2000-01-27,2,Unknown,10,10107,,0
9633,3,1975-02-25,0,1,U,2000-01-27,2,Unknown,10,10107,,0
9634,2,1948-12-25,0,0,A,2000-01-27,0,Unknown,25,0,,0
9635,3,1957-01-01,0,0,A,2000-01-27,0,Unknown,25,0,,0
9636,3,1974-02-25,1665,0,M,2000-01-28,2,Unknown,10,16807,,0
9637,3,1944-10-26,0,0,A,2000-01-28,0,Unknown,25,0,,0
9638,2,1949-03-20,0,0,A,2000-01-28,0,Unknown,21,0,,0
9639,2,1992-03-18,0,0,C,2000-01-31,2,Unknown,21,14907,,0
9640,2,1948-05-15,0,0,A,2000-01-31,0,Unknown,25,0,,0
9641,4,1974-12-25,0,0,C,2000-01-31,2,Unknown,10,17907,,0
9642,3,1971-11-09,0,0,M,2000-01-31,2,Unknown,10,18707,,0
9643,2,1973-05-07,1480,1,M,2000-02-03,2,Unknown,10,13807,,0
9644,3,1952-09-08,0,0,C,2000-02-03,2,Unknown,10,10207,,0
9645,3,1950-01-02,0,0,A,2000-02-03,0,Unknown,21,0,,0
9646,3,1954-10-10,0,0,M,2000-02-04,2,Unknown,10,16707,,0
9647,2,1955-05-01,2591,2,A,2000-02-07,0,Unknown,21,0,,0
9648,2,1936-01-01,0,0,A,2000-02-07,0,Unknown,25,0,,0
9649,3,1955-07-04,0,0,M,2000-02-07,2,Unknown,21,0,,0
9650,3,1951-01-01,0,0,A,2000-02-07,0,Unknown,25,0,,0
9651,2,1956-08-27,0,0,A,2000-02-07,0,Unknown,21,0,,0
9652,3,1968-02-06,0,0,A,2000-02-07,0,Unknown,21,0,,0
9653,3,1974-07-31,0,0,M,2000-02-08,2,Unknown,10,11907,,0
9654,3,1976-01-22,0,0,M,2000-02-08,2,Unknown,10,17807,,0
9655,2,1954-02-15,2540,1,M,2000-02-08,2,DC,10,0,,0
9656,2,1958-06-20,0,0,M,2000-02-09,2,Unknown,10,13507,,0
9657,3,1959-02-08,0,3,M,2000-02-09,2,Unknown,10,10107,,0
9658,2,2000-01-12,0,0,A,2000-02-09,0,Unknown,21,10107,,0
9659,3,1950-02-18,0,0,A,2000-02-09,0,Unknown,21,0,,0
9660,3,1974-12-11,0,1,M,2000-02-10,2,Unknown,10,18707,,0
9661,2,1971-12-03,1494,1,M,2000-02-10,2,Unknown,10,17907,,0
9662,2,1957-10-29,1744,3,M,2000-02-11,2,Unknown,10,0,,0
9663,4,1988-12-30,0,0,A,2000-02-11,2,DA,21,0,2000-03-17,1
9664,3,1921-04-08,0,0,A,2000-02-11,0,Unknown,10,10907,,0
9665,2,1971-07-27,1892,2,S,2000-02-14,2,Unknown,10,17507,,0
9666,2,1944-11-16,0,0,A,2000-02-15,0,Unknown,23,0,,0
9667,2,1962-03-26,0,0,A,2000-02-15,0,Unknown,21,0,,0
9668,2,1960-09-08,0,0,C,2000-02-15,2,Unknown,10,17907,,0
9669,3,1954-11-20,0,0,A,2000-02-15,0,Unknown,10,17907,,0
9670,2,1973-02-09,3466,3,M,2000-02-15,2,Unknown,10,13607,,0
9671,2,1965-12-15,0,0,U,2000-02-16,2,Unknown,10,14607,,0
9672,4,1966-09-04,0,1,U,2000-02-16,2,Unknown,10,12149,,0
9673,4,1969-11-17,2778,2,U,2000-02-16,2,Unknown,10,18319,,0
9674,4,1959-08-27,0,0,C,2000-02-16,0,Unknown,23,0,,0
9675,2,1946-02-05,0,0,A,2000-02-16,0,Unknown,21,0,,0
9676,3,1962-04-08,0,0,M,2000-02-16,2,Unknown,10,0,,0
9677,4,1974-06-29,1626,0,U,2000-02-17,2,Unknown,10,10207,,0
9678,4,1976-07-12,0,0,C,2000-02-18,0,Unknown,10,11307,,0
9679,4,1972-11-30,1638,1,U,2000-02-21,2,Unknown,10,10807,,0
9680,2,1966-01-11,0,0,C,2000-02-21,2,Unknown,10,10207,,0
9681,3,1953-10-20,0,2,M,2000-02-22,2,Unknown,10,17607,,0
9682,2,1970-05-01,1393,1,G,2000-02-22,2,Unknown,10,10907,,0
9683,2,1972-08-18,3686,0,M,2000-02-22,2,Unknown,10,12149,,0
9684,2,1966-03-09,0,0,A,2000-02-22,0,Unknown,23,0,,0
9685,4,1975-06-21,0,0,U,2000-02-23,2,Unknown,10,12607,,0
9686,2,1971-05-11,1484,0,A,2000-02-24,0,Unknown,10,0,,0
9687,3,1948-08-10,2000,1,C,2000-02-24,2,Unknown,10,15707,,0
9688,2,1965-02-04,2721,0,U,2000-02-24,2,Unknown,10,10107,,0
9689,3,1961-05-16,0,0,A,2000-02-24,0,Unknown,23,0,,0
9690,2,1952-10-05,0,1,D,2000-02-24,2,Unknown,10,0,,0
9691,3,1951-10-12,700,1,M,2000-02-24,0,Unknown,21,0,,0
9692,2,1968-10-25,0,0,A,2000-02-25,0,Unknown,23,0,,0
9693,2,1975-11-17,0,0,M,2000-02-25,2,Unknown,10,10907,,0
9694,3,1950-04-15,1458,0,G,2000-02-28,2,Unknown,10,16707,,0
9695,3,1949-06-14,0,0,D,2000-02-29,2,Unknown,10,10307,,0
9696,3,1944-05-28,0,0,D,2000-02-29,2,Unknown,10,16807,,0
9697,2,1942-06-13,0,0,A,2000-02-29,0,Unknown,21,0,,0
9698,1,,0,0,A,2000-03-01,4,Unknown,61,10107,,0
9699,4,1973-06-26,1841,0,C,2000-03-01,2,Unknown,10,13907,,0
9700,3,1965-05-08,2976,1,M,2000-03-01,2,Unknown,10,18319,,0
9701,3,1954-02-06,0,0,A,2000-03-02,0,Unknown,25,0,,0
9702,3,1960-12-28,0,0,M,2000-03-02,2,Unknown,10,10907,,0
9703,3,1946-12-18,460,0,M,2000-03-02,0,Unknown,21,0,,0
9704,2,1963-12-27,0,0,C,2000-03-03,2,Unknown,10,13607,,0
9705,3,1951-04-06,0,0,A,2000-03-03,0,Unknown,25,0,,0
9706,2,1952-06-21,0,0,A,2000-03-06,0,Unknown,21,0,,0
9707,3,1974-04-30,0,0,M,2000-03-06,2,Unknown,10,13907,,0
9708,4,1974-08-04,0,0,C,2000-03-06,0,Unknown,10,13507,,0
9709,3,1970-05-17,2983,2,G,2000-03-07,2,Unknown,10,13507,,0
9710,2,1964-05-30,0,0,A,2000-03-07,0,Unknown,10,14607,,0
9711,2,1946-06-07,0,0,A,2000-03-07,0,Unknown,23,0,,0
9712,3,1962-05-24,0,0,A,2000-03-07,0,Unknown,23,0,,0
9713,2,1949-08-16,0,0,A,2000-03-07,0,Unknown,23,0,,0
9714,2,1959-08-24,0,0,A,2000-03-07,0,Unknown,21,0,,0
9715,3,1950-04-04,0,0,A,2000-03-08,0,Unknown,25,0,,0
9716,2,1965-01-20,0,0,A,2000-03-08,0,DC,25,0,,0
9717,2,1970-12-29,0,2,M,2000-03-08,2,Unknown,10,12149,,0
9718,3,1963-08-31,3176,2,A,2000-03-09,0,DA,21,0,2003-01-27,1
9719,3,1971-05-25,0,3,C,2000-03-09,2,Unknown,10,17907,,0
9720,3,1946-05-29,0,0,A,2000-03-09,0,Unknown,21,0,,0
9721,2,1949-05-03,4292,1,M,2000-03-09,2,Unknown,10,0,,0
9722,2,1976-05-28,0,0,C,2000-03-10,2,Unknown,10,13507,,0
9723,2,1999-11-15,0,0,C,2000-03-10,2,Unknown,21,10107,,0
9724,2,1950-02-07,0,0,U,2000-03-10,2,Unknown,10,17807,,0
9725,2,1970-03-14,1489,0,C,2000-03-10,0,Unknown,10,17807,,0
9726,3,1962-08-30,0,0,A,2000-03-10,0,Unknown,25,0,,0
9727,2,1977-08-16,0,0,C,2000-03-13,2,Unknown,10,10107,,0
9728,3,1975-07-02,0,0,U,2000-03-13,2,Unknown,10,10307,,0
9729,3,1963-11-17,1539,1,M,2000-03-13,2,Unknown,10,15707,,0
9730,2,1968-11-24,0,0,A,2000-03-14,0,Unknown,21,0,,0
9731,2,1934-06-12,0,0,A,2000-03-14,0,Unknown,23,0,,0
9732,3,1959-01-07,0,0,C,2000-03-15,2,Unknown,10,13607,,0
9733,3,1969-12-21,0,0,A,2000-03-15,0,Unknown,10,10507,,0
9734,3,1952-06-13,0,0,A,2000-03-15,0,Unknown,21,0,,0
9735,3,1947-03-29,0,0,A,2000-03-15,0,Unknown,21,0,,0
9736,1,,0,0,A,2000-03-16,0,Unknown,82,0,,0
9737,2,1973-02-25,2180,1,M,2000-03-16,2,Unknown,10,17907,,0
9738,3,1950-06-30,1901,2,M,2000-03-16,2,Unknown,10,17907,,0
9739,4,1971-05-26,1372,0,C,2000-03-16,2,Unknown,10,10107,,0
9740,4,1946-11-18,0,0,C,2000-03-16,0,Unknown,21,0,,0
9741,2,1956-06-24,0,0,A,2000-03-16,0,Unknown,21,0,,0
9742,2,1937-04-06,0,0,A,2000-03-16,0,Unknown,25,0,,0
9743,2,1957-08-03,0,0,A,2000-03-16,0,Unknown,21,0,,0
9744,3,1945-03-29,0,0,A,2000-03-16,0,Unknown,21,0,,0
9745,2,1965-10-13,0,0,A,2000-03-16,0,Unknown,21,0,,0
9746,2,1957-01-02,0,0,A,2000-03-16,0,DA,25,0,2004-08-03,1
9747,3,1958-11-08,0,2,A,2000-03-16,0,Unknown,21,0,,0
9748,2,1964-12-30,0,0,A,2000-03-16,0,Unknown,25,0,,0
9749,3,1954-11-20,950,1,A,2000-03-16,0,Unknown,21,0,,0
9750,3,1964-11-13,0,0,A,2000-03-17,2,Unknown,10,12149,,0
9751,4,1964-10-15,0,0,C,2000-03-20,2,Unknown,10,17907,,0
9752,2,1959-08-14,7824,2,M,2000-03-20,2,Unknown,10,10307,,0
9753,2,1949-12-13,0,3,M,2000-03-20,0,Unknown,10,10207,,0
9754,3,1949-02-07,0,0,A,2000-03-20,0,Unknown,21,0,,0
9755,2,1952-09-17,3989,0,A,2000-03-20,0,Unknown,25,0,,0
9756,2,1951-04-24,3400,1,U,2000-03-21,2,Unknown,10,13807,,0
9757,3,1956-05-24,0,0,A,2000-03-21,0,Unknown,10,10907,,0
9758,3,1942-04-28,2229,0,V,2000-03-21,2,Unknown,10,10807,,0
9759,2,1947-07-11,0,0,A,2000-03-21,0,Unknown,25,0,,0
9760,2,1948-06-08,0,0,M,2000-03-22,2,Unknown,10,15607,,0
9761,2,1966-01-12,1725,0,U,2000-03-22,2,Unknown,10,10807,,0
9762,3,1962-02-25,1950,1,C,2000-03-23,2,Unknown,10,12807,,0
9763,2,1971-06-03,0,0,A,2000-03-23,0,Unknown,21,0,,0
9764,2,1954-04-15,3483,2,A,2000-03-23,0,Unknown,25,0,,0
9765,3,1954-01-17,2567,2,E,2000-03-24,2,Unknown,10,0,,0
9766,4,1991-10-26,0,0,C,2000-03-24,2,Unknown,21,10107,,0
9767,2,1982-05-24,0,0,C,2000-03-27,2,Unknown,21,10107,,0
9768,2,1971-05-10,1870,2,M,2000-03-27,2,Unknown,10,17807,,0
9769,2,1970-03-12,2134,0,D,2000-03-27,2,Unknown,10,10307,,0
9770,2,1955-08-31,2017,1,M,2000-03-28,2,Unknown,10,14607,,0
9771,2,1945-09-08,0,0,M,2000-03-28,2,Unknown,10,17807,,0
9772,3,1972-11-18,1753,0,M,2000-03-28,2,Unknown,10,10307,,0
9773,3,1946-06-09,1800,1,M,2000-03-28,2,Unknown,10,10207,,0
9774,2,1970-12-16,0,2,M,2000-03-28,2,Unknown,10,10207,,0
9775,2,1959-08-01,0,0,A,2000-03-28,0,Unknown,21,0,,0
9776,2,1959-09-25,0,0,A,2000-03-28,0,Unknown,21,0,,0
9777,3,1955-04-21,0,0,A,2000-03-29,0,Unknown,21,0,,0
9778,2,1939-10-28,0,0,A,2000-03-29,0,Unknown,25,0,,0
9779,3,1974-06-23,0,0,M,2000-03-29,0,Unknown,10,17507,,0
9780,3,1972-10-27,1830,2,M,2000-03-29,2,Unknown,10,16707,,0
9781,4,1974-04-02,627,2,U,2000-03-30,2,Unknown,10,17907,,0
9782,2,1950-09-16,0,0,A,2000-03-30,0,Unknown,25,0,,0
9783,3,1960-10-28,0,0,A,2000-03-30,0,Unknown,21,0,,0
9784,4,1972-12-20,0,0,C,2000-03-31,2,Unknown,10,12807,,0
9785,2,1971-09-12,0,0,C,2000-03-31,2,Unknown,10,10207,,0
9786,3,1941-07-30,0,0,A,2000-03-31,0,Unknown,23,0,,0
9787,2,1971-03-21,0,0,C,2000-04-03,2,Unknown,10,15707,,0
9788,3,1931-10-30,0,0,A,2000-04-03,0,Unknown,21,0,,0
9789,3,1934-08-12,0,0,A,2000-04-03,0,Unknown,25,0,,0
9790,2,1945-04-20,0,0,A,2000-04-03,0,Unknown,25,0,,0
9791,2,1957-05-16,0,0,A,2000-04-04,0,Unknown,21,0,,0
9792,4,1971-10-30,0,0,C,2000-04-05,2,Unknown,10,10107,,0
9793,2,1958-09-15,0,0,A,2000-04-06,0,Unknown,23,0,,0
9794,2,1956-01-10,0,0,A,2000-04-06,0,Unknown,25,0,,0
9795,2,1956-12-21,2187,0,M,2000-04-06,2,Unknown,10,17807,,0
9796,2,1935-02-17,0,0,A,2000-04-06,0,Unknown,21,0,,0
9797,2,1977-02-15,1795,3,M,2000-04-06,2,Unknown,10,0,,0
9798,2,1942-10-05,0,0,M,2000-04-07,2,Unknown,10,18707,,0
9799,4,1974-11-13,0,1,C,2000-04-07,2,Unknown,10,10307,,0
9800,3,1928-12-18,0,0,A,2000-04-07,0,DA,21,0,2004-08-12,1
9801,3,1961-08-16,0,0,A,2000-04-07,0,Unknown,21,0,,0
9802,2,1951-02-21,0,0,A,2000-04-07,0,Unknown,25,0,,0
9803,2,1963-12-16,0,0,A,2000-04-07,0,Unknown,21,0,,0
9804,4,1970-11-12,1417,0,C,2000-04-10,2,Unknown,10,10107,,0
9805,2,1954-06-14,0,0,M,2000-04-12,0,Unknown,10,10507,,0
9806,2,1942-12-03,0,0,A,2000-04-12,0,Unknown,21,0,,0
9807,2,1953-01-01,0,0,A,2000-04-12,0,Unknown,25,0,,0
9808,2,1968-05-31,0,0,M,2000-04-13,0,Unknown,10,13507,,0
9809,3,1973-08-10,1543,1,B,2000-04-13,2,Unknown,10,10607,,0
9810,2,1970-04-14,0,2,M,2000-04-13,2,Unknown,10,10607,,0
9811,3,1940-04-13,0,0,A,2000-04-13,0,Unknown,25,0,,0
9812,2,1944-09-09,0,0,A,2000-04-13,0,Unknown,25,0,,0
9813,2,1947-09-14,0,0,A,2000-04-13,0,Unknown,21,0,,0
9814,2,1942-11-22,1386,0,A,2000-04-14,0,Unknown,21,0,,0
9815,2,1948-10-17,0,0,A,2000-04-14,0,Unknown,21,0,,0
9816,3,1939-12-12,0,0,A,2000-04-17,0,DC,21,0,,0
9817,2,1945-11-08,0,0,A,2000-04-17,0,Unknown,21,0,,0
9818,3,1945-03-19,1180,0,M,2000-04-17,0,Unknown,21,0,,0
9819,3,1964-02-20,1143,0,A,2000-04-18,0,Unknown,21,0,,0
9820,3,1976-03-04,0,0,M,2000-04-18,2,Unknown,10,11907,,0
9821,2,1949-07-23,0,0,A,2000-04-19,0,Unknown,21,0,,0
9822,2,1952-12-31,0,0,A,2000-04-20,0,Unknown,25,0,,0
9823,3,1971-05-22,0,0,A,2000-04-20,0,Unknown,25,0,,0
9824,3,1952-06-20,0,0,M,2000-04-20,2,Unknown,10,0,,0
9825,2,1954-01-20,0,0,A,2000-04-21,0,Unknown,25,0,,0
9826,4,1977-04-04,0,0,C,2000-04-21,2,Unknown,10,17907,,0
9827,4,1976-02-06,0,2,C,2000-04-21,2,Unknown,10,13507,,0
9828,4,1974-06-15,1972,0,U,2000-04-21,2,Unknown,10,10207,,0
9829,3,1969-09-27,0,1,U,2000-04-25,2,Unknown,10,17907,,0
9830,3,1975-01-31,2051,2,M,2000-04-25,2,Unknown,10,18707,,0
9831,2,1955-05-24,0,0,U,2000-04-25,2,Unknown,10,10207,,0
9832,3,1940-07-11,0,0,A,2000-04-25,0,Unknown,21,0,,0
9833,3,1945-11-13,0,0,A,2000-04-25,0,Unknown,21,0,,0
9834,3,1961-05-23,0,2,M,2000-04-26,2,Unknown,10,12149,,0
9835,2,1962-07-02,0,0,C,2000-04-26,0,Unknown,10,0,,0
9836,2,1944-09-03,0,0,A,2000-04-26,0,Unknown,21,0,,0
9837,2,1958-09-15,0,0,A,2000-04-26,0,Unknown,25,0,,0
9838,3,1951-05-15,0,0,M,2000-04-27,2,Unknown,10,16807,,0
9839,2,1947-07-28,5976,2,M,2000-04-27,0,Unknown,21,0,,0
9840,3,1961-09-27,1659,2,A,2000-04-28,0,Unknown,21,0,,0
9841,3,1979-01-01,168,1,M,2000-04-28,2,Unknown,10,0,,0
9842,3,1934-10-29,1524,0,V,2000-04-28,2,Unknown,10,16707,,0
9843,2,1946-08-13,0,0,C,2000-04-28,2,Unknown,10,10107,,0
9844,4,1961-09-17,0,0,C,2000-05-02,0,Unknown,25,0,,0
9845,3,1939-01-14,526,0,M,2000-05-02,2,Unknown,10,17907,,0
9846,2,1961-05-22,0,1,U,2000-05-02,2,Unknown,10,10107,,0
9847,4,1987-05-27,0,0,C,2000-05-02,2,Unknown,21,10107,,0
9848,2,1966-05-04,0,0,U,2000-05-02,2,Unknown,10,14607,,0
9849,3,1958-04-25,0,0,M,2000-05-02,2,Unknown,10,14607,,0
9850,2,1971-06-09,0,1,M,2000-05-03,2,Unknown,10,10107,,0
9851,3,1963-02-23,0,0,A,2000-05-04,0,Unknown,23,0,,0
9852,4,1974-06-23,2869,0,C,2000-05-04,2,Unknown,10,10107,,0
9853,2,1948-08-25,1107,0,U,2000-05-04,2,Unknown,10,10107,,0
9854,4,1971-12-02,0,0,C,2000-05-04,0,Unknown,10,11607,,0
9855,3,1947-02-20,0,0,M,2000-05-04,2,Unknown,10,14707,,0
9856,2,1941-11-24,2290,0,M,2000-05-04,2,Unknown,10,0,,0
9857,4,1976-10-28,0,0,C,2000-05-05,2,Unknown,10,13507,,0
9858,2,1958-07-22,2010,1,M,2000-05-05,2,Unknown,10,18707,,0
9859,2,1961-04-07,1521,2,M,2000-05-05,0,Unknown,21,0,,0
9860,2,1963-09-24,3539,2,A,2000-05-09,0,Unknown,25,0,,0
9861,2,1963-10-12,0,0,A,2000-05-09,0,Unknown,21,0,,0
9862,3,1971-01-18,1823,2,M,2000-05-10,0,Unknown,10,0,,0
9863,2,2000-04-08,0,0,A,2000-05-10,0,Unknown,21,11907,,0
9864,2,1948-11-13,0,0,M,2000-05-10,2,Unknown,10,14607,,0
9865,2,1960-11-05,0,0,A,2000-05-10,0,Unknown,21,0,,0
9866,2,1950-11-20,0,0,A,2000-05-11,0,Unknown,21,0,,0
9867,4,1950-05-15,0,0,C,2000-05-11,0,Unknown,25,0,,0
9868,2,1950-04-28,0,0,A,2000-05-11,0,Unknown,21,0,,0
9869,2,1939-09-18,0,0,A,2000-05-11,0,Unknown,21,0,,0
9870,2,1968-02-21,2083,2,M,2000-05-11,2,Unknown,10,13807,,0
9871,2,1994-10-23,0,0,C,2000-05-11,2,Unknown,21,10107,,0
9872,2,1973-02-25,2130,1,M,2000-05-11,2,Unknown,10,16707,,0
9873,2,1956-05-31,0,0,M,2000-05-11,2,Unknown,10,10307,,0
9874,2,1960-06-29,1068,0,C,2000-05-11,2,Unknown,10,16807,,0
9875,2,1958-04-01,1450,3,M,2000-05-11,2,Unknown,10,0,,0
9876,2,1955-07-14,0,0,A,2000-05-11,0,Unknown,21,0,,0
9877,2,1971-09-26,0,0,A,2000-05-11,0,Unknown,21,0,,0
9878,3,1958-01-18,0,0,A,2000-05-12,0,Unknown,21,0,,0
9879,3,1945-10-25,2723,0,S,2000-05-15,0,Unknown,25,0,,0
9880,3,1971-07-28,1940,2,G,2000-05-15,2,Unknown,10,18707,,0
9881,2,1958-01-22,0,0,A,2000-05-15,0,Unknown,21,0,,0
9882,4,1974-10-28,1213,0,C,2000-05-16,2,Unknown,10,10507,,0
9883,2,1936-07-09,0,0,A,2000-05-16,0,Unknown,25,0,,0
9884,3,1940-09-28,0,0,M,2000-05-16,0,Unknown,10,0,,0
9885,2,1971-10-21,2000,1,C,2000-05-17,2,Unknown,10,0,,0
9886,3,1972-04-21,2568,2,G,2000-05-18,0,Unknown,21,0,,0
9887,3,1944-10-29,0,0,A,2000-05-18,0,Unknown,21,0,,0
9888,2,1954-03-20,0,0,A,2000-05-18,0,Unknown,21,0,,0
9889,2,1954-07-22,1699,0,M,2000-05-18,0,Unknown,21,0,,0
9890,3,1945-09-21,0,0,A,2000-05-18,0,Unknown,21,0,,0
9891,2,1962-08-16,0,2,M,2000-05-19,2,Unknown,10,12149,,0
9892,2,1972-10-17,0,0,A,2000-05-19,0,Unknown,25,0,,0
9893,2,1945-02-04,0,0,A,2000-05-19,0,Unknown,21,0,,0
9894,3,1958-09-27,0,0,A,2000-05-19,0,Unknown,21,0,,0
9895,2,1940-07-14,0,0,A,2000-05-23,0,Unknown,21,0,,0
9896,3,1957-04-14,0,0,A,2000-05-23,0,Unknown,25,0,,0
9897,3,1941-07-28,0,0,A,2000-05-23,0,DA,21,0,2000-06-21,1
9898,3,1931-07-07,0,0,A,2000-05-23,0,Unknown,25,0,,0
9899,3,1959-02-17,1301,2,M,2000-05-23,0,Unknown,10,0,,0
9900,2,1955-03-14,3610,1,M,2000-05-23,2,Unknown,10,0,,0
9901,3,1952-03-08,0,1,D,2000-05-23,2,Unknown,10,13507,,0
9902,2,1945-04-05,1700,0,V,2000-05-23,2,Unknown,10,17807,,0
9903,3,1948-06-18,0,0,M,2000-05-24,0,Unknown,25,0,,0
9904,3,1959-12-15,2328,1,M,2000-05-24,0,Unknown,21,0,,0
9905,3,1941-06-12,0,0,D,2000-05-25,2,Unknown,10,13807,,0
9906,3,1963-05-14,2008,2,B,2000-05-25,2,Unknown,10,16707,,0
9907,2,1960-06-14,1843,2,G,2000-05-25,2,Unknown,10,12807,,0
9908,2,1951-11-04,0,0,A,2000-05-25,0,Unknown,21,0,,0
9909,2,1956-04-16,0,0,A,2000-05-26,0,Unknown,21,0,,0
9910,2,1966-05-06,0,0,A,2000-05-26,0,Unknown,21,0,,0
9911,2,1965-12-25,0,0,A,2000-05-29,0,Unknown,25,0,,0
9912,4,1976-02-24,0,1,C,2000-05-29,2,Unknown,10,10207,,0
9913,1,,0,0,A,2000-05-30,0,Unknown,50,10107,,0
9914,2,1996-10-06,0,0,C,2000-05-30,2,Unknown,21,10107,,0
9915,2,1947-11-08,0,0,M,2000-05-30,2,Unknown,10,10507,,0
9916,3,1969-01-20,2389,1,U,2000-05-30,0,Unknown,23,0,,0
9917,2,1956-05-08,0,0,A,2000-05-30,0,Unknown,21,0,,0
9918,2,1939-06-02,2259,2,A,2000-05-31,0,Unknown,21,0,,0
9919,2,1955-09-20,0,0,A,2000-05-31,0,Unknown,23,0,,0
9920,2,1973-09-25,0,0,C,2000-05-31,2,Unknown,10,13607,,0
9921,4,1989-01-23,0,0,C,2000-05-31,2,Unknown,21,10107,,0
9922,3,1951-09-14,0,0,A,2000-05-31,0,Unknown,21,0,,0
9923,3,1961-03-21,0,0,A,2000-06-02,0,Unknown,21,0,,0
9924,2,1945-01-17,0,0,A,2000-06-02,0,Unknown,25,0,,0
9925,2,1961-03-05,2078,0,B,2000-06-02,0,Unknown,21,0,,0
9926,2,1959-03-26,0,0,A,2000-06-02,0,Unknown,25,0,,0
9927,2,1942-09-17,0,0,A,2000-06-02,0,Unknown,21,0,,0
9928,2,1946-05-02,0,0,A,2000-06-02,0,Unknown,21,0,,0
9929,4,1972-08-01,0,0,C,2000-06-02,2,Unknown,10,13507,,0
9930,3,1969-06-24,1644,0,M,2000-06-02,0,Unknown,10,17607,,0
9931,3,1962-07-12,647,2,E,2000-06-05,2,Unknown,10,0,,0
9932,2,1954-03-08,0,0,A,2000-06-05,0,Unknown,21,0,,0
9933,3,1967-04-11,1460,0,M,2000-06-06,0,Unknown,10,0,,0
9934,3,1964-01-10,0,0,A,2000-06-06,0,Unknown,25,0,,0
9935,2,1959-03-11,0,0,A,2000-06-06,0,Unknown,21,0,,0
9936,2,1948-01-01,2460,3,A,2000-06-06,0,Unknown,25,0,,0
9937,2,1957-02-18,1500,2,G,2000-06-06,2,Unknown,10,15807,,0
9938,2,1964-10-29,0,0,A,2000-06-06,0,Unknown,21,0,,0
9939,3,1940-04-25,2284,0,D,2000-06-07,2,Unknown,10,0,,0
9940,3,1955-03-25,0,0,M,2000-06-07,2,Unknown,10,17607,,0
9941,4,1977-08-26,0,0,C,2000-06-07,2,Unknown,10,10107,,0
9942,2,2000-04-28,0,0,C,2000-06-07,2,Unknown,21,10107,,0
9943,2,1963-11-16,0,0,A,2000-06-08,0,Unknown,21,0,,0
9944,2,1971-12-06,0,1,M,2000-06-08,2,Unknown,10,13807,,0
9945,2,1972-07-26,1400,1,C,2000-06-08,2,Unknown,10,17907,,0
9946,3,1969-03-07,0,3,M,2000-06-08,2,Unknown,10,10107,,0
9947,3,1961-06-09,2483,2,U,2000-06-09,0,Unknown,21,0,,0
9948,2,1951-09-17,3532,2,E,2000-06-09,2,Unknown,10,12149,,0
9949,3,1958-02-21,0,2,M,2000-06-13,2,Unknown,10,10107,,0
9950,3,1954-04-18,990,0,M,2000-06-13,2,Unknown,10,10907,,0
9951,3,1961-12-19,0,0,A,2000-06-13,0,Unknown,21,0,,0
9952,3,1976-10-08,0,0,M,2000-06-14,2,Unknown,10,17807,,0
9953,2,1966-05-28,2350,0,C,2000-06-14,2,Unknown,10,17807,,0
9954,3,1968-03-06,0,0,A,2000-06-14,0,Unknown,23,0,,0
9955,2,1970-08-10,1369,0,A,2000-06-15,0,Unknown,21,0,,0
9956,3,1976-04-13,0,0,A,2000-06-16,0,Unknown,21,0,,0
9957,3,1966-08-06,0,0,A,2000-06-16,0,Unknown,23,0,,0
9958,2,1959-05-15,1480,0,A,2000-06-16,0,Unknown,21,0,,0
9959,4,1973-07-16,1682,0,P,2000-06-16,2,Unknown,10,10607,,0
9960,3,1968-08-25,1324,1,U,2000-06-16,2,Unknown,10,16707,,0
9961,3,1970-01-05,0,5,M,2000-06-19,2,Unknown,10,10607,,0
9962,2,1965-12-31,3600,3,M,2000-06-19,2,Unknown,10,10607,,0
9963,3,1973-07-12,0,0,M,2000-06-19,2,Unknown,10,18707,,0
9964,2,1973-01-28,0,0,A,2000-06-19,0,Unknown,10,10307,,0
9965,2,1936-03-29,0,0,A,2000-06-19,0,Unknown,25,0,,0
9966,3,1964-09-11,0,0,A,2000-06-19,0,Unknown,23,0,,0
9967,3,1949-12-22,0,0,M,2000-06-20,2,Unknown,10,17907,,0
9968,3,1950-01-19,0,0,A,2000-06-20,0,Unknown,21,0,,0
9969,3,1964-08-22,0,0,A,2000-06-22,0,Unknown,21,0,,0
9970,3,1952-01-12,0,0,A,2000-06-22,0,Unknown,25,0,,0
9971,2,1946-01-23,0,0,A,2000-06-22,0,Unknown,25,0,,0
9972,2,1951-07-23,0,0,A,2000-06-22,0,Unknown,21,0,,0
9973,2,1944-08-28,0,0,A,2000-06-22,0,Unknown,21,0,,0
9974,3,1961-03-11,738,3,M,2000-06-23,2,Unknown,10,17607,,0
9975,2,1970-06-27,1722,0,M,2000-06-23,0,DV,21,10307,2004-12-13,1
9976,2,1957-04-28,0,0,A,2000-06-23,0,Unknown,23,0,,0
9977,3,1958-01-16,0,0,A,2000-06-23,0,Unknown,21,0,,0
9978,3,1951-03-18,0,0,A,2000-06-23,0,Unknown,25,0,,0
9979,3,1942-10-23,0,0,A,2000-06-23,0,Unknown,21,0,,0
9980,2,1956-05-07,0,0,M,2000-06-26,2,Unknown,10,14607,,0
9981,2,1935-04-11,0,0,M,2000-06-26,2,Unknown,10,10107,,0
9982,2,1979-04-19,0,0,C,2000-06-26,2,Unknown,10,10107,,0
9983,2,1944-12-15,2415,0,U,2000-06-26,2,Unknown,10,12149,,0
9984,2,1971-10-09,0,0,M,2000-06-26,2,Unknown,10,16807,,0
9985,2,1962-10-17,0,0,C,2000-06-26,2,Unknown,10,10307,,0
9986,2,1968-06-01,2214,1,M,2000-06-26,2,Unknown,10,10207,,0
9987,2,1970-11-05,0,0,A,2000-06-26,0,Unknown,23,0,,0
9988,2,1969-02-05,0,0,A,2000-06-26,0,Unknown,23,0,,0
9989,3,1959-03-27,0,0,A,2000-06-26,0,Unknown,21,0,,0
9990,2,1952-08-12,0,0,A,2000-06-26,0,Unknown,25,0,,0
9991,2,1945-07-30,0,0,A,2000-06-26,0,Unknown,23,0,,0
9992,2,1959-02-04,0,0,A,2000-06-26,0,Unknown,23,0,,0
9993,2,1954-04-16,0,0,A,2000-06-26,0,Unknown,21,0,,0
9994,3,1958-03-30,0,2,M,2000-06-27,2,Unknown,10,10207,,0
9995,2,1958-08-29,0,0,A,2000-06-27,0,Unknown,21,0,,0
9996,2,1969-12-26,0,1,M,2000-06-28,2,Unknown,10,18707,,0
9997,2,1977-05-06,0,0,U,2000-06-28,2,Unknown,10,18507,,0
9998,4,1942-12-01,2300,0,C,2000-06-29,0,Unknown,25,0,,0
9999,2,1960-09-15,0,0,A,2000-06-29,0,Unknown,25,0,,0
10000,2,1973-05-11,0,0,M,2000-06-29,0,Unknown,10,11907,,0
10001,3,1964-06-13,0,2,M,2000-06-29,2,Unknown,10,10107,,0
10002,3,1949-08-27,1500,1,M,2000-06-29,2,Unknown,10,13607,,0
10003,3,1946-07-26,0,0,G,2000-06-29,2,Unknown,10,10207,,0
10004,4,1967-02-07,0,0,C,2000-06-29,0,Unknown,21,0,,0
10005,3,1962-04-05,4423,0,M,2000-06-30,0,Unknown,10,0,,0
10006,2,1973-03-27,0,0,M,2000-06-30,2,Unknown,10,14607,,0
10007,4,1991-01-01,0,0,C,2000-06-30,2,Unknown,21,10107,,0
10008,3,1973-11-18,0,0,M,2000-06-30,2,Unknown,10,12607,,0
10009,2,1957-06-23,0,0,A,2000-07-03,0,Unknown,21,0,,0
10010,4,1963-06-11,0,0,C,2000-07-04,0,Unknown,23,0,,0
10011,3,1954-05-14,0,0,A,2000-07-04,0,Unknown,25,0,,0
10012,2,1968-12-05,0,0,M,2000-07-04,0,Unknown,10,16807,,0
10013,4,1970-11-20,1720,1,C,2000-07-04,2,Unknown,10,17807,,0
10014,2,1960-02-23,1753,3,A,2000-07-05,0,Unknown,21,0,,0
10015,2,1943-01-02,6705,0,M,2000-07-05,2,Unknown,10,18319,,0
10016,2,1977-03-25,2021,1,M,2000-07-06,2,Unknown,10,13507,,0
10017,3,1970-08-10,2200,2,M,2000-07-06,2,Unknown,10,14607,,0
10018,4,1982-09-15,0,0,C,2000-07-06,2,Unknown,10,14707,,0
10019,2,1973-03-20,0,0,M,2000-07-06,2,Unknown,10,15807,,0
10020,2,1946-07-22,0,0,A,2000-07-06,0,Unknown,25,0,,0
10021,3,1936-08-27,1600,1,V,2000-07-07,2,Unknown,10,15707,,0
10022,2,1962-12-26,1415,1,M,2000-07-07,2,Unknown,10,10107,,0
10023,2,1972-08-10,0,0,M,2000-07-07,2,Unknown,10,13607,,0
10024,2,1973-06-14,2490,0,M,2000-07-10,2,Unknown,10,16807,,0
10025,4,1975-10-15,1579,0,C,2000-07-10,2,Unknown,10,18507,,0
10026,2,1945-09-20,0,0,A,2000-07-10,0,Unknown,25,0,,0
10027,3,1935-08-17,0,0,A,2000-07-11,0,Unknown,21,0,,0
10028,2,1982-11-30,0,0,A,2000-07-11,0,Unknown,21,10107,,0
10029,4,1974-11-10,0,0,C,2000-07-11,0,Unknown,10,12807,,0
10030,4,1977-06-07,0,0,C,2000-07-11,0,Unknown,10,0,,0
10031,3,1970-03-23,0,0,A,2000-07-12,0,Unknown,21,0,,0
10032,3,1972-10-12,1084,0,A,2000-07-13,0,Unknown,21,0,,0
10033,2,1941-09-06,4039,2,A,2000-07-13,0,Unknown,21,0,,0
10034,2,1960-08-05,3000,2,M,2000-07-13,2,Unknown,10,10107,,0
10035,4,1966-02-18,0,0,C,2000-07-17,0,Unknown,10,15607,,0
10036,2,1957-03-30,3690,3,A,2000-07-18,0,Unknown,21,0,,0
10037,3,1947-02-05,0,0,A,2000-07-18,0,Unknown,23,0,,0
10038,3,1967-05-22,0,2,U,2000-07-18,2,Unknown,10,10107,,0
10039,3,1974-01-06,0,0,M,2000-07-18,2,Unknown,10,16707,,0
10040,3,1971-12-21,0,0,U,2000-07-18,2,Unknown,10,16707,,0
10041,4,1976-07-16,0,0,A,2000-07-18,0,DV,21,10807,2000-11-09,1
10042,4,1967-02-09,0,0,C,2000-07-18,2,Unknown,10,10307,,0
10043,3,1952-03-13,0,2,M,2000-07-19,2,Unknown,10,17607,,0
10044,1,,0,0,A,2000-07-19,4,Unknown,61,10107,,0
10045,1,,0,0,A,2000-07-19,4,Unknown,61,10107,,0
10046,1,,0,0,A,2000-07-20,0,Unknown,61,10107,,0
10047,4,1977-09-24,1760,2,U,2000-07-20,2,Unknown,10,15807,,0
10048,3,1943-11-16,2178,0,G,2000-07-20,0,Unknown,21,0,,0
10049,3,1962-01-14,0,3,D,2000-07-21,2,Unknown,10,17907,,0
10050,2,2000-02-29,0,0,C,2000-07-21,2,Unknown,21,10107,,0
10051,2,1962-09-09,1372,0,A,2000-07-24,0,Unknown,21,0,,0
10052,3,1949-10-16,928,0,D,2000-07-25,2,Unknown,10,17807,,0
10053,2,1957-07-05,0,1,M,2000-07-25,2,Unknown,10,12149,,0
10054,2,1944-12-25,0,0,M,2000-07-26,2,Unknown,10,18707,,0
10055,3,1952-08-28,0,0,A,2000-07-26,0,Unknown,21,0,,0
10056,2,1964-01-24,2134,0,A,2000-07-27,0,Unknown,21,0,,0
10057,3,1971-07-31,2200,2,M,2000-07-28,0,Unknown,21,0,,0
10058,4,1976-10-14,2430,2,C,2000-07-28,2,Unknown,10,10107,,0
10059,3,1975-11-13,0,0,M,2000-07-31,0,Unknown,10,10107,,0
10060,3,1962-01-12,1800,2,E,2000-08-01,0,Unknown,21,0,,0
10061,2,1974-05-22,2400,3,U,2000-08-01,2,Unknown,10,15807,,0
10062,3,1942-08-27,1964,0,B,2000-08-01,2,Unknown,10,18319,,0
10063,2,1983-03-25,0,0,C,2000-08-03,2,Unknown,21,10107,,0
10064,2,1968-02-17,0,0,M,2000-08-03,0,RA,21,12149,2000-12-06,1
10065,3,1966-12-25,2080,2,M,2000-08-03,2,Unknown,10,0,,0
10066,3,1955-08-08,0,1,D,2000-08-04,2,Unknown,10,10107,,0
10067,2,1961-10-19,0,0,A,2000-08-07,0,Unknown,23,0,,0
10068,3,1973-11-16,1804,2,G,2000-08-08,2,Unknown,10,10207,,0
10069,1,,0,0,A,2000-08-09,4,Unknown,61,10107,,0
10070,3,1970-10-25,1000,2,M,2000-08-09,2,Unknown,10,10107,,0
10071,4,1970-07-25,0,0,C,2000-08-10,2,Unknown,10,10107,,0
10072,3,1945-07-08,0,0,A,2000-08-11,0,Unknown,21,0,,0
10073,2,1948-06-19,0,0,M,2000-08-11,0,Unknown,10,17607,,0
10074,2,1953-02-08,0,0,M,2000-08-11,2,Unknown,10,17907,,0
10075,2,1971-12-17,0,0,A,2000-08-11,0,Unknown,10,14607,,0
10076,3,1958-05-31,2759,2,M,2000-08-14,2,Unknown,10,10907,,0
10077,2,1985-09-23,0,0,C,2000-08-16,2,Unknown,21,10107,,0
10078,2,1958-02-19,1753,0,A,2000-08-17,0,Unknown,21,0,,0
10079,2,1925-04-05,0,0,A,2000-08-17,0,Unknown,21,0,,0
10080,2,1949-02-13,0,0,M,2000-08-17,2,Unknown,10,10107,,0
10081,2,1966-08-27,0,1,U,2000-08-17,2,Unknown,10,10107,,0
10082,2,1966-11-05,1906,2,B,2000-08-17,2,Unknown,10,12807,,0
10083,1,,0,0,A,2000-08-18,0,Unknown,82,0,,0
10084,4,1976-04-21,2134,0,C,2000-08-18,2,Unknown,10,18507,,0
10085,4,1974-03-22,1463,0,C,2000-08-18,2,Unknown,10,14707,,0
10086,3,1959-11-19,0,0,V,2000-08-21,2,Unknown,10,13807,,0
10087,2,1937-11-18,3116,1,M,2000-08-21,0,Unknown,21,0,,0
10088,3,1954-11-13,0,0,A,2000-08-22,0,Unknown,25,0,,0
10089,2,1943-03-18,0,0,A,2000-08-22,0,Unknown,21,0,,0
10090,3,1924-04-30,0,0,A,2000-08-22,0,Unknown,25,0,,0
10091,3,1965-10-15,0,0,A,2000-08-22,0,Unknown,21,0,,0
10092,3,1961-08-19,0,2,A,2000-08-22,0,Unknown,10,12149,,0
10093,1,,0,0,A,2000-08-23,0,Unknown,82,0,,0
10094,4,1973-04-27,1735,1,U,2000-08-23,2,Unknown,10,10607,,0
10095,3,1933-04-20,0,0,A,2000-08-23,0,Unknown,25,0,,0
10096,2,1982-09-26,0,3,C,2000-08-24,0,Unknown,21,10107,,0
10097,3,1975-08-13,1470,0,M,2000-08-24,2,Unknown,10,18507,,0
10098,2,1946-12-22,3194,2,M,2000-08-24,0,Unknown,25,0,,0
10099,3,1966-11-03,0,0,A,2000-08-25,0,Unknown,10,10607,,0
10100,3,1971-04-08,0,1,M,2000-08-25,2,Unknown,10,10307,,0
10101,2,1967-07-09,0,0,A,2000-08-28,0,Unknown,21,0,,0
10102,3,1973-12-17,1445,1,M,2000-08-28,2,Unknown,10,13907,,0
10103,3,1971-02-02,1000,2,M,2000-08-28,2,Unknown,10,17907,,0
10104,4,1987-12-04,0,0,C,2000-08-28,2,Unknown,21,10107,,0
10105,3,1977-04-09,0,1,C,2000-08-28,2,Unknown,10,10107,,0
10106,3,1974-12-31,2400,1,M,2000-08-28,2,Unknown,10,13607,,0
10107,2,1968-05-14,2439,3,A,2000-08-29,0,Unknown,21,0,,0
10108,3,1973-06-15,1583,1,M,2000-08-29,2,Unknown,10,10107,,0
10109,4,1972-08-19,0,0,C,2000-08-29,2,Unknown,10,10107,,0
10110,2,1975-06-22,1600,2,M,2000-08-29,2,Unknown,10,13607,,0
10111,2,1969-05-27,1067,1,M,2000-08-29,2,Unknown,10,14707,,0
10112,2,1970-05-10,1615,1,M,2000-08-30,2,Unknown,21,0,,0
10113,3,1969-05-10,1295,0,M,2000-08-30,2,Unknown,10,0,,0
10114,4,1965-11-06,2698,0,C,2000-08-30,2,Unknown,10,10107,,0
10115,3,1967-02-25,1341,2,M,2000-08-30,2,Unknown,10,17807,,0
10116,2,1978-07-14,0,0,C,2000-08-30,2,Unknown,10,11607,,0
10117,2,1970-03-20,2045,1,M,2000-08-31,2,Unknown,10,0,,0
10118,3,1948-12-22,2100,0,M,2000-08-31,2,Unknown,10,10307,,0
10119,3,1962-05-29,0,1,A,2000-09-01,0,Unknown,21,0,,0
10120,4,1979-01-09,0,0,C,2000-09-01,2,Unknown,10,16707,,0
10121,3,1975-10-25,1564,0,M,2000-09-01,2,Unknown,10,16607,,0
10122,3,1963-02-25,0,0,M,2000-09-01,2,Unknown,10,0,,0
10123,2,1964-11-06,4620,0,B,2000-09-04,0,Unknown,21,0,,0
10124,1,,0,0,A,2000-09-04,4,Unknown,61,10107,,0
10125,1,,0,0,A,2000-09-04,4,Unknown,61,10107,,0
10126,3,1955-09-05,0,1,M,2000-09-05,0,Unknown,21,0,,0
10127,3,1932-09-17,0,0,V,2000-09-05,2,Unknown,10,17907,,0
10128,4,1976-04-17,1574,1,U,2000-09-05,2,Unknown,10,13507,,0
10129,3,1977-03-05,0,0,C,2000-09-05,2,Unknown,10,10107,,0
10130,2,1950-09-16,0,0,D,2000-09-05,2,Unknown,10,12807,,0
10131,2,1945-02-04,2900,2,M,2000-09-06,2,Unknown,10,12807,,0
10132,4,1955-02-13,0,2,U,2000-09-06,2,Unknown,10,12149,,0
10133,2,1959-08-06,0,0,M,2000-09-07,2,Unknown,10,17607,,0
10134,4,1977-07-02,1295,0,U,2000-09-07,2,Unknown,10,13507,,0
10135,2,1968-07-10,1973,2,M,2000-09-07,2,Unknown,10,16707,,0
10136,4,1990-06-07,0,0,C,2000-09-07,0,Unknown,21,10107,,0
10137,3,1947-06-23,0,0,A,2000-09-07,0,Unknown,21,0,,0
10138,3,1939-12-11,0,0,A,2000-09-08,0,Unknown,21,0,,0
10139,4,1977-02-10,0,0,A,2000-09-08,2,DA,21,10107,2000-11-14,1
10140,2,1967-10-24,0,1,M,2000-09-08,2,Unknown,10,10107,,0
10141,2,1970-07-06,2597,3,M,2000-09-08,2,Unknown,10,17807,,0
10142,3,1971-05-05,0,0,M,2000-09-08,0,Unknown,10,10607,,0
10143,2,1967-08-14,0,0,C,2000-09-11,0,Unknown,10,0,,0
10144,2,1999-10-02,0,0,C,2000-09-11,2,Unknown,21,10107,,0
10145,3,1974-08-11,0,1,M,2000-09-11,2,Unknown,10,10307,,0
10146,3,1977-08-20,0,0,M,2000-09-11,2,Unknown,10,10307,,0
10147,2,1949-12-20,2530,2,C,2000-09-11,2,Unknown,10,10307,,0
10148,4,1974-06-21,0,0,C,2000-09-11,2,Unknown,10,10307,,0
10149,2,1973-02-19,1970,1,M,2000-09-11,2,Unknown,10,10207,,0
10150,3,1974-08-15,0,2,M,2000-09-11,2,Unknown,10,14707,,0
10151,2,1959-08-13,0,0,M,2000-09-13,0,Unknown,10,0,,0
10152,3,1943-07-10,1471,3,A,2000-09-13,0,Unknown,21,0,,0
10153,2,1959-11-19,0,0,M,2000-09-13,0,Unknown,10,0,,0
10154,3,1978-06-10,1649,1,E,2000-09-13,2,Unknown,10,13607,,0
10155,2,1954-05-07,0,0,A,2000-09-14,0,Unknown,21,0,,0
10156,4,1975-04-08,0,0,C,2000-09-14,2,Unknown,10,13507,,0
10157,4,1974-02-11,0,1,C,2000-09-14,2,Unknown,10,10107,,0
10158,3,1956-08-10,2672,3,M,2000-09-15,2,Unknown,10,10107,,0
10159,3,1975-08-27,0,0,M,2000-09-15,2,Unknown,10,16607,,0
10160,3,1965-09-24,1128,1,U,2000-09-18,2,Unknown,10,10607,,0
10161,3,1984-10-28,0,0,M,2000-09-18,2,Unknown,21,10107,,0
10162,4,1968-02-22,1873,0,U,2000-09-18,2,Unknown,10,12807,,0
10163,2,1943-03-23,1497,0,A,2000-09-18,0,Unknown,21,0,,0
10164,4,1963-03-28,0,0,C,2000-09-18,0,Unknown,23,0,,0
10165,3,1963-08-29,0,0,A,2000-09-18,0,Unknown,25,0,,0
10166,2,1960-01-04,0,0,A,2000-09-19,0,Unknown,10,0,,0
10167,2,1974-12-20,1525,2,M,2000-09-19,2,Unknown,10,17907,,0
10168,4,1976-09-08,1502,0,U,2000-09-19,0,DV,21,10907,2003-12-15,1
10169,2,1948-07-08,0,0,A,2000-09-20,0,Unknown,25,0,,0
10170,2,1951-01-08,0,0,A,2000-09-20,0,Unknown,25,0,,0
10171,2,1972-07-11,0,0,M,2000-09-20,2,Unknown,10,15707,,0
10172,2,1949-09-02,2488,0,D,2000-09-21,0,Unknown,25,0,,0
10173,2,1947-05-31,0,0,A,2000-09-21,0,Unknown,25,0,,0
10174,3,1970-04-28,0,0,M,2000-09-21,0,Unknown,10,13807,,0
10175,3,1972-06-02,0,2,M,2000-09-21,2,Unknown,10,10107,,0
10176,2,1972-12-16,0,0,M,2000-09-22,2,Unknown,10,12807,,0
10177,4,1976-11-28,1600,0,U,2000-09-22,2,Unknown,10,10807,,0
10178,2,1999-03-01,0,0,C,2000-09-22,2,Unknown,21,18507,,0
10179,3,1945-05-23,0,0,A,2000-09-22,0,Unknown,21,0,,0
10180,4,1983-02-11,0,0,C,2000-09-25,2,Unknown,21,10107,,0
10181,3,1952-12-31,0,0,A,2000-09-25,0,Unknown,25,0,,0
10182,3,1930-07-09,0,0,A,2000-09-25,0,Unknown,21,0,,0
10183,3,1968-05-11,0,0,A,2000-09-25,0,Unknown,21,0,,0
10184,4,1978-05-02,0,1,C,2000-09-26,0,DC,21,13507,,0
10185,2,1973-10-02,1852,2,E,2000-09-26,2,Unknown,10,13907,,0
10186,2,1948-08-13,0,0,A,2000-09-27,0,Unknown,25,0,,0
10187,2,1952-01-09,0,0,A,2000-09-27,0,Unknown,21,0,,0
10188,2,1988-02-08,0,0,C,2000-09-28,0,Unknown,21,10107,,0
10189,2,1970-05-22,1556,2,C,2000-09-28,2,Unknown,10,10107,,0
10190,4,1977-07-16,0,0,C,2000-09-28,2,Unknown,10,13607,,0
10191,3,1944-12-14,0,0,A,2000-09-28,0,Unknown,21,0,,0
10192,2,1960-07-10,0,0,A,2000-09-28,0,Unknown,21,0,,0
10193,3,1942-08-21,0,0,A,2000-09-29,0,Unknown,24,0,,0
10194,2,1997-06-23,0,0,C,2000-09-29,2,Unknown,21,10107,,0
10195,3,1954-06-02,2225,2,A,2000-10-02,0,Unknown,21,0,,0
10196,4,1974-01-09,1640,0,C,2000-10-02,2,Unknown,10,17907,,0
10197,2,1960-07-19,0,3,M,2000-10-02,2,Unknown,10,13507,,0
10198,2,1955-01-09,1182,1,M,2000-10-02,0,Unknown,21,0,,0
10199,3,1950-12-10,0,0,A,2000-10-03,0,Unknown,25,0,,0
10200,2,1964-04-22,0,0,A,2000-10-04,0,Unknown,25,0,,0
10201,1,,0,0,A,2000-10-04,0,Unknown,61,10107,,0
10202,2,1959-08-24,0,3,M,2000-10-04,0,Unknown,10,10107,,0
10203,2,1965-01-18,2036,0,C,2000-10-04,2,Unknown,10,10907,,0
10204,2,1962-07-28,2200,1,U,2000-10-04,0,Unknown,21,0,,0
10205,3,1937-11-21,0,0,V,2000-10-05,2,Unknown,10,13507,,0
10206,3,1973-06-04,0,3,C,2000-10-05,2,Unknown,10,10107,,0
10207,4,1974-04-15,0,0,C,2000-10-05,2,Unknown,10,10107,,0
10208,4,1991-10-19,0,0,C,2000-10-05,0,Unknown,21,10107,,0
10209,3,1970-11-27,2000,2,M,2000-10-05,0,Unknown,10,12607,,0
10210,2,1964-01-13,0,0,A,2000-10-06,0,Unknown,21,0,,0
10211,2,1942-12-29,0,0,A,2000-10-06,0,Unknown,21,0,,0
10212,2,1944-02-09,0,0,A,2000-10-06,0,Unknown,21,0,,0
10213,3,1956-01-01,0,0,A,2000-10-09,0,Unknown,25,0,,0
10214,2,1957-06-14,0,4,M,2000-10-10,2,Unknown,10,14707,,0
10215,2,1967-04-03,0,1,C,2000-10-10,0,Unknown,10,0,,0
10216,2,1946-05-06,0,0,A,2000-10-10,0,Unknown,21,0,,0
10217,3,1953-07-22,1509,2,A,2000-10-11,0,Unknown,21,0,,0
10218,2,1964-08-26,1552,1,U,2000-10-11,2,Unknown,10,0,,0
10219,4,1967-05-16,0,0,C,2000-10-11,2,Unknown,10,18707,,0
10220,3,1972-09-23,1598,0,M,2000-10-11,2,Unknown,10,17807,,0
10221,2,1938-11-02,2117,0,M,2000-10-12,2,Unknown,21,0,,0
10222,2,1954-10-22,0,0,A,2000-10-12,0,Unknown,21,0,,0
10223,3,1951-03-20,0,0,A,2000-10-12,0,Unknown,23,0,,0
10224,3,1959-07-07,0,1,M,2000-10-12,2,Unknown,10,12149,,0
10225,4,1977-01-04,1395,0,U,2000-10-13,2,Unknown,10,13507,,0
10226,4,1977-01-13,0,0,C,2000-10-13,0,Unknown,10,13507,,0
10227,3,1952-02-22,0,0,C,2000-10-13,2,Unknown,10,16607,,0
10228,2,1970-01-23,0,1,A,2000-10-16,0,Unknown,23,0,,0
10229,2,1949-08-21,0,0,M,2000-10-17,2,Unknown,10,17907,,0
10230,3,1970-12-07,0,0,C,2000-10-17,0,Unknown,10,14607,,0
10231,2,1940-08-12,0,0,A,2000-10-18,0,Unknown,25,0,,0
10232,2,1936-10-17,0,0,A,2000-10-18,0,Unknown,21,0,,0
10233,2,1960-09-07,1624,1,U,2000-10-18,2,Unknown,10,10107,,0
10234,3,1960-01-25,0,3,D,2000-10-18,0,Unknown,10,10207,,0
10235,1,,0,0,A,2000-10-20,4,Unknown,61,10107,,0
10236,2,1956-06-28,0,0,A,2000-10-20,0,Unknown,21,0,,0
10237,2,1946-04-28,1500,0,M,2000-10-20,0,Unknown,21,0,,0
10238,3,1961-07-05,0,0,M,2000-10-23,2,Unknown,10,13507,,0
10239,4,1972-03-14,0,0,C,2000-10-23,0,Unknown,10,13507,,0
10240,2,1972-12-12,0,0,A,2000-10-24,0,Unknown,24,0,,0
10241,3,1969-02-06,1372,2,M,2000-10-25,2,Unknown,10,0,,0
10242,4,1995-09-04,0,0,C,2000-10-25,2,Unknown,21,10107,,0
10243,3,1969-06-07,0,1,M,2000-10-25,0,DV,21,10107,2005-10-19,1
10244,3,1945-03-31,0,0,A,2000-10-26,0,Unknown,25,0,,0
10245,2,1973-08-28,1429,0,U,2000-10-26,2,Unknown,10,14607,,0
10246,2,1955-05-26,0,0,M,2000-10-27,0,Unknown,10,0,,0
10247,4,1977-08-25,0,0,C,2000-10-27,0,Unknown,10,10107,,0
10248,3,1952-12-01,2152,1,G,2000-10-30,2,Unknown,10,13907,,0
10249,2,1978-07-25,0,0,C,2000-10-30,2,Unknown,10,17807,,0
10250,2,1965-05-07,0,3,U,2000-10-30,0,Unknown,10,12149,,0
10251,2,1976-05-11,0,0,M,2000-10-30,2,Unknown,10,18507,,0
10252,3,1968-07-06,0,0,A,2000-10-31,0,Unknown,21,0,,0
10253,4,1961-01-16,0,0,C,2000-10-31,0,Unknown,25,0,,0
10254,2,1954-06-07,0,0,A,2000-10-31,0,Unknown,25,0,,0
10255,2,1976-04-28,0,0,A,2000-10-31,0,Unknown,10,10507,,0
10256,2,1952-06-08,0,0,A,2000-11-02,0,Unknown,21,0,,0
10257,4,1947-06-21,1601,3,C,2000-11-02,2,Unknown,10,18707,,0
10258,2,1953-09-30,1652,3,M,2000-11-02,2,Unknown,10,13907,,0
10259,3,1972-07-31,1848,1,G,2000-11-02,2,Unknown,10,13607,,0
10260,4,1973-07-07,0,0,C,2000-11-02,2,Unknown,10,14607,,0
10261,4,1961-09-24,0,0,C,2000-11-02,0,Unknown,10,12149,,0
10262,4,1966-04-18,0,0,C,2000-11-03,2,Unknown,10,12607,,0
10263,3,1972-03-25,0,1,M,2000-11-03,2,Unknown,10,16707,,0
10264,3,1968-07-15,0,0,D,2000-11-03,2,Unknown,10,11907,,0
10265,4,1968-01-21,0,0,C,2000-11-03,2,Unknown,10,10107,,0
10266,2,1975-05-28,2106,2,M,2000-11-06,2,Unknown,10,17507,,0
10267,2,1977-06-19,0,0,C,2000-11-06,2,Unknown,10,10107,,0
10268,3,1959-05-20,0,0,A,2000-11-06,0,Unknown,25,0,,0
10269,3,1964-11-29,0,0,A,2000-11-06,0,Unknown,21,0,,0
10270,2,1953-03-17,0,0,A,2000-11-07,0,Unknown,25,0,,0
10271,2,1938-09-27,1513,0,M,2000-11-07,2,Unknown,10,15607,,0
10272,2,1954-06-23,0,0,M,2000-11-07,0,Unknown,10,15707,,0
10273,2,1950-04-27,0,0,M,2000-11-07,2,Unknown,10,10507,,0
10274,3,1951-01-02,0,0,M,2000-11-07,2,Unknown,10,13607,,0
10275,3,1950-06-08,1600,0,M,2000-11-07,0,Unknown,10,17807,,0
10276,2,1971-12-25,0,0,A,2000-11-08,0,Unknown,23,0,,0
10277,2,1934-12-26,0,0,M,2000-11-08,2,Unknown,10,10107,,0
10278,2,1950-11-09,3460,0,M,2000-11-08,0,Unknown,21,0,,0
10279,2,1946-12-24,0,0,A,2000-11-09,0,Unknown,21,0,,0
10280,3,1950-06-04,0,0,A,2000-11-10,0,Unknown,21,0,,0
10281,2,1954-12-26,0,0,V,2000-11-10,2,Unknown,10,16707,,0
10282,2,1951-09-07,0,0,A,2000-11-10,0,Unknown,25,0,,0
10283,2,1948-02-13,2650,3,M,2000-11-10,2,Unknown,10,0,,0
10284,2,1956-10-09,0,0,U,2000-11-13,0,Unknown,10,0,,0
10285,4,1966-09-21,2127,0,C,2000-11-13,2,Unknown,10,15707,,0
10286,4,1976-12-11,1445,0,C,2000-11-13,2,DV,21,11907,2007-05-09,1
10287,3,1969-11-30,0,1,M,2000-11-13,2,Unknown,10,12149,,0
10288,2,1969-06-17,1587,0,U,2000-11-14,2,Unknown,10,0,,0
10289,2,1960-03-22,1600,2,M,2000-11-14,0,Unknown,21,0,,0
10290,2,1951-05-04,1000,0,M,2000-11-14,2,Unknown,10,12149,,0
10291,1,,0,0,A,2000-11-16,4,Unknown,61,10107,,0
10292,2,1964-01-10,0,0,A,2000-11-16,0,Unknown,23,0,,0
10293,2,1946-09-25,2286,1,A,2000-11-17,0,Unknown,21,0,,0
10294,3,1977-07-22,1600,2,M,2000-11-17,2,Unknown,10,13507,,0
10295,3,1968-01-20,0,0,M,2000-11-17,2,Unknown,10,10607,,0
10296,2,1972-04-03,0,0,A,2000-11-17,0,Unknown,10,13907,,0
10297,4,1991-11-17,0,0,C,2000-11-17,2,Unknown,21,10107,,0
10298,3,1952-03-28,0,0,M,2000-11-17,2,Unknown,10,10907,,0
10299,3,1971-04-30,1021,2,S,2000-11-17,2,Unknown,10,10807,,0
10300,3,1948-06-29,2947,2,M,2000-11-17,2,Unknown,10,18319,,0
10301,4,1969-11-14,2127,2,U,2000-11-21,2,Unknown,10,13607,,0
10302,2,1955-11-08,0,0,A,2000-11-21,0,Unknown,21,0,,0
10303,2,1958-06-26,0,0,A,2000-11-21,0,Unknown,25,0,,0
10304,2,1972-11-24,0,0,C,2000-11-22,2,Unknown,10,10207,,0
10305,3,1955-08-06,0,0,A,2000-11-23,0,Unknown,21,0,,0
10306,2,1962-11-28,1350,0,D,2000-11-23,2,Unknown,10,17907,,0
10307,3,1945-04-08,2100,0,M,2000-11-23,2,Unknown,10,16707,,0
10308,4,1964-08-12,1783,1,C,2000-11-23,2,Unknown,10,10807,,0
10309,4,1976-07-15,0,0,C,2000-11-23,0,Unknown,24,0,,0
10310,2,1943-02-06,1916,0,M,2000-11-23,2,Unknown,10,0,,0
10311,3,1943-09-12,0,0,A,2000-11-23,0,Unknown,21,0,,0
10312,2,1955-03-06,0,0,U,2000-11-24,2,Unknown,10,16807,,0
10313,3,1944-07-07,0,0,A,2000-11-24,0,Unknown,21,0,,0
10314,2,1956-01-17,0,0,A,2000-11-24,0,Unknown,21,0,,0
10315,2,1977-06-26,0,0,C,2000-11-27,2,Unknown,10,12149,,0
10316,2,1947-05-24,0,0,C,2000-11-27,2,Unknown,25,0,,0
10317,3,1949-04-22,0,0,A,2000-11-27,0,Unknown,21,0,,0
10318,2,1953-01-31,0,0,A,2000-11-27,0,Unknown,21,0,,0
10319,2,1944-07-22,0,0,A,2000-11-28,0,Unknown,23,0,,0
10320,2,1972-06-05,2600,1,E,2000-11-28,2,Unknown,10,17807,,0
10321,3,1935-05-08,0,0,A,2000-11-29,0,Unknown,25,0,,0
10322,2,1953-06-13,0,0,A,2000-11-29,0,Unknown,21,0,,0
10323,2,1964-11-24,0,0,M,2000-11-29,2,Unknown,10,10107,,0
10324,4,1974-04-11,0,0,C,2000-11-29,2,Unknown,10,10207,,0
10325,2,1960-11-06,1800,0,D,2000-11-30,2,Unknown,10,10107,,0
10326,3,1966-11-21,0,1,M,2000-11-30,2,Unknown,10,10107,,0
10327,3,1969-04-18,0,1,M,2000-11-30,2,Unknown,10,13807,,0
10328,2,1970-01-15,2000,2,U,2000-11-30,2,Unknown,10,17807,,0
10329,3,1976-10-29,1388,0,C,2000-11-30,2,Unknown,10,16607,,0
10330,4,1973-12-23,0,0,C,2000-11-30,0,Unknown,10,10307,,0
10331,2,1953-03-30,0,0,M,2000-11-30,2,Unknown,10,10307,,0
10332,4,1952-12-15,0,0,C,2000-11-30,0,Unknown,21,0,,0
10333,3,1958-07-18,0,0,A,2000-11-30,0,Unknown,21,0,,0
10334,3,1964-03-11,1297,2,M,2000-11-30,0,Unknown,25,0,,0
10335,3,1964-10-11,0,0,A,2000-12-01,0,Unknown,21,0,,0
10336,3,1948-12-26,0,0,A,2000-12-04,0,Unknown,21,0,,0
10337,3,1970-10-26,2100,1,M,2000-12-05,2,Unknown,10,17807,,0
10338,4,1994-02-09,0,0,C,2000-12-05,2,Unknown,21,10107,,0
10339,3,1942-06-28,0,0,A,2000-12-05,0,Unknown,21,0,,0
10340,3,1950-01-01,0,0,A,2000-12-05,0,Unknown,21,0,,0
10341,2,1948-05-09,0,0,A,2000-12-05,0,Unknown,25,0,,0
10342,3,1972-04-04,1500,1,M,2000-12-06,2,Unknown,10,14707,,0
10343,2,1947-06-17,0,0,A,2000-12-06,0,Unknown,21,0,,0
10344,3,1966-10-04,2379,3,M,2000-12-07,0,Unknown,21,0,,0
10345,3,1955-01-04,0,0,A,2000-12-07,0,Unknown,25,0,,0
10346,3,1975-03-18,0,0,M,2000-12-07,2,Unknown,10,15607,,0
10347,3,1955-07-29,0,0,A,2000-12-08,2,Unknown,10,10107,,0
10348,2,1946-03-29,0,0,A,2000-12-08,0,Unknown,21,0,,0
10349,2,1941-05-23,0,0,A,2000-12-08,0,Unknown,25,0,,0
10350,3,1946-03-29,0,0,A,2000-12-08,0,Unknown,25,0,,0
10351,3,1941-12-02,2800,0,V,2000-12-11,2,Unknown,10,0,,0
10352,4,1973-01-09,2117,2,U,2000-12-11,2,Unknown,10,10807,,0
10353,4,1972-12-16,1451,0,C,2000-12-12,2,Unknown,10,10307,,0
10354,2,1972-06-24,0,0,C,2000-12-12,2,Unknown,10,10307,,0
10355,2,1971-08-15,0,3,M,2000-12-13,2,Unknown,10,10207,,0
10356,2,1969-07-10,1600,2,U,2000-12-14,2,Unknown,10,13507,,0
10357,2,1946-02-06,0,0,M,2000-12-14,0,DC,10,18319,,0
10358,2,1945-03-21,0,0,A,2000-12-15,0,Unknown,21,0,,0
10359,3,1975-12-07,0,0,M,2000-12-15,2,Unknown,10,10307,,0
10360,3,1947-12-07,2215,2,A,2000-12-18,0,Unknown,21,0,,0
10361,2,1960-08-01,0,0,D,2000-12-18,2,Unknown,10,10107,,0
10362,3,1948-02-11,0,0,M,2000-12-19,2,Unknown,10,18707,,0
10363,2,1940-05-05,0,0,A,2000-12-19,0,Unknown,21,0,,0
10364,3,1965-01-01,0,0,A,2000-12-20,0,Unknown,23,0,,0
10365,2,1958-07-30,0,0,A,2000-12-20,0,Unknown,25,0,,0
10366,3,1960-10-19,2300,2,M,2000-12-21,2,Unknown,10,0,,0
10367,2,1940-02-27,0,0,A,2000-12-21,0,Unknown,21,0,,0
10368,2,1946-03-25,0,0,A,2000-12-21,0,Unknown,21,0,,0
10369,3,1952-11-30,0,0,A,2000-12-21,0,Unknown,21,0,,0
10370,2,1954-08-10,0,1,A,2000-12-22,0,Unknown,21,0,,0
10371,2,1964-05-22,0,0,M,2000-12-22,2,Unknown,10,16707,,0
10372,3,1960-02-05,0,0,A,2000-12-22,0,Unknown,25,0,,0
10373,2,1940-02-12,3000,0,D,2000-12-26,2,Unknown,10,17807,,0
10374,3,1957-04-29,0,0,A,2000-12-27,0,Unknown,21,0,,0
10375,2,1948-06-13,0,0,A,2000-12-27,0,Unknown,21,0,,0
10376,4,1972-02-06,1387,1,C,2000-12-27,0,Unknown,10,10107,,0
10377,3,1966-01-21,2703,1,B,2000-12-27,2,Unknown,10,10107,,0
10378,2,1948-06-25,0,0,A,2000-12-28,0,Unknown,21,0,,0
10379,3,1954-06-11,0,0,A,2000-12-29,0,Unknown,21,0,,0
10380,4,1971-03-11,0,0,C,2000-12-29,2,Unknown,25,0,,0
10381,3,1961-07-28,2780,2,D,2001-01-02,2,Unknown,10,10107,,0
10382,2,1961-11-13,0,0,A,2001-01-02,0,Unknown,21,0,,0
10383,3,1976-06-28,0,0,C,2001-01-03,2,Unknown,10,13507,,0
10384,3,1969-07-11,0,0,M,2001-01-03,2,Unknown,10,12149,,0
10385,3,1956-08-18,0,1,D,2001-01-03,2,Unknown,10,10107,,0
10386,3,1943-11-23,2240,2,A,2001-01-04,0,Unknown,21,0,,0
10387,2,1957-11-11,0,0,A,2001-01-04,0,Unknown,25,0,,0
10388,3,1953-01-16,0,0,A,2001-01-04,0,Unknown,25,0,,0
10389,3,1947-07-02,0,0,A,2001-01-04,0,Unknown,25,0,,0
10390,2,1961-12-04,2030,3,M,2001-01-05,2,Unknown,10,12807,,0
10391,3,1971-02-01,0,0,A,2001-01-05,0,Unknown,25,0,,0
10392,3,1948-10-13,0,0,A,2001-01-08,0,Unknown,21,0,,0
10393,2,1955-02-20,0,0,M,2001-01-09,2,Unknown,10,17907,,0
10394,2,1952-06-08,0,0,M,2001-01-09,2,Unknown,10,10907,,0
10395,2,1966-07-29,0,0,A,2001-01-10,0,Unknown,21,0,,0
10396,2,1954-06-12,1554,0,M,2001-01-10,0,Unknown,21,0,,0
10397,2,1987-05-04,0,0,C,2001-01-11,0,Unknown,21,10107,,0
10398,2,1974-11-19,0,0,M,2001-01-11,0,Unknown,10,17807,,0
10399,4,1968-02-05,0,0,C,2001-01-11,0,Unknown,10,10307,,0
10400,4,1974-08-05,0,0,U,2001-01-11,2,Unknown,10,12149,,0
10401,2,1943-10-09,0,0,A,2001-01-12,0,Unknown,21,0,,0
10402,2,1958-03-06,0,0,A,2001-01-12,0,Unknown,21,0,,0
10403,3,1963-08-06,1100,2,M,2001-01-12,2,Unknown,10,16807,,0
10404,4,1967-12-03,3095,1,U,2001-01-12,2,Unknown,10,12149,,0
10405,2,1973-01-09,0,0,C,2001-01-12,2,Unknown,10,10107,,0
10406,3,1978-03-07,1700,1,M,2001-01-15,2,Unknown,10,0,,0
10407,3,1943-07-11,0,3,A,2001-01-15,0,Unknown,21,0,,0
10408,2,1970-11-19,1944,1,C,2001-01-17,2,Unknown,10,10107,,0
10409,3,1971-03-25,0,0,D,2001-01-17,2,Unknown,10,17807,,0
10410,4,1958-03-31,0,0,C,2001-01-18,0,Unknown,25,0,,0
10411,3,1965-11-22,2244,3,M,2001-01-18,2,Unknown,10,16707,,0
10412,2,1968-05-21,1460,2,A,2001-01-19,0,Unknown,21,0,,0
10413,3,1957-01-04,0,2,B,2001-01-19,2,Unknown,10,10107,,0
10414,4,1975-01-11,1623,1,U,2001-01-19,2,Unknown,10,10207,,0
10415,2,1954-10-05,0,0,A,2001-01-22,0,Unknown,21,0,,0
10416,2,1950-02-11,2647,0,M,2001-01-22,0,Unknown,25,0,,0
10417,3,1951-09-19,0,3,M,2001-01-23,2,Unknown,10,17807,,0
10418,3,1954-01-01,0,0,A,2001-01-23,0,Unknown,25,0,,0
10419,3,1973-10-29,1835,2,G,2001-01-24,2,Unknown,10,10107,,0
10420,3,1956-01-23,0,0,A,2001-01-24,0,Unknown,25,0,,0
10421,3,1958-06-20,0,0,A,2001-01-24,0,Unknown,21,0,,0
10422,4,1977-04-19,0,0,C,2001-01-25,2,Unknown,10,10807,,0
10423,3,1951-08-21,0,0,A,2001-01-25,0,Unknown,25,0,,0
10424,2,1956-05-27,0,0,A,2001-01-25,0,Unknown,21,0,,0
10425,3,1953-10-06,0,0,A,2001-01-25,0,Unknown,25,0,,0
10426,4,1977-10-07,0,1,C,2001-01-26,0,Unknown,10,13507,,0
10427,3,1958-12-17,1524,3,M,2001-01-26,0,Unknown,21,0,,0
10428,3,1970-07-06,0,0,M,2001-01-29,2,Unknown,10,14607,,0
10429,4,1985-06-15,0,0,C,2001-01-29,2,Unknown,21,10107,,0
10430,3,1964-11-28,1850,2,U,2001-01-29,2,Unknown,10,16707,,0
10431,3,1935-09-22,0,0,A,2001-01-30,0,Unknown,21,0,,0
10432,3,1967-04-08,0,0,A,2001-01-31,0,Unknown,21,0,,0
10433,4,1969-01-30,0,0,A,2001-01-31,0,DV,21,12807,2002-10-10,1
10434,2,1956-09-02,2060,0,C,2001-02-01,2,Unknown,10,10107,,0
10435,2,1976-10-04,2850,2,U,2001-02-01,2,Unknown,10,17807,,0
10436,2,1952-02-05,0,0,A,2001-02-01,0,Unknown,21,0,,0
10437,4,1965-03-23,0,0,C,2001-02-02,2,Unknown,10,10607,,0
10438,3,1966-09-30,0,2,M,2001-02-02,0,Unknown,10,15807,,0
10439,2,1965-04-22,0,1,M,2001-02-02,2,Unknown,10,12149,,0
10440,4,1976-09-20,0,1,C,2001-02-02,2,Unknown,10,12607,,0
10441,3,1952-12-05,3685,2,D,2001-02-02,2,Unknown,10,18319,,0
10442,2,1949-06-10,0,0,A,2001-02-05,0,Unknown,21,0,,0
10443,2,1949-03-08,0,0,A,2001-02-06,0,Unknown,21,0,,0
10444,2,1965-03-17,0,0,D,2001-02-06,2,Unknown,10,10107,,0
10445,2,1950-02-07,0,2,U,2001-02-06,2,Unknown,10,12149,,0
10446,2,1964-04-18,1721,3,M,2001-02-07,2,Unknown,10,10107,,0
10447,2,1972-12-14,1209,0,C,2001-02-07,2,Unknown,10,17807,,0
10448,3,1959-01-30,0,0,M,2001-02-08,2,Unknown,10,15707,,0
10449,3,1952-08-21,3000,1,V,2001-02-08,2,Unknown,10,11907,,0
10450,3,1954-12-27,1450,0,G,2001-02-08,2,Unknown,10,0,,0
10451,2,1935-11-16,0,0,A,2001-02-09,0,Unknown,25,0,,0
10452,3,1972-02-08,1073,0,C,2001-02-09,2,Unknown,10,10107,,0
10453,4,1978-11-29,0,0,C,2001-02-09,2,Unknown,10,17807,,0
10454,2,1947-07-22,2900,2,M,2001-02-12,2,Unknown,10,17907,,0
10455,3,1955-10-23,0,0,A,2001-02-12,0,Unknown,25,0,,0
10456,3,1960-05-30,1392,3,M,2001-02-13,2,Unknown,10,14707,,0
10457,2,1958-09-30,1372,2,M,2001-02-14,2,Unknown,21,0,,0
10458,2,1966-12-31,1830,2,M,2001-02-14,2,Unknown,10,10507,,0
10459,3,1953-03-17,0,3,M,2001-02-14,2,Unknown,10,12149,,0
10460,2,1967-05-15,0,0,M,2001-02-14,0,Unknown,10,16807,,0
10461,2,1945-09-08,0,0,A,2001-02-14,0,Unknown,21,0,,0
10462,2,1937-10-25,0,0,A,2001-02-14,0,Unknown,25,0,,0
10463,2,1953-05-04,0,0,A,2001-02-14,0,Unknown,21,0,,0
10464,3,1970-11-30,0,2,M,2001-02-15,2,Unknown,10,10307,,0
10465,2,1947-11-24,0,0,A,2001-02-15,0,Unknown,21,0,,0
10466,2,1951-11-04,0,0,A,2001-02-15,0,Unknown,21,0,,0
10467,3,1979-12-14,0,2,M,2001-02-16,2,Unknown,10,17907,,0
10468,3,1975-07-03,0,0,M,2001-02-16,2,Unknown,10,10107,,0
10469,4,1998-12-09,0,0,C,2001-02-19,2,Unknown,21,10107,,0
10470,2,1973-04-28,0,0,C,2001-02-19,2,Unknown,10,17807,,0
10471,2,1969-05-06,0,3,U,2001-02-19,2,Unknown,10,18319,,0
10472,4,1965-10-21,1785,1,C,2001-02-20,0,Unknown,21,0,,0
10473,2,1973-08-26,0,0,C,2001-02-20,2,Unknown,10,11907,,0
10474,2,1970-09-26,1377,1,U,2001-02-20,2,Unknown,10,10107,,0
10475,2,1971-02-22,2012,2,G,2001-02-20,2,Unknown,10,11607,,0
10476,3,1938-03-15,0,0,A,2001-02-21,0,Unknown,21,0,,0
10477,2,1953-01-24,0,0,A,2001-02-22,0,Unknown,21,0,,0
10478,2,1965-04-20,2195,0,D,2001-02-22,2,Unknown,10,15707,,0
10479,4,1970-08-03,0,0,C,2001-02-22,2,Unknown,10,17907,,0
10480,2,1971-02-17,3102,2,B,2001-02-22,2,Unknown,10,10107,,0
10481,4,1988-03-23,0,0,C,2001-02-22,2,Unknown,21,10107,,0
10482,4,1972-10-16,1326,1,U,2001-02-23,2,Unknown,10,15707,,0
10483,4,1978-04-09,0,0,C,2001-02-23,2,Unknown,10,10807,,0
10484,3,1972-09-10,1736,2,M,2001-02-26,2,Unknown,10,13507,,0
10485,2,1951-02-02,2595,0,S,2001-02-26,2,Unknown,10,10107,,0
10486,2,1956-07-11,0,1,M,2001-02-26,2,Unknown,10,10107,,0
10487,3,1967-04-01,0,0,M,2001-02-26,2,Unknown,10,16607,,0
10488,2,1972-08-08,0,1,U,2001-02-26,2,Unknown,10,18507,,0
10489,4,1976-08-07,1603,0,C,2001-02-26,2,Unknown,10,14707,,0
10490,2,1953-01-01,0,0,A,2001-02-26,0,Unknown,25,0,,0
10491,4,1974-12-25,1387,0,C,2001-02-27,0,Unknown,21,0,,0
10492,2,1971-09-28,0,1,C,2001-02-27,2,Unknown,10,10107,,0
10493,4,1963-05-08,3067,1,C,2001-02-27,2,Unknown,10,17807,,0
10494,2,1961-06-24,1402,0,U,2001-02-27,2,Unknown,10,17807,,0
10495,3,1955-10-31,0,0,A,2001-03-01,0,Unknown,21,0,,0
10496,2,1960-11-14,0,2,M,2001-03-01,2,Unknown,10,17607,,0
10497,3,1975-08-02,0,0,U,2001-03-01,2,Unknown,10,10107,,0
10498,2,1949-02-15,1112,0,M,2001-03-01,0,Unknown,21,0,,0
10499,2,1946-09-04,2000,0,M,2001-03-01,0,Unknown,21,0,,0
10500,2,1962-09-29,0,0,A,2001-03-02,0,Unknown,21,0,,0
10501,4,1974-06-07,0,0,C,2001-03-02,0,Unknown,10,10507,,0
10502,3,1941-04-07,0,0,A,2001-03-02,0,Unknown,21,0,,0
10503,2,1960-10-26,0,0,A,2001-03-05,0,Unknown,21,0,,0
10504,3,1964-06-12,1956,3,U,2001-03-06,2,Unknown,10,0,,0
10505,2,1950-09-15,0,0,A,2001-03-06,0,Unknown,25,0,,0
10506,3,1953-12-09,1870,0,M,2001-03-06,2,Unknown,10,15707,,0
10507,2,1974-04-23,0,2,C,2001-03-06,2,Unknown,10,10107,,0
10508,3,1970-05-19,0,2,M,2001-03-06,2,Unknown,10,16707,,0
10509,4,1977-11-20,1541,1,P,2001-03-07,2,Unknown,10,12607,,0
10510,4,1964-03-13,1807,2,C,2001-03-07,2,Unknown,10,12149,,0
10511,3,1956-07-13,0,1,M,2001-03-08,2,Unknown,10,10107,,0
10512,4,1976-04-02,1760,0,U,2001-03-12,2,Unknown,10,10907,,0
10513,3,1975-04-07,1512,0,U,2001-03-12,2,Unknown,10,18507,,0
10514,2,1974-09-27,0,0,C,2001-03-13,2,Unknown,10,10107,,0
10515,3,1937-01-22,0,0,A,2001-03-14,0,Unknown,21,0,,0
10516,3,1964-09-26,0,2,M,2001-03-14,2,Unknown,10,10107,,0
10517,3,1977-01-12,0,0,U,2001-03-14,2,Unknown,10,14607,,0
10518,4,1971-01-15,0,0,C,2001-03-14,0,Unknown,10,12149,,0
10519,2,1977-09-12,1267,0,U,2001-03-14,2,Unknown,10,12807,,0
10520,2,1966-04-10,0,2,A,2001-03-15,0,Unknown,21,0,,0
10521,4,1975-09-23,0,0,C,2001-03-15,2,Unknown,10,10107,,0
10522,3,1969-06-07,0,0,A,2001-03-16,0,Unknown,21,0,,0
10523,4,1952-07-31,0,0,C,2001-03-16,2,Unknown,10,13807,,0
10524,2,1974-02-13,0,0,M,2001-03-16,2,Unknown,10,10907,,0
10525,3,1944-04-13,2260,2,M,2001-03-19,2,Unknown,10,10807,,0
10526,3,1945-01-26,0,0,A,2001-03-19,0,Unknown,21,0,,0
10527,2,1980-09-01,0,0,A,2001-03-20,0,Unknown,23,0,,0
10528,4,1958-04-05,0,0,C,2001-03-21,2,Unknown,10,10307,,0
10529,3,1943-02-11,0,0,A,2001-03-21,0,Unknown,25,0,,0
10530,4,1961-08-13,0,1,C,2001-03-22,2,Unknown,10,10107,,0
10531,4,1970-05-29,0,0,C,2001-03-22,0,Unknown,21,0,,0
10532,4,1976-01-03,0,1,U,2001-03-23,2,Unknown,10,11907,,0
10533,3,1968-10-11,0,0,M,2001-03-23,0,Unknown,10,14707,,0
10534,3,1946-03-15,0,0,A,2001-03-23,0,Unknown,21,0,,0
10535,2,1959-09-04,0,2,A,2001-03-23,0,Unknown,21,0,,0
10536,2,1970-01-07,0,0,C,2001-03-26,2,Unknown,10,13907,,0
10537,3,1960-04-03,0,2,M,2001-03-26,2,Unknown,10,10107,,0
10538,3,1955-05-14,2709,1,M,2001-03-26,2,Unknown,10,10107,,0
10539,3,1943-10-21,0,0,M,2001-03-26,2,Unknown,10,15807,,0
10540,3,1974-07-05,1500,1,B,2001-03-26,2,Unknown,10,14707,,0
10541,3,1969-03-18,0,0,A,2001-03-26,0,Unknown,25,0,,0
10542,2,1969-02-12,0,0,A,2001-03-27,0,Unknown,10,17807,,0
10543,2,1949-05-14,0,0,A,2001-03-27,0,Unknown,25,0,,0
10544,2,1948-05-25,3400,0,M,2001-03-28,0,Unknown,10,0,,0
10545,3,1974-11-08,0,0,M,2001-03-29,2,Unknown,10,14607,,0
10546,4,1968-09-21,18300,1,C,2001-03-29,2,Unknown,10,17807,,0
10547,2,1949-04-09,0,0,A,2001-03-29,0,Unknown,21,0,,0
10548,2,1971-11-18,2500,0,M,2001-03-30,2,Unknown,10,18507,,0
10549,2,1950-07-17,0,0,A,2001-03-30,0,Unknown,23,0,,0
10550,3,1947-01-06,0,0,A,2001-03-30,0,Unknown,21,0,,0
10551,2,1994-01-06,0,0,C,2001-04-02,2,Unknown,21,10107,,0
10552,2,1959-07-17,0,0,A,2001-04-02,0,Unknown,21,0,,0
10553,2,1975-03-06,2059,2,M,2001-04-03,2,Unknown,10,12807,,0
10554,2,1954-04-22,1400,0,C,2001-04-03,2,Unknown,10,17907,,0
10555,2,1985-08-20,0,0,C,2001-04-03,0,Unknown,21,10107,,0
10556,3,1956-03-26,2025,1,M,2001-04-03,2,Unknown,10,0,,0
10557,4,1959-12-09,28135,1,C,2001-04-04,2,Unknown,10,10107,,0
10558,4,1937-09-02,0,0,C,2001-04-04,0,Unknown,25,0,,0
10559,3,1961-08-19,0,0,U,2001-04-05,2,Unknown,10,12149,,0
10560,3,1942-05-19,0,0,M,2001-04-05,0,DA,25,0,2004-04-20,1
10561,2,1950-02-10,0,0,A,2001-04-05,0,Unknown,23,0,,0
10562,2,1957-08-15,0,4,M,2001-04-06,2,Unknown,10,18319,,0
10563,2,1960-04-25,0,0,M,2001-04-06,2,Unknown,10,18319,,0
10564,2,1960-11-17,4312,0,A,2001-04-06,2,Unknown,10,10107,,0
10565,2,1953-05-07,0,0,M,2001-04-09,2,Unknown,10,11907,,0
10566,3,1964-03-03,0,0,M,2001-04-10,2,Unknown,10,18707,,0
10567,2,1961-11-08,0,0,A,2001-04-11,0,Unknown,21,0,,0
10568,3,1956-01-24,0,0,A,2001-04-11,0,Unknown,21,0,,0
10569,2,1953-07-29,1304,2,M,2001-04-12,2,Unknown,10,10107,,0
10570,4,1973-11-07,1406,1,C,2001-04-13,2,Unknown,10,0,,0
10571,3,1964-04-13,1142,3,M,2001-04-13,2,Unknown,10,17907,,0
10572,2,1996-03-08,0,0,C,2001-04-13,2,Unknown,21,10107,,0
10573,2,1946-06-26,0,0,A,2001-04-13,0,Unknown,21,0,,0
10574,2,1961-05-18,7792,3,A,2001-04-18,0,Unknown,21,0,,0
10575,2,1945-06-02,0,0,A,2001-04-18,0,Unknown,25,0,,0
10576,3,1974-03-26,1707,2,M,2001-04-18,2,Unknown,10,17607,,0
10577,3,1956-09-03,0,0,A,2001-04-19,0,Unknown,25,0,,0
10578,3,1959-08-14,3300,2,D,2001-04-19,2,Unknown,10,18707,,0
10579,2,1962-09-18,2353,2,M,2001-04-19,2,Unknown,10,12807,,0
10580,2,1962-09-07,0,0,A,2001-04-20,0,Unknown,21,0,,0
10581,4,1953-04-05,0,0,C,2001-04-20,2,Unknown,10,17907,,0
10582,2,1990-01-01,0,0,C,2001-04-23,0,Unknown,21,0,,0
10583,2,1962-04-18,1886,2,M,2001-04-23,2,Unknown,10,15707,,0
10584,3,1959-10-21,0,0,D,2001-04-23,2,Unknown,10,18707,,0
10585,3,1963-10-08,3500,2,D,2001-04-23,2,Unknown,10,10107,,0
10586,3,1964-10-07,0,0,D,2001-04-23,2,Unknown,10,16607,,0
10587,4,1956-01-01,0,0,C,2001-04-23,0,Unknown,23,0,,0
10588,2,1967-01-18,0,0,S,2001-04-24,0,Unknown,10,12807,,0
10589,3,1969-02-06,2060,2,M,2001-04-24,2,Unknown,10,10807,,0
10590,2,1976-12-22,0,0,M,2001-04-24,2,Unknown,10,14707,,0
10591,3,1947-01-01,0,0,A,2001-04-24,0,Unknown,25,0,,0
10592,2,1968-07-20,0,0,C,2001-04-25,2,Unknown,10,12807,,0
10593,3,1964-05-12,0,2,U,2001-04-25,2,Unknown,21,0,,0
10594,2,1968-12-08,2104,2,G,2001-04-25,0,Unknown,21,0,,0
10595,3,1965-10-12,2405,1,A,2001-04-26,0,Unknown,21,0,,0
10596,3,1966-12-15,1737,3,A,2001-04-26,0,Unknown,21,0,,0
10597,2,1979-05-31,0,0,C,2001-04-26,2,Unknown,10,18707,,0
10598,3,1973-03-20,0,0,M,2001-04-26,2,Unknown,10,17607,,0
10599,2,1979-07-31,0,0,C,2001-04-26,2,Unknown,10,12807,,0
10600,2,1945-07-03,0,0,A,2001-04-26,0,Unknown,25,0,,0
10601,2,1950-02-21,0,0,A,2001-04-26,0,DC,21,0,,0
10602,3,1971-07-21,0,0,M,2001-04-27,2,Unknown,10,12807,,0
10603,2,1959-01-23,2092,3,M,2001-04-27,2,Unknown,10,18507,,0
10604,2,1949-12-11,0,0,A,2001-04-27,0,Unknown,21,0,,0
10605,2,1969-03-08,0,0,M,2001-04-30,2,Unknown,10,11907,,0
10606,2,1945-07-25,0,1,D,2001-04-30,2,Unknown,10,10107,,0
10607,3,1977-10-29,0,0,M,2001-04-30,2,Unknown,10,13607,,0
10608,2,1946-08-08,2528,0,M,2001-05-02,2,Unknown,10,10107,,0
10609,3,1940-09-24,0,0,A,2001-05-02,0,Unknown,21,0,,0
10610,3,1970-04-12,0,0,A,2001-05-03,0,Unknown,23,0,,0
10611,2,1967-10-14,0,0,A,2001-05-03,0,Unknown,21,0,,0
10612,3,1960-12-13,0,0,A,2001-05-03,0,Unknown,21,0,,0
10613,3,1966-09-30,0,0,M,2001-05-03,2,Unknown,10,0,,0
10614,3,1952-02-07,0,0,M,2001-05-03,2,Unknown,10,11907,,0
10615,3,1965-08-13,3200,4,E,2001-05-03,2,Unknown,10,10107,,0
10616,3,1971-05-06,0,0,M,2001-05-03,2,Unknown,10,10307,,0
10617,3,1957-01-26,1417,3,A,2001-05-04,0,Unknown,21,0,,0
10618,2,1962-01-30,0,0,A,2001-05-03,0,DA,21,0,2001-08-23,1
10619,4,1977-04-16,1298,0,C,2001-05-04,2,Unknown,10,16807,,0
10620,2,1973-02-02,1448,0,C,2001-05-04,2,Unknown,10,13607,,0
10621,2,1958-07-29,0,1,C,2001-05-04,2,Unknown,10,12149,,0
10622,2,1974-01-05,1463,0,U,2001-05-07,2,Unknown,10,13507,,0
10623,2,1971-09-10,1820,1,M,2001-05-07,2,Unknown,10,10107,,0
10624,3,1951-09-09,0,0,A,2001-05-07,0,Unknown,21,0,,0
10625,4,1977-03-01,0,0,C,2001-05-09,2,Unknown,10,13507,,0
10626,2,1979-08-11,0,0,C,2001-05-09,2,Unknown,10,10507,,0
10627,3,1950-11-28,0,4,M,2001-05-09,2,Unknown,10,12149,,0
10628,3,1960-08-08,0,0,M,2001-05-10,2,Unknown,10,13607,,0
10629,3,1965-11-26,0,3,M,2001-05-10,2,Unknown,10,10207,,0
10630,2,1949-09-24,0,0,A,2001-05-10,0,Unknown,21,0,,0
10631,2,1948-03-04,0,0,A,2001-05-10,0,Unknown,25,0,,0
10632,3,1954-08-16,1890,0,M,2001-05-11,2,Unknown,10,0,,0
10633,2,1972-07-06,2668,2,M,2001-05-11,2,Unknown,10,11607,,0
10634,4,1975-12-01,1593,0,C,2001-05-11,2,Unknown,10,17807,,0
10635,4,1967-11-08,3011,2,U,2001-05-11,2,Unknown,10,12149,,0
10636,3,1928-09-28,0,0,V,2001-05-14,0,Unknown,10,10107,,0
10637,2,1969-12-16,0,0,C,2001-05-14,2,Unknown,10,10307,,0
10638,2,1944-06-06,0,0,A,2001-05-15,0,Unknown,25,0,,0
10639,3,1933-07-25,0,0,A,2001-05-15,0,Unknown,21,0,,0
10640,2,1963-11-19,0,0,S,2001-05-15,0,Unknown,10,10507,,0
10641,2,1969-10-19,1433,2,M,2001-05-15,2,Unknown,10,10107,,0
10642,4,1953-07-27,0,0,C,2001-05-16,0,Unknown,25,0,,0
10643,3,1937-04-14,1300,0,M,2001-05-16,2,Unknown,10,10107,,0
10644,2,1954-11-23,2002,3,M,2001-05-16,2,Unknown,10,10107,,0
10645,3,1930-10-14,0,0,V,2001-05-16,2,Unknown,10,17807,,0
10646,2,1971-08-14,0,0,A,2001-05-16,0,Unknown,21,0,,0
10647,4,1976-05-29,1601,0,U,2001-05-17,0,Unknown,10,0,,0
10648,2,1976-05-05,1789,2,C,2001-05-17,2,Unknown,10,10607,,0
10649,3,1969-09-18,0,0,A,2001-05-17,0,Unknown,25,0,,0
10650,4,1966-02-23,0,0,C,2001-05-17,0,Unknown,21,0,,0
10651,3,1974-07-20,0,1,M,2001-05-18,2,Unknown,10,18707,,0
10652,2,2000-11-28,0,0,C,2001-05-18,2,Unknown,21,10107,,0
10653,4,1977-10-19,0,1,C,2001-05-21,2,Unknown,10,10107,,0
10654,3,1963-09-09,0,2,M,2001-05-21,0,DV,21,12149,2007-03-26,1
10655,4,1971-08-14,0,0,C,2001-05-21,0,Unknown,10,10807,,0
10656,2,1963-06-07,0,0,A,2001-05-22,0,DC,10,0,,0
10657,4,1979-05-23,0,0,C,2001-05-22,2,Unknown,10,10907,,0
10658,2,1948-07-31,0,0,M,2001-05-22,2,Unknown,10,10107,,0
10659,4,1958-04-05,0,0,C,2001-05-23,2,Unknown,10,10107,,0
10660,2,1942-10-10,0,0,M,2001-05-25,2,Unknown,10,16807,,0
10661,3,1950-10-09,0,0,A,2001-05-28,0,Unknown,23,0,,0
10662,2,1987-07-24,0,0,C,2001-05-29,2,Unknown,21,0,,0
10663,4,1954-07-17,0,1,C,2001-05-29,2,Unknown,10,10107,,0
10664,2,1957-12-27,1977,3,M,2001-05-29,2,Unknown,10,10507,,0
10665,2,1974-06-12,1691,0,M,2001-05-29,2,Unknown,10,17807,,0
10666,2,1961-03-01,0,0,A,2001-05-30,0,Unknown,25,0,,0
10667,3,1962-11-16,3804,1,D,2001-05-30,2,Unknown,10,12149,,0
10668,3,1955-02-02,1569,2,F,2001-05-30,2,Unknown,10,14707,,0
10669,3,1958-05-13,533,3,M,2001-05-31,0,Unknown,21,0,,0
10670,2,1942-06-08,0,0,A,2001-05-31,0,Unknown,23,0,,0
10671,2,1956-06-13,0,0,A,2001-05-31,0,Unknown,25,0,,0
10672,3,1943-12-17,0,0,A,2001-05-31,0,Unknown,21,0,,0
10673,3,1962-04-10,1533,2,V,2001-05-31,2,Unknown,10,15807,,0
10674,4,1961-08-29,0,0,C,2001-05-31,2,Unknown,10,10307,,0
10675,4,1968-06-22,0,0,C,2001-06-01,2,Unknown,10,10107,,0
10676,3,1952-07-22,2000,0,M,2001-06-05,2,Unknown,10,17607,,0
10677,2,1953-10-22,0,0,C,2001-06-05,2,Unknown,10,13507,,0
10678,3,1965-05-10,0,0,A,2001-06-06,0,Unknown,21,0,,0
10679,4,1960-02-19,1219,0,C,2001-06-06,2,Unknown,10,13507,,0
10680,3,1958-01-07,0,0,A,2001-06-06,0,Unknown,21,0,,0
10681,3,1962-02-16,3400,3,V,2001-06-07,2,Unknown,10,17907,,0
10682,3,1941-08-16,2471,0,M,2001-06-07,0,Unknown,10,11607,,0
10683,2,1958-12-04,0,0,C,2001-06-07,2,Unknown,10,10807,,0
10684,2,1935-02-14,0,0,V,2001-06-07,0,Unknown,10,12149,,0
10685,2,1944-09-21,0,0,M,2001-06-08,0,DC,21,15707,,0
10686,2,1957-12-10,0,4,M,2001-06-08,2,Unknown,10,10207,,0
10687,2,1975-08-01,0,0,C,2001-06-11,2,Unknown,10,10507,,0
10688,2,1973-02-23,1850,2,U,2001-06-11,2,Unknown,10,16707,,0
10689,2,1962-11-24,0,0,A,2001-06-11,0,Unknown,21,0,,0
10690,2,1951-10-14,0,1,U,2001-06-12,2,Unknown,10,10107,,0
10691,2,1954-11-28,2762,3,M,2001-06-12,2,Unknown,10,12149,,0
10692,4,1955-04-06,3374,3,S,2001-06-12,0,Unknown,25,0,,0
10693,3,1957-01-10,990,0,M,2001-06-13,0,Unknown,21,0,,0
10694,3,1944-03-19,0,0,A,2001-06-13,0,Unknown,21,0,,0
10695,4,1956-10-01,0,1,U,2001-06-14,2,Unknown,10,12149,,0
10696,3,1972-07-30,1657,2,U,2001-06-14,2,Unknown,10,10207,,0
10697,2,1957-03-10,0,0,A,2001-06-14,0,Unknown,21,0,,0
10698,2,1969-01-29,1902,2,C,2001-06-18,0,Unknown,10,17807,,0
10699,2,1962-02-22,0,0,A,2001-06-18,0,Unknown,10,13907,,0
10700,3,1973-12-18,1870,2,E,2001-06-18,2,Unknown,10,14707,,0
10701,4,1978-11-12,1478,1,P,2001-06-19,2,Unknown,10,17907,,0
10702,2,1974-09-22,0,0,C,2001-06-19,2,Unknown,10,14707,,0
10703,3,1972-11-10,1582,1,M,2001-06-20,0,Unknown,10,10207,,0
10704,2,1947-03-30,0,0,D,2001-06-20,2,Unknown,10,10907,,0
10705,3,1957-07-18,0,1,M,2001-06-20,2,Unknown,10,12149,,0
10706,2,1947-01-10,0,0,A,2001-06-21,0,Unknown,25,0,,0
10707,4,1984-04-28,0,0,C,2001-06-21,2,DA,21,10107,2006-11-09,1
10708,3,1949-06-27,0,1,M,2001-06-22,2,Unknown,10,10107,,0
10709,2,1922-01-01,0,0,A,2001-06-25,0,DA,21,0,2006-02-21,1
10710,2,1971-05-25,0,0,U,2001-06-26,2,Unknown,10,10107,,0
10711,2,1974-10-23,1877,0,M,2001-06-26,2,Unknown,10,17807,,0
10712,3,1969-10-04,2326,2,B,2001-06-26,2,Unknown,10,18319,,0
10713,4,1976-11-04,1589,0,C,2001-06-27,2,Unknown,10,17607,,0
10714,3,1945-10-02,0,0,A,2001-06-28,0,Unknown,25,0,,0
10715,3,1949-04-01,0,0,M,2001-06-28,0,DA,21,0,2001-08-09,1
10716,3,1968-03-26,0,0,A,2001-06-28,0,Unknown,21,0,,0
10717,2,1963-01-19,0,0,A,2001-06-28,0,Unknown,23,0,,0
10718,2,1945-11-19,0,0,A,2001-06-29,0,Unknown,25,0,,0
10719,2,2001-02-28,0,0,C,2001-06-29,2,Unknown,21,10107,,0
10720,2,1960-09-05,0,0,M,2001-07-02,2,Unknown,10,17607,,0
10721,3,1941-08-20,4036,0,M,2001-07-02,2,Unknown,10,0,,0
10722,2,1977-11-19,1500,1,C,2001-07-03,2,Unknown,10,10107,,0
10723,4,1977-03-17,0,0,C,2001-07-03,2,Unknown,10,13507,,0
10724,3,1973-03-12,1344,0,A,2001-07-04,0,Unknown,21,0,,0
10725,2,1967-01-27,0,0,U,2001-07-04,2,Unknown,10,0,,0
10726,3,1936-11-15,0,0,A,2001-07-05,0,Unknown,25,0,,0
10727,2,1949-05-29,2130,0,M,2001-07-05,0,Unknown,25,0,,0
10728,4,1977-01-07,0,1,U,2001-07-05,2,Unknown,10,10107,,0
10729,3,1968-09-18,0,0,M,2001-07-05,2,Unknown,10,12149,,0
10730,2,1955-08-07,0,0,A,2001-07-05,0,Unknown,10,17907,,0
10731,2,1976-10-16,1700,0,C,2001-07-05,2,Unknown,10,16707,,0
10732,3,1959-11-16,0,0,A,2001-07-06,0,Unknown,25,0,,0
10733,3,1947-08-22,0,0,A,2001-07-06,0,Unknown,25,0,,0
10734,4,1971-03-13,0,0,C,2001-07-06,2,Unknown,10,11907,,0
10735,2,1953-03-08,0,0,A,2001-07-06,0,DV,21,17907,2002-04-09,1
10736,2,1973-12-13,1850,3,U,2001-07-10,2,Unknown,10,15807,,0
10737,2,1966-05-13,1800,0,C,2001-07-10,0,Unknown,10,13507,,0
10738,2,1977-05-13,1554,1,U,2001-07-10,2,Unknown,10,10107,,0
10739,4,1971-09-20,1583,0,C,2001-07-10,2,Unknown,10,10107,,0
10740,2,1963-05-05,2139,0,F,2001-07-11,2,Unknown,10,10107,,0
10741,2,1966-03-21,2400,0,C,2001-07-11,2,Unknown,10,12807,,0
10742,2,1946-08-04,0,0,A,2001-07-11,0,Unknown,21,0,,0
10743,3,1953-11-03,0,0,A,2001-07-11,0,Unknown,21,0,,0
10744,4,1971-03-13,0,0,C,2001-07-12,0,Unknown,10,17607,,0
10745,3,1958-09-09,0,0,A,2001-07-12,0,Unknown,21,0,,0
10746,3,1978-09-27,0,0,M,2001-07-13,2,Unknown,10,13907,,0
10747,4,1946-01-21,0,0,C,2001-07-16,2,Unknown,10,17807,,0
10748,2,1964-09-30,0,2,U,2001-07-17,2,Unknown,10,17607,,0
10749,2,1957-05-16,5047,3,M,2001-07-17,0,Unknown,21,0,,0
10750,3,1958-01-18,0,2,M,2001-07-18,2,Unknown,10,0,,0
10751,4,1957-03-06,0,0,C,2001-07-18,0,Unknown,25,0,,0
10752,2,1954-02-23,0,2,M,2001-07-18,2,Unknown,10,10107,,0
10753,3,1968-05-30,1382,3,M,2001-07-18,2,Unknown,10,10107,,0
10754,4,1973-09-20,0,0,U,2001-07-18,2,Unknown,10,12149,,0
10755,4,1979-12-16,0,0,C,2001-07-19,2,Unknown,10,10107,,0
10756,2,1946-06-11,3273,2,M,2001-07-20,0,Unknown,10,15607,,0
10757,3,1976-10-06,1347,0,U,2001-07-20,2,Unknown,10,14607,,0
10758,2,1949-09-18,0,0,A,2001-07-20,0,Unknown,21,0,,0
10759,2,1946-06-28,0,0,C,2001-07-23,2,Unknown,10,12149,,0
10760,2,1951-12-03,1187,0,M,2001-07-23,2,Unknown,10,12807,,0
10761,4,1943-04-22,0,0,C,2001-07-25,0,Unknown,25,0,,0
10762,2,1963-05-02,3320,0,C,2001-07-26,2,Unknown,10,13507,,0
10763,3,1966-02-28,0,0,M,2001-07-26,2,Unknown,10,13907,,0
10764,3,1973-01-11,0,0,C,2001-07-26,2,Unknown,10,18507,,0
10765,2,1953-11-20,0,0,A,2001-07-30,0,Unknown,21,0,,0
10766,2,1957-12-19,1360,2,M,2001-07-30,2,Unknown,10,11907,,0
10767,2,1978-03-21,1572,0,U,2001-07-30,2,Unknown,10,10107,,0
10768,3,1957-09-26,0,0,A,2001-07-30,2,DA,10,16807,2001-09-19,1
10769,3,1969-10-15,0,4,U,2001-07-30,0,Unknown,10,10207,,0
10770,4,1967-06-08,0,3,U,2001-07-30,0,Unknown,10,18319,,0
10771,2,1965-02-17,0,0,M,2001-07-30,2,Unknown,10,0,,0
10772,3,1969-12-11,1563,2,M,2001-07-30,2,Unknown,10,0,,0
10773,3,1955-03-04,1300,1,M,2001-07-31,2,Unknown,10,10107,,0
10774,2,1935-08-27,0,0,M,2001-07-31,2,Unknown,10,10107,,0
10775,4,1983-09-08,0,0,C,2001-08-01,2,Unknown,21,10107,,0
10776,3,1938-06-13,0,0,V,2001-08-02,2,Unknown,10,10107,,0
10777,3,1968-12-21,0,2,M,2001-08-02,2,Unknown,10,10107,,0
10778,2,1961-10-31,0,2,M,2001-08-02,2,Unknown,10,10107,,0
10779,2,1966-04-17,3918,1,M,2001-08-03,2,Unknown,10,0,,0
10780,2,1951-04-27,0,0,A,2001-08-06,0,Unknown,21,0,,0
10781,2,1957-10-29,0,0,M,2001-08-06,2,Unknown,10,18319,,0
10782,2,1972-08-28,1601,0,C,2001-08-06,2,Unknown,10,13907,,0
10783,4,1970-08-06,0,0,C,2001-08-07,2,Unknown,10,10107,,0
10784,3,1960-08-28,0,3,M,2001-08-07,2,Unknown,10,10107,,0
10785,3,1976-03-16,1400,0,U,2001-08-08,2,Unknown,10,10107,,0
10786,2,1952-02-20,0,0,M,2001-08-08,2,Unknown,10,13607,,0
10787,2,1980-02-26,0,0,M,2001-08-08,0,Unknown,10,12149,,0
10788,2,1965-08-19,2200,2,M,2001-08-08,2,Unknown,21,0,,0
10789,4,1949-01-19,0,0,C,2001-08-09,0,Unknown,25,0,,0
10790,3,1975-05-28,1650,1,M,2001-08-10,2,Unknown,10,18319,,0
10791,2,1939-02-11,0,0,A,2001-08-10,0,Unknown,21,0,,0
10792,4,1970-04-25,0,0,C,2001-08-13,2,Unknown,10,0,,0
10793,3,1954-02-07,0,0,A,2001-08-13,0,Unknown,21,0,,0
10794,4,1952-12-19,3452,2,U,2001-08-13,2,Unknown,10,10107,,0
10795,2,1972-11-08,3288,0,A,2001-08-14,0,Unknown,21,0,,0
10796,3,1972-12-25,0,0,C,2001-08-14,2,Unknown,10,15707,,0
10797,2,1976-10-03,0,0,C,2001-08-14,2,Unknown,10,11907,,0
10798,2,1971-07-12,3500,2,M,2001-08-14,2,Unknown,10,10107,,0
10799,4,1986-11-12,0,0,C,2001-08-14,2,Unknown,21,10107,,0
10800,3,1950-07-04,3864,0,D,2001-08-14,2,Unknown,10,17807,,0
10801,2,1978-10-16,1550,0,U,2001-08-16,2,Unknown,10,18707,,0
10802,3,1954-09-08,0,2,M,2001-08-16,2,Unknown,10,10107,,0
10803,2,1945-04-12,0,0,A,2001-08-17,0,Unknown,25,0,,0
10804,4,1974-09-04,0,0,C,2001-08-17,2,Unknown,10,10107,,0
10805,3,1949-10-18,0,0,A,2001-08-20,0,Unknown,21,0,,0
10806,2,1953-10-05,0,0,A,2001-08-20,0,Unknown,21,0,,0
10807,3,1969-02-04,0,0,A,2001-08-20,2,Unknown,10,16707,,0
10808,2,1976-05-20,1537,1,P,2001-08-21,2,Unknown,10,16707,,0
10809,2,1945-10-09,4335,0,A,2001-08-22,0,Unknown,21,0,,0
10810,3,1960-08-27,1777,2,M,2001-08-22,2,Unknown,10,10107,,0
10811,2,1964-10-29,2000,0,C,2001-08-22,2,Unknown,10,10507,,0
10812,2,1952-01-09,0,0,A,2001-08-22,0,Unknown,25,0,,0
10813,3,1942-11-22,0,0,V,2001-08-24,2,Unknown,10,12149,,0
10814,3,1969-07-14,0,0,A,2001-08-27,0,Unknown,21,0,,0
10815,3,1957-02-02,2066,2,B,2001-08-28,2,Unknown,10,10107,,0
10816,2,1948-11-03,0,0,V,2001-08-28,2,Unknown,10,12149,,0
10817,2,1946-05-23,0,0,A,2001-08-30,0,Unknown,21,0,,0
10818,2,1976-02-19,900,2,B,2001-08-31,2,Unknown,10,13507,,0
10819,3,1973-07-13,1845,1,M,2001-08-31,2,Unknown,10,15607,,0
10820,3,1974-02-08,1570,1,M,2001-08-31,2,Unknown,10,11907,,0
10821,3,1962-03-31,0,0,A,2001-08-31,0,Unknown,21,0,,0
10822,2,1968-08-06,1231,1,A,2001-09-03,0,Unknown,21,0,,0
10823,4,1969-04-16,0,0,C,2001-09-03,2,Unknown,10,13807,,0
10824,2,1961-05-04,0,0,M,2001-09-03,2,Unknown,10,18507,,0
10825,3,1945-05-05,0,0,A,2001-09-03,0,Unknown,25,0,,0
10826,2,1975-05-14,0,0,A,2001-09-04,0,DC,21,11607,,0
10827,3,1959-10-19,0,3,M,2001-09-04,2,Unknown,10,10107,,0
10828,2,1973-09-27,0,0,U,2001-09-04,2,Unknown,10,10107,,0
10829,2,1951-02-05,4200,1,D,2001-09-05,2,Unknown,10,0,,0
10830,2,1944-04-12,1121,0,M,2001-09-06,0,Unknown,21,0,,0
10831,2,1974-10-17,1769,1,M,2001-09-06,2,Unknown,10,17907,,0
10832,2,1968-05-26,0,0,A,2001-09-06,0,Unknown,10,16807,,0
10833,4,1980-06-27,1700,2,P,2001-09-06,2,Unknown,10,15807,,0
10834,4,1970-03-22,0,0,C,2001-09-06,2,Unknown,10,12807,,0
10835,4,1974-07-23,0,0,C,2001-09-06,2,Unknown,10,10107,,0
10836,4,1974-10-01,0,0,C,2001-09-06,2,Unknown,10,10107,,0
10837,3,1975-10-04,0,0,M,2001-09-06,2,Unknown,10,10107,,0
10838,4,1977-03-30,0,0,C,2001-09-06,0,DV,21,10107,2003-04-08,1
10839,4,1978-04-27,0,0,C,2001-09-07,0,DV,21,13507,2005-08-22,1
10840,3,1968-12-21,2098,2,M,2001-09-07,2,Unknown,10,10107,,0
10841,2,1977-04-29,0,0,M,2001-09-07,2,Unknown,10,13607,,0
10842,2,1961-01-18,0,0,A,2001-09-07,2,Unknown,10,10507,,0
10843,2,1978-10-17,1265,0,C,2001-09-07,2,Unknown,10,16607,,0
10844,4,1977-11-18,1368,0,C,2001-09-10,2,Unknown,10,17907,,0
10845,2,1974-03-04,0,0,C,2001-09-10,2,Unknown,10,10107,,0
10846,4,1975-09-14,1919,0,C,2001-09-10,2,Unknown,10,17807,,0
10847,2,1948-05-28,0,0,A,2001-09-10,0,Unknown,21,0,,0
10848,3,1969-12-02,0,0,A,2001-09-11,0,Unknown,23,0,,0
10849,2,1974-02-06,0,0,M,2001-09-11,2,Unknown,10,10807,,0
10850,2,1973-09-30,0,2,M,2001-09-11,2,Unknown,10,10107,,0
10851,2,1968-06-11,0,0,A,2001-09-11,0,Unknown,21,0,,0
10852,3,1971-06-29,0,0,A,2001-09-13,0,Unknown,25,0,,0
10853,2,1953-07-24,0,0,A,2001-09-13,0,Unknown,21,0,,0
10854,3,1959-09-05,1350,1,M,2001-09-13,2,Unknown,10,17607,,0
10855,2,1951-01-28,0,1,M,2001-09-13,2,Unknown,10,10107,,0
10856,3,1964-04-10,0,0,M,2001-09-13,2,Unknown,10,10507,,0
10857,2,1967-02-28,0,2,M,2001-09-13,2,Unknown,21,0,,0
10858,2,1935-04-17,0,0,A,2001-09-14,0,Unknown,25,0,,0
10859,4,1975-04-15,0,0,C,2001-09-14,0,Unknown,10,10807,,0
10860,2,1954-04-15,0,0,A,2001-09-17,0,Unknown,25,0,,0
10861,3,1974-01-03,0,0,M,2001-09-17,2,Unknown,10,10807,,0
10862,3,1974-05-15,711,0,C,2001-09-17,2,Unknown,10,10107,,0
10863,2,1965-12-08,2400,1,G,2001-09-18,2,Unknown,10,11907,,0
10864,2,1967-10-31,0,0,A,2001-09-18,0,Unknown,10,18707,,0
10865,4,1982-03-18,0,0,C,2001-09-18,2,Unknown,10,10107,,0
10866,3,1975-08-22,0,0,M,2001-09-18,2,Unknown,10,10107,,0
10867,3,1960-10-15,0,0,A,2001-09-19,0,Unknown,23,0,,0
10868,2,1957-07-11,0,0,A,2001-09-19,0,Unknown,25,0,,0
10869,2,1961-02-03,1400,0,D,2001-09-19,2,Unknown,10,10607,,0
10870,3,1941-04-14,0,0,M,2001-09-19,2,Unknown,10,13907,,0
10871,4,1968-05-01,1808,0,C,2001-09-20,2,Unknown,10,13907,,0
10872,2,1953-06-11,1399,2,M,2001-09-20,2,Unknown,10,10907,,0
10873,4,1973-11-04,0,0,C,2001-09-20,2,Unknown,10,10107,,0
10874,2,1959-08-13,0,1,C,2001-09-20,2,Unknown,10,10107,,0
10875,2,1976-04-22,1408,0,C,2001-09-21,2,Unknown,10,16707,,0
10876,3,1960-02-14,1600,3,M,2001-09-24,2,Unknown,21,0,,0
10877,2,1969-07-20,0,0,M,2001-09-24,2,Unknown,10,13507,,0
10878,2,1971-08-05,1764,0,C,2001-09-24,2,Unknown,10,10207,,0
10879,4,1977-11-18,0,0,C,2001-09-24,2,Unknown,10,10207,,0
10880,2,1959-05-31,0,1,M,2001-09-25,2,Unknown,10,10107,,0
10881,3,1957-06-12,1073,0,G,2001-09-25,2,Unknown,10,10807,,0
10882,2,1960-01-21,0,0,A,2001-09-25,0,Unknown,23,0,,0
10883,3,1943-03-30,0,0,A,2001-09-26,0,Unknown,25,0,,0
10884,4,1994-08-13,0,0,C,2001-09-26,2,Unknown,21,10107,,0
10885,2,1969-08-05,0,0,M,2001-09-27,2,Unknown,10,16707,,0
10886,3,1958-11-28,0,0,A,2001-09-28,0,Unknown,21,0,,0
10887,3,1979-02-08,0,0,U,2001-10-01,2,Unknown,10,13507,,0
10888,4,1976-05-31,1350,0,C,2001-10-01,2,Unknown,10,13507,,0
10889,2,1962-01-11,0,0,A,2001-10-02,0,Unknown,23,0,,0
10890,2,1938-12-03,0,0,A,2001-10-02,0,Unknown,25,0,,0
10891,2,1976-05-27,1945,0,P,2001-10-02,2,Unknown,10,17807,,0
10892,3,1942-01-01,0,0,M,2001-10-02,0,Unknown,10,10107,,0
10893,2,1975-04-01,0,0,U,2001-10-02,0,Unknown,10,10107,,0
10894,2,1984-09-02,0,0,C,2001-10-02,2,Unknown,21,10107,,0
10895,2,1997-11-11,0,0,C,2001-10-02,2,Unknown,21,10107,,0
10896,4,1983-10-16,0,0,C,2001-10-02,2,Unknown,21,10107,,0
10897,4,1971-04-18,1623,0,C,2001-10-03,0,Unknown,21,0,,0
10898,2,1947-03-01,0,0,A,2001-10-03,0,Unknown,23,0,,0
10899,2,1972-09-14,1149,2,M,2001-10-03,2,Unknown,10,17907,,0
10900,4,1977-05-24,1750,0,G,2001-10-04,0,Unknown,10,13507,,0
10901,4,1967-05-31,0,0,C,2001-10-04,2,Unknown,10,10607,,0
10902,3,1946-06-11,0,0,M,2001-10-04,0,Unknown,10,12149,,0
10903,3,1957-05-21,0,0,M,2001-10-04,2,Unknown,10,18319,,0
10904,2,1995-01-04,0,0,C,2001-10-04,2,Unknown,21,10107,,0
10905,2,1991-07-20,0,0,C,2001-10-04,2,Unknown,21,10107,,0
10906,3,1973-10-11,0,0,C,2001-10-04,2,Unknown,10,16707,,0
10907,2,1965-03-08,0,2,U,2001-10-04,2,Unknown,10,10207,,0
10908,4,1963-07-07,3767,0,C,2001-10-05,2,Unknown,10,10107,,0
10909,2,1967-03-18,0,0,U,2001-10-08,0,Unknown,10,0,,0
10910,2,1973-10-11,0,2,C,2001-10-08,2,Unknown,10,10307,,0
10911,2,1951-06-18,0,0,A,2001-10-09,0,Unknown,21,0,,0
10912,4,1977-09-22,1450,0,U,2001-10-09,2,Unknown,10,13507,,0
10913,2,1954-08-08,3153,0,D,2001-10-09,2,Unknown,10,10107,,0
10914,2,1975-05-14,1474,0,C,2001-10-09,2,Unknown,10,10107,,0
10915,2,2001-03-20,0,0,C,2001-10-09,2,Unknown,21,10107,,0
10916,2,1962-03-02,1600,1,M,2001-10-10,2,Unknown,10,15607,,0
10917,3,1976-08-23,1613,1,M,2001-10-10,2,Unknown,10,13907,,0
10918,4,1976-08-15,1110,1,U,2001-10-10,2,Unknown,10,12807,,0
10919,3,1951-11-29,0,0,D,2001-10-11,2,Unknown,10,15707,,0
10920,2,1975-11-06,1500,1,P,2001-10-11,0,Unknown,10,14607,,0
10921,2,1950-08-16,0,0,A,2001-10-11,2,DA,21,10107,2002-09-16,1
10922,4,1972-05-30,2408,0,C,2001-10-11,2,Unknown,10,10107,,0
10923,4,1979-04-09,1529,0,U,2001-10-12,2,Unknown,10,16607,,0
10924,2,1948-02-15,2255,0,M,2001-10-12,2,Unknown,10,12607,,0
10925,2,1958-03-07,0,2,M,2001-10-12,2,Unknown,10,10307,,0
10926,4,1973-07-10,1500,0,U,2001-10-12,2,Unknown,10,10307,,0
10927,2,1961-03-02,0,0,M,2001-10-15,2,Unknown,10,10107,,0
10928,2,1939-10-03,0,0,A,2001-10-16,0,Unknown,21,0,,0
10929,3,1952-06-05,2391,2,M,2001-10-16,2,Unknown,10,17907,,0
10930,2,1971-08-14,2796,1,M,2001-10-16,2,Unknown,10,10107,,0
10931,2,1966-08-26,0,1,M,2001-10-16,2,Unknown,10,10107,,0
10932,4,1972-07-28,0,1,C,2001-10-16,2,Unknown,10,10107,,0
10933,4,1977-10-04,0,0,C,2001-10-17,2,Unknown,10,0,,0
10934,2,1945-02-06,1269,0,M,2001-10-18,0,Unknown,21,0,,0
10935,3,1967-09-08,0,3,M,2001-10-18,2,Unknown,10,10207,,0
10936,2,1970-02-25,1650,2,M,2001-10-19,2,Unknown,10,17907,,0
10937,2,1970-05-07,2567,2,M,2001-10-19,2,Unknown,10,10107,,0
10938,2,1967-10-14,0,0,U,2001-10-19,2,Unknown,10,16807,,0
10939,1,,0,0,A,2001-10-19,4,Unknown,61,10107,,0
10940,4,1980-11-11,0,0,C,2001-10-19,0,Unknown,10,10107,,0
10941,3,1979-10-29,1480,1,U,2001-10-22,2,Unknown,10,15807,,0
10942,2,1974-04-28,1160,0,M,2001-10-22,0,Unknown,21,0,,0
10943,4,1971-06-25,0,0,C,2001-10-23,2,Unknown,10,10907,,0
10944,2,1943-03-26,0,0,A,2001-10-23,2,DC,10,12807,,0
10945,3,1955-12-17,0,0,A,2001-10-24,0,Unknown,21,0,,0
10946,2,1964-04-13,0,0,A,2001-10-24,0,Unknown,23,0,,0
10947,3,1949-03-10,0,0,A,2001-10-24,0,Unknown,25,0,,0
10948,4,1978-01-07,1388,0,U,2001-10-24,2,Unknown,10,18707,,0
10949,3,1970-04-20,0,0,M,2001-10-24,0,DA,21,10907,2001-12-19,1
10950,3,1970-10-24,4066,2,M,2001-10-24,2,Unknown,10,12149,,0
10951,3,1977-04-11,1790,1,M,2001-10-25,2,Unknown,10,10807,,0
10952,2,1948-08-26,0,0,A,2001-10-25,0,Unknown,21,0,,0
10953,3,1946-04-16,0,0,A,2001-10-25,0,Unknown,21,0,,0
10954,3,1967-07-27,0,0,M,2001-10-26,2,Unknown,10,16607,,0
10955,3,1975-11-18,1600,2,G,2001-10-26,2,Unknown,10,10207,,0
10956,3,1945-12-23,0,0,A,2001-10-26,0,Unknown,21,0,,0
10957,3,1953-02-14,0,0,A,2001-10-29,0,Unknown,25,0,,0
10958,2,1964-12-01,0,0,A,2001-10-29,0,Unknown,25,0,,0
10959,2,1976-03-29,0,0,A,2001-10-29,0,Unknown,24,0,,0
10960,2,1977-07-22,1650,0,C,2001-10-29,2,Unknown,10,13507,,0
10961,2,1974-11-05,1265,1,M,2001-10-30,2,Unknown,10,13507,,0
10962,2,1976-07-07,0,0,C,2001-10-30,0,Unknown,10,10507,,0
10963,3,1946-10-26,0,0,A,2001-10-30,0,Unknown,10,12149,,0
10964,4,1935-01-01,0,0,C,2001-10-31,0,Unknown,25,0,,0
10965,3,1965-11-19,0,0,S,2001-10-31,2,Unknown,10,18707,,0
10966,2,1992-09-17,0,0,C,2001-10-31,2,Unknown,21,10107,,0
10967,2,1970-07-27,2615,0,U,2001-11-02,2,Unknown,10,10907,,0
10968,4,1970-06-08,1059,0,C,2001-11-02,2,Unknown,10,17807,,0
10969,3,1964-03-24,0,0,A,2001-11-02,0,Unknown,21,0,,0
10970,3,1972-03-28,0,0,A,2001-11-05,0,Unknown,23,0,,0
10971,3,1959-11-15,0,0,A,2001-11-05,0,Unknown,25,0,,0
10972,2,1993-07-13,0,0,C,2001-11-05,2,Unknown,21,11907,,0
10973,3,1975-07-22,0,0,C,2001-11-05,2,Unknown,10,17907,,0
10974,3,1953-11-18,1800,1,G,2001-11-06,2,Unknown,10,10307,,0
10975,2,1963-02-02,0,0,A,2001-11-07,2,Unknown,10,10607,,0
10976,2,1950-10-11,0,2,M,2001-11-07,2,Unknown,10,10107,,0
10977,2,1941-01-02,201,3,M,2001-11-07,0,Unknown,21,0,,0
10978,3,1954-01-20,0,1,M,2001-11-08,2,Unknown,10,17807,,0
10979,4,1976-08-05,0,0,C,2001-11-08,2,Unknown,10,10107,,0
10980,4,1989-01-30,0,0,C,2001-11-08,2,Unknown,21,10107,,0
10981,2,1961-11-27,4262,2,M,2001-11-12,0,Unknown,10,0,,0
10982,4,1977-03-26,0,0,C,2001-11-12,0,Unknown,10,13507,,0
10983,4,1949-10-28,0,0,C,2001-11-12,0,Unknown,10,12149,,0
10984,2,1964-09-14,0,0,M,2001-11-13,2,Unknown,10,12807,,0
10985,4,1972-02-19,0,0,C,2001-11-13,2,Unknown,10,10307,,0
10986,2,1997-01-15,0,0,C,2001-11-13,2,Unknown,21,10107,,0
10987,2,1959-09-28,0,0,D,2001-11-14,2,Unknown,10,0,,0
10988,2,1970-06-28,1569,1,A,2001-11-14,0,Unknown,21,0,,0
10989,2,1974-10-02,2614,0,M,2001-11-15,2,Unknown,10,18707,,0
10990,2,1974-03-24,1434,1,U,2001-11-15,2,Unknown,10,10307,,0
10991,3,1951-09-30,0,0,A,2001-11-15,0,Unknown,25,0,,0
10992,3,1954-05-06,0,0,M,2001-11-16,2,DV,21,13507,2007-03-01,1
10993,3,1951-09-03,2049,4,M,2001-11-16,2,Unknown,10,10607,,0
10994,2,1975-09-19,1805,2,M,2001-11-16,2,Unknown,10,10307,,0
10995,3,1981-10-27,0,0,M,2001-11-16,2,Unknown,10,18507,,0
10996,2,1941-09-13,655,0,B,2001-11-16,2,Unknown,10,0,,0
10997,3,1973-11-02,0,0,M,2001-11-19,2,Unknown,10,17907,,0
10998,4,1976-08-13,0,0,C,2001-11-19,2,Unknown,10,10107,,0
10999,4,1979-03-28,0,0,C,2001-11-21,2,Unknown,10,0,,0
11000,3,1951-06-25,0,0,M,2001-11-21,2,Unknown,10,13607,,0
11001,1,,0,0,A,2001-11-21,4,Unknown,61,10107,,0
11002,2,1965-09-22,0,0,A,2001-11-21,0,Unknown,10,12149,,0
11003,3,1947-02-01,0,0,A,2001-11-22,0,Unknown,25,0,,0
11004,2,1977-02-02,1636,1,C,2001-11-22,2,Unknown,10,10507,,0
11005,3,1978-04-20,0,0,U,2001-11-22,2,Unknown,10,10307,,0
11006,3,1948-09-08,0,0,M,2001-11-22,2,Unknown,10,13607,,0
11007,4,1966-03-19,1500,1,C,2001-11-23,2,Unknown,10,10107,,0
11008,2,1967-02-13,0,1,C,2001-11-26,2,Unknown,10,18707,,0
11009,2,1969-06-30,0,0,M,2001-11-26,2,Unknown,10,16707,,0
11010,2,2001-09-30,0,0,C,2001-11-26,2,Unknown,21,14707,,0
11011,3,1968-01-14,0,0,A,2001-11-26,0,Unknown,25,0,,0
11012,1,,0,0,A,2001-11-27,4,Unknown,61,10107,,0
11013,2,1973-05-14,1700,0,M,2001-11-27,2,Unknown,10,16807,,0
11014,2,1953-01-03,2617,2,M,2001-11-27,2,Unknown,10,16807,,0
11015,2,1974-06-19,1304,1,M,2001-11-27,2,Unknown,10,15607,,0
11016,3,1977-10-15,1700,1,M,2001-11-27,2,Unknown,10,17907,,0
11017,2,1959-06-22,0,0,C,2001-11-27,2,Unknown,10,10107,,0
11018,2,1947-10-10,1420,0,U,2001-11-28,2,Unknown,21,0,,0
11019,3,1956-10-07,1490,2,B,2001-11-28,2,Unknown,10,10107,,0
11020,4,1968-03-09,0,0,C,2001-11-28,2,Unknown,10,10107,,0
11021,2,1977-09-12,2500,0,M,2001-11-28,2,Unknown,10,10107,,0
11022,2,1970-10-24,1155,0,M,2001-11-29,0,Unknown,10,14607,,0
11023,4,1951-12-11,2504,0,C,2001-11-29,2,Unknown,10,10107,,0
11024,2,1963-10-13,0,1,M,2001-11-29,2,Unknown,10,10107,,0
11025,2,1955-05-13,0,2,M,2001-11-30,2,Unknown,10,10107,,0
11026,2,1974-02-13,0,0,C,2001-11-30,2,Unknown,10,12607,,0
11027,2,1952-02-20,0,1,M,2001-12-03,0,Unknown,21,0,,0
11028,2,1943-12-15,2036,2,A,2001-12-04,0,Unknown,21,0,,0
11029,3,1949-07-25,0,0,A,2001-12-04,0,Unknown,21,0,,0
11030,3,1971-10-25,1338,3,M,2001-12-04,2,Unknown,10,15707,,0
11031,2,1956-12-27,0,0,M,2001-12-04,2,Unknown,10,17907,,0
11032,4,1982-11-15,0,0,C,2001-12-04,2,Unknown,10,16807,,0
11033,2,1961-06-27,0,0,A,2001-12-05,0,Unknown,21,0,,0
11034,2,1949-03-12,1390,0,M,2001-12-05,2,Unknown,10,17807,,0
11035,4,1977-07-04,1527,0,U,2001-12-05,2,Unknown,10,10107,,0
11036,3,1971-03-17,0,2,C,2001-12-05,2,Unknown,10,10107,,0
11037,2,1966-12-17,1296,1,U,2001-12-05,2,Unknown,10,18507,,0
11038,2,1966-04-21,0,0,A,2001-12-06,0,Unknown,23,0,,0
11039,1,,0,0,A,2001-12-07,4,Unknown,61,10107,,0
11040,4,1974-05-09,0,0,C,2001-12-07,0,Unknown,10,10107,,0
11041,2,1974-06-13,3700,2,G,2001-12-07,2,Unknown,10,0,,0
11042,4,1970-04-05,0,0,C,2001-12-10,2,Unknown,10,16707,,0
11043,3,1950-09-12,0,0,D,2001-12-10,2,Unknown,10,14707,,0
11044,2,1973-07-17,2024,0,C,2001-12-11,2,Unknown,10,14607,,0
11045,2,1973-11-18,0,1,U,2001-12-11,2,Unknown,10,17807,,0
11046,2,1948-04-25,1400,0,M,2001-12-12,0,Unknown,21,0,,0
11047,4,1976-10-28,1600,1,U,2001-12-12,2,Unknown,10,16807,,0
11048,2,1968-11-03,2483,1,M,2001-12-12,2,Unknown,10,10107,,0
11049,3,1941-10-06,0,0,A,2001-12-12,0,Unknown,23,0,,0
11050,3,1941-07-07,0,0,A,2001-12-12,0,Unknown,25,0,,0
11051,3,1971-09-18,0,2,A,2001-12-13,0,Unknown,21,0,,0
11052,3,1962-07-24,1475,2,M,2001-12-13,2,Unknown,10,10507,,0
11053,3,1973-08-16,0,1,M,2001-12-13,2,Unknown,10,10107,,0
11054,4,1962-02-24,0,0,C,2001-12-13,2,Unknown,10,16607,,0
11055,3,1952-09-25,0,0,A,2001-12-13,0,Unknown,21,0,,0
11056,2,1963-10-25,0,0,M,2001-12-14,2,Unknown,10,15707,,0
11057,2,1973-07-03,0,0,A,2001-12-14,0,DV,21,10107,2002-01-11,1
11058,3,1973-12-22,0,0,D,2001-12-14,2,Unknown,10,10107,,0
11059,3,1954-05-14,2237,0,M,2001-12-14,2,Unknown,10,18319,,0
11060,3,1966-06-01,1098,2,M,2001-12-17,2,Unknown,10,11907,,0
11061,3,1941-09-24,0,0,A,2001-12-18,0,Unknown,25,0,,0
11062,2,1976-01-29,0,0,C,2001-12-18,2,Unknown,10,10307,,0
11063,2,1963-05-22,3900,3,M,2001-12-18,0,Unknown,21,0,,0
11064,3,1934-07-17,0,0,A,2001-12-19,0,Unknown,25,0,,0
11065,3,1960-03-29,0,0,A,2001-12-19,2,Unknown,10,12149,,0
11066,4,1971-12-09,0,0,C,2001-12-20,2,Unknown,10,10107,,0
11067,4,1991-02-14,0,0,C,2001-12-20,2,Unknown,21,10107,,0
11068,2,1963-11-14,3500,3,M,2001-12-20,0,Unknown,21,0,,0
11069,4,1975-05-05,903,1,C,2001-12-21,0,Unknown,21,0,,0
11070,3,1976-06-15,1556,1,U,2001-12-21,2,Unknown,10,13507,,0
11071,3,1979-12-13,0,0,M,2001-12-24,2,Unknown,10,13907,,0
11072,3,1955-05-08,0,2,A,2001-12-26,0,DA,21,0,2002-07-25,1
11073,1,,0,0,A,2001-12-26,4,Unknown,61,10107,,0
11074,3,1974-12-03,0,0,M,2001-12-27,2,Unknown,10,10107,,0
11075,3,1945-12-07,0,0,M,2001-12-27,2,Unknown,10,10307,,0
11076,3,1969-01-29,0,0,A,2001-12-27,0,Unknown,21,0,,0
11077,4,1969-07-09,1550,0,C,2001-12-28,2,Unknown,10,15707,,0
11078,2,1967-03-07,5200,2,B,2001-12-28,2,Unknown,10,10107,,0
11079,4,1999-08-11,0,0,C,2001-12-28,2,Unknown,21,10107,,0
11080,3,1941-09-21,0,0,D,2001-12-28,2,Unknown,10,10107,,0
11081,2,1939-03-16,0,0,A,2001-12-31,0,Unknown,25,0,,0
11082,2,1967-08-28,1161,1,A,2002-01-02,0,Unknown,21,0,,0
11083,2,1974-11-18,0,0,M,2002-01-02,2,Unknown,10,11907,,0
11084,4,1977-10-17,1563,0,C,2002-01-03,2,Unknown,10,13507,,0
11085,1,,0,0,A,2002-01-03,4,Unknown,61,10107,,0
11086,1,,0,0,A,2002-01-03,4,Unknown,61,10107,,0
11087,2,2000-12-07,0,0,C,2002-01-04,2,Unknown,21,10107,,0
11088,2,1950-11-06,0,2,A,2002-01-07,0,Unknown,21,0,,0
11089,4,1972-07-21,1561,0,C,2002-01-07,0,DV,21,13507,2004-07-30,1
11090,3,1953-03-02,0,0,S,2002-01-07,2,Unknown,10,16807,,0
11091,3,1946-08-06,0,0,A,2002-01-08,0,Unknown,23,0,,0
11092,2,1966-05-14,0,0,A,2002-01-08,0,Unknown,23,0,,0
11093,3,1938-12-20,0,0,A,2002-01-08,0,Unknown,21,0,,0
11094,4,1970-01-16,0,0,C,2002-01-09,0,Unknown,25,0,,0
11095,3,1962-02-28,1566,1,A,2002-01-11,2,DA,10,0,2002-02-19,1
11096,4,1977-03-03,0,0,C,2002-01-14,2,Unknown,10,17907,,0
11097,2,1974-06-06,0,0,M,2002-01-14,2,Unknown,10,11907,,0
11098,2,1970-11-11,0,0,M,2002-01-14,2,Unknown,10,10107,,0
11099,2,1969-07-25,0,0,C,2002-01-14,2,Unknown,10,11607,,0
11100,3,1969-10-29,0,0,M,2002-01-14,2,Unknown,10,14707,,0
11101,3,1968-04-11,2256,3,B,2002-01-15,2,Unknown,10,16707,,0
11102,3,1968-07-10,0,2,D,2002-01-15,2,Unknown,10,10107,,0
11103,3,1947-02-18,0,0,A,2002-01-15,0,Unknown,21,0,,0
11104,2,1960-09-13,0,0,A,2002-01-16,0,Unknown,21,0,,0
11105,3,1952-04-27,2853,1,V,2002-01-17,2,Unknown,10,0,,0
11106,3,1961-12-12,1911,3,M,2002-01-18,0,Unknown,21,0,,0
11107,3,1960-05-31,0,0,A,2002-01-18,0,Unknown,25,0,,0
11108,3,1979-07-05,1800,0,E,2002-01-21,2,Unknown,10,13607,,0
11109,2,1974-04-13,0,0,M,2002-01-21,2,Unknown,10,10107,,0
11110,2,1958-03-13,0,3,M,2002-01-22,2,Unknown,10,10107,,0
11111,3,1942-03-01,0,0,M,2002-01-22,2,Unknown,10,10307,,0
11112,3,1955-02-02,0,0,A,2002-01-22,0,Unknown,25,0,,0
11113,2,1938-10-15,0,0,A,2002-01-22,0,Unknown,21,0,,0
11114,4,1976-02-14,1340,0,A,2002-01-23,0,DA,21,0,2002-02-13,1
11115,2,1945-08-13,0,0,A,2002-01-23,0,Unknown,25,0,,0
11116,2,1977-12-22,2260,0,U,2002-01-23,2,Unknown,10,14607,,0
11117,2,1977-11-24,1538,0,U,2002-01-23,2,Unknown,10,12607,,0
11118,4,1977-12-21,1655,0,C,2002-01-24,2,Unknown,10,17907,,0
11119,2,1965-07-02,0,0,M,2002-01-24,2,Unknown,10,11907,,0
11120,3,1976-12-14,1504,1,U,2002-01-24,2,Unknown,10,10507,,0
11121,2,1929-08-02,0,0,M,2002-01-24,2,Unknown,10,13607,,0
11122,2,1964-12-29,0,0,U,2002-01-24,2,Unknown,10,16607,,0
11123,2,1979-05-30,0,0,C,2002-01-25,2,Unknown,10,10507,,0
11124,2,1972-06-30,0,0,M,2002-01-25,0,Unknown,10,10507,,0
11125,2,1957-01-12,0,0,A,2002-01-25,2,Unknown,10,12149,,0
11126,2,1987-10-09,0,0,C,2002-01-25,2,Unknown,21,10107,,0
11127,3,1949-02-12,1182,0,M,2002-01-25,2,Unknown,10,10107,,0
11128,2,1950-01-01,0,0,A,2002-01-25,0,Unknown,25,0,,0
11129,3,1950-02-13,0,0,A,2002-01-25,0,Unknown,21,0,,0
11130,2,1949-05-21,0,2,A,2002-01-28,0,Unknown,21,0,,0
11131,3,1963-05-17,0,0,M,2002-01-28,0,Unknown,10,0,,0
11132,2,1974-01-10,1641,0,C,2002-01-29,0,Unknown,25,0,,0
11133,2,1975-07-28,1427,0,C,2002-01-29,2,Unknown,10,11907,,0
11134,3,1956-04-11,0,0,A,2002-01-30,0,Unknown,25,0,,0
11135,2,1960-10-08,0,0,A,2002-01-30,0,Unknown,10,12149,,0
11136,2,1965-03-30,0,0,A,2002-01-30,0,Unknown,10,10307,,0
11137,3,1977-08-24,2704,0,M,2002-01-31,2,Unknown,10,12149,,0
11138,3,1970-03-20,0,0,A,2002-02-04,0,Unknown,21,0,,0
11139,4,2002-01-13,0,0,C,2002-02-04,2,Unknown,21,10107,,0
11140,2,1969-07-28,0,0,C,2002-02-04,2,Unknown,10,12149,,0
11141,2,1956-01-01,2771,5,B,2002-02-05,2,Unknown,10,10107,,0
11142,2,1990-11-26,0,0,C,2002-02-05,2,Unknown,21,10107,,0
11143,4,1971-06-20,1500,0,C,2002-02-05,2,Unknown,10,17807,,0
11144,2,1962-08-12,0,2,M,2002-02-05,2,Unknown,10,10307,,0
11145,2,1954-12-26,0,0,A,2002-02-06,0,Unknown,25,0,,0
11146,2,1972-09-29,1557,0,A,2002-02-07,0,Unknown,21,0,,0
11147,3,1951-09-18,0,0,A,2002-02-07,0,Unknown,21,0,,0
11148,3,1960-05-15,0,0,A,2002-02-07,0,Unknown,23,0,,0
11149,3,1972-01-30,0,1,M,2002-02-07,0,Unknown,10,10907,,0
11150,4,1978-05-08,2832,1,U,2002-02-07,2,Unknown,10,18319,,0
11151,2,1975-05-23,1796,0,U,2002-02-07,2,Unknown,10,10207,,0
11152,2,1961-06-03,0,0,D,2002-02-07,2,Unknown,10,12607,,0
11153,2,1919-12-21,0,0,M,2002-02-07,2,Unknown,10,10107,,0
11154,3,1955-02-16,4081,0,G,2002-02-11,2,Unknown,10,13907,,0
11155,2,1989-11-07,0,0,C,2002-02-11,2,Unknown,21,10107,,0
11156,3,1964-12-29,5398,4,G,2002-02-11,2,Unknown,10,12149,,0
11157,2,1949-09-17,2719,1,E,2002-02-11,2,Unknown,10,18319,,0
11158,3,1952-05-02,0,0,A,2002-02-11,0,Unknown,21,0,,0
11159,2,1958-02-18,0,0,A,2002-02-12,0,Unknown,21,0,,0
11160,2,1966-05-01,2083,1,M,2002-02-12,2,Unknown,10,13807,,0
11161,2,1950-01-01,0,13,M,2002-02-12,0,Unknown,10,10107,,0
11162,2,1956-01-21,0,0,A,2002-02-12,0,Unknown,21,0,,0
11163,2,1970-02-24,1272,1,G,2002-02-13,2,Unknown,10,10107,,0
11164,3,1968-02-23,0,0,M,2002-02-14,0,Unknown,10,16707,,0
11165,2,1949-10-19,0,0,M,2002-02-14,2,Unknown,10,12149,,0
11166,3,1951-07-25,0,0,A,2002-02-14,0,Unknown,21,0,,0
11167,2,2002-01-02,0,0,C,2002-02-15,2,Unknown,21,10107,,0
11168,3,1955-10-27,0,2,M,2002-02-15,2,Unknown,10,10107,,0
11169,2,1976-06-09,0,0,C,2002-02-15,2,Unknown,10,10907,,0
11170,2,1971-05-23,0,0,C,2002-02-15,2,Unknown,10,17807,,0
11171,3,1952-05-16,8380,0,D,2002-02-15,2,Unknown,10,18319,,0
11172,2,1974-08-19,0,1,C,2002-02-15,2,Unknown,10,10207,,0
11173,3,1958-02-13,2210,2,D,2002-02-18,2,Unknown,10,13507,,0
11174,4,1972-05-24,1034,1,C,2002-02-18,2,Unknown,10,17907,,0
11175,3,1960-01-24,0,2,M,2002-02-18,2,Unknown,10,13907,,0
11176,3,1959-12-19,0,0,A,2002-02-18,0,Unknown,25,0,,0
11177,2,1962-01-23,0,0,A,2002-02-20,0,Unknown,23,0,,0
11178,3,1951-05-19,1598,0,M,2002-02-20,2,Unknown,10,16707,,0
11179,2,1952-10-03,2500,2,G,2002-02-20,2,Unknown,10,12607,,0
11180,2,1974-04-13,2065,2,B,2002-02-20,2,Unknown,10,17807,,0
11181,2,1945-01-22,0,2,M,2002-02-20,2,Unknown,10,10107,,0
11182,2,1947-04-16,0,0,A,2002-02-21,0,Unknown,25,0,,0
11183,3,1945-05-16,0,0,M,2002-02-21,2,Unknown,10,16807,,0
11184,3,1962-03-16,1200,2,M,2002-02-21,2,Unknown,21,0,,0
11185,3,1977-06-28,0,0,C,2002-02-22,2,Unknown,10,17807,,0
11186,2,1936-06-24,1891,0,G,2002-02-22,0,Unknown,21,0,,0
11187,3,1948-03-23,0,1,A,2002-02-26,0,Unknown,21,0,,0
11188,2,1969-01-14,1700,0,G,2002-02-26,2,Unknown,10,13507,,0
11189,2,1961-09-27,0,0,U,2002-02-27,2,Unknown,10,17607,,0
11190,2,1974-06-27,2000,0,C,2002-02-27,2,Unknown,10,10307,,0
11191,2,1977-01-29,0,0,C,2002-02-27,2,Unknown,10,18319,,0
11192,2,1956-12-15,0,0,C,2002-02-27,2,Unknown,10,0,,0
11193,2,1973-01-15,2063,0,D,2002-02-28,2,Unknown,10,0,,0
11194,3,1958-09-11,3000,1,C,2002-02-28,2,Unknown,10,0,,0
11195,4,1977-11-25,0,0,C,2002-02-28,2,Unknown,10,15707,,0
11196,4,1964-10-12,0,0,C,2002-02-28,2,Unknown,10,13807,,0
11197,4,1979-02-28,0,0,C,2002-02-28,2,Unknown,10,10107,,0
11198,2,1950-12-08,0,0,A,2002-03-01,0,Unknown,25,0,,0
11199,2,1980-05-17,3430,1,U,2002-03-01,2,Unknown,10,10107,,0
11200,2,1950-04-13,0,0,M,2002-03-01,2,Unknown,10,12149,,0
11201,2,1942-03-08,1800,0,M,2002-03-01,2,Unknown,10,0,,0
11202,3,1938-07-13,0,0,A,2002-03-04,0,Unknown,21,0,,0
11203,3,1948-12-15,0,0,M,2002-03-04,0,Unknown,10,0,,0
11204,2,1966-03-02,0,0,M,2002-03-04,2,Unknown,10,13907,,0
11205,2,1935-10-11,0,0,M,2002-03-04,2,Unknown,10,10307,,0
11206,3,1976-09-07,1455,1,M,2002-03-05,0,Unknown,10,0,,0
11207,3,1961-01-10,2037,0,C,2002-03-05,2,Unknown,10,13507,,0
11208,2,1998-08-01,0,0,C,2002-03-05,2,Unknown,21,10107,,0
11209,2,1958-08-25,1813,0,A,2002-03-06,0,Unknown,21,0,,0
11210,2,1944-09-02,0,0,M,2002-03-06,2,Unknown,10,13507,,0
11211,2,1974-07-21,1508,0,C,2002-03-06,2,Unknown,10,11607,,0
11212,3,1949-10-02,0,0,M,2002-03-06,2,Unknown,10,10107,,0
11213,3,1944-04-07,0,0,A,2002-03-07,0,Unknown,21,0,,0
11214,2,1944-11-09,0,0,A,2002-03-07,0,Unknown,21,0,,0
11215,2,1974-12-07,0,0,C,2002-03-07,2,Unknown,10,10507,,0
11216,4,1957-04-15,0,0,C,2002-03-07,2,Unknown,10,10507,,0
11217,2,1954-12-21,1500,0,G,2002-03-08,0,Unknown,21,0,,0
11218,2,1967-07-14,0,0,A,2002-03-08,2,Unknown,10,12149,,0
11219,3,1966-08-04,0,0,M,2002-03-11,0,Unknown,10,0,,0
11220,4,1998-01-30,0,0,C,2002-03-11,2,Unknown,21,10107,,0
11221,2,1953-02-07,0,0,A,2002-03-11,0,Unknown,21,0,,0
11222,2,1933-08-21,0,0,M,2002-03-11,0,Unknown,10,0,,0
11223,2,1974-04-06,3146,1,M,2002-03-12,2,Unknown,10,0,,0
11224,3,1939-12-11,0,0,A,2002-03-12,0,Unknown,25,0,,0
11225,3,1965-04-20,0,0,A,2002-03-12,0,Unknown,23,0,,0
11226,2,1966-02-11,0,0,A,2002-03-12,0,Unknown,23,0,,0
11227,2,1972-04-02,1617,1,P,2002-03-12,2,Unknown,10,17807,,0
11228,2,1970-07-03,2467,0,E,2002-03-12,2,Unknown,10,10107,,0
11229,2,1952-12-14,0,1,M,2002-03-12,2,Unknown,10,10107,,0
11230,4,1984-08-17,0,0,C,2002-03-12,0,Unknown,21,10107,,0
11231,3,1935-04-27,3000,0,V,2002-03-13,0,Unknown,10,0,,0
11232,2,1952-02-16,0,0,A,2002-03-13,0,Unknown,21,0,,0
11233,2,1949-01-01,0,0,A,2002-03-14,0,Unknown,25,0,,0
11234,2,1957-06-05,0,0,A,2002-03-14,0,Unknown,25,0,,0
11235,2,1953-11-15,1622,1,G,2002-03-14,2,Unknown,10,13507,,0
11236,2,1976-04-09,0,0,C,2002-03-14,2,Unknown,10,16707,,0
11237,3,1976-06-01,0,0,M,2002-03-14,2,Unknown,10,10107,,0
11238,3,1953-08-24,2960,0,E,2002-03-14,2,Unknown,10,10107,,0
11239,2,1950-05-14,0,0,A,2002-03-15,0,Unknown,10,10107,,0
11240,2,1958-03-08,7437,3,A,2002-03-15,0,Unknown,21,0,,0
11241,2,1972-03-28,2500,0,U,2002-03-18,2,Unknown,10,15607,,0
11242,2,1978-03-20,2300,0,M,2002-03-18,0,Unknown,10,18319,,0
11243,3,1957-03-30,0,0,A,2002-03-18,0,Unknown,21,0,,0
11244,4,1976-05-23,0,0,C,2002-03-19,2,Unknown,10,10307,,0
11245,4,2002-02-03,0,0,C,2002-03-20,2,Unknown,21,10107,,0
11246,4,1976-07-22,0,0,C,2002-03-20,2,Unknown,10,10207,,0
11247,2,1959-04-23,0,0,M,2002-03-21,2,Unknown,10,14607,,0
11248,2,1958-10-02,0,0,A,2002-03-21,0,Unknown,25,0,,0
11249,2,1964-06-27,1340,3,E,2002-03-21,0,Unknown,21,0,,0
11250,4,1974-11-24,1126,0,C,2002-03-25,2,Unknown,10,13607,,0
11251,3,1965-03-02,0,0,A,2002-03-25,0,Unknown,25,0,,0
11252,4,1966-03-22,0,0,C,2002-03-26,0,Unknown,10,0,,0
11253,3,1952-05-22,0,4,M,2002-03-26,0,Unknown,21,0,,0
11254,2,1958-09-14,3183,0,A,2002-03-26,0,Unknown,21,0,,0
11255,2,1966-01-18,0,2,M,2002-03-26,2,Unknown,10,0,,0
11256,4,1976-08-20,0,0,C,2002-03-26,2,Unknown,10,17907,,0
11257,2,1978-06-03,1666,0,C,2002-03-26,2,Unknown,10,10107,,0
11258,3,1973-04-20,1500,2,B,2002-03-27,0,Unknown,21,0,,0
11259,2,1988-07-03,0,0,C,2002-03-27,2,Unknown,21,10107,,0
11260,3,1963-08-02,4262,3,D,2002-03-28,2,Unknown,10,0,,0
11261,2,1956-04-14,0,0,A,2002-03-28,0,Unknown,23,0,,0
11262,3,1967-02-27,0,0,A,2002-03-28,0,Unknown,25,0,,0
11263,3,1960-09-28,0,0,A,2002-03-28,0,Unknown,25,0,,0
11264,3,1943-03-14,0,0,A,2002-03-28,0,Unknown,25,0,,0
11265,2,1972-02-05,0,0,C,2002-03-28,2,Unknown,10,15607,,0
11266,2,1927-12-25,38413,0,M,2002-03-29,2,Unknown,10,15607,,0
11267,3,1972-11-29,3012,3,M,2002-03-29,2,Unknown,10,18319,,0
11268,2,1964-04-14,0,1,C,2002-04-02,2,Unknown,10,10107,,0
11269,3,1972-12-28,0,0,A,2002-04-02,2,Unknown,10,10107,,0
11270,2,1965-09-13,1500,1,P,2002-04-02,2,Unknown,10,10907,,0
11271,3,1964-04-20,0,0,M,2002-04-03,2,Unknown,10,11607,,0
11272,4,1989-11-07,0,0,C,2002-04-03,2,Unknown,21,10107,,0
11273,3,1962-09-10,0,0,A,2002-04-04,0,Unknown,21,0,,0
11274,2,1968-04-16,2102,2,M,2002-04-04,2,Unknown,10,17807,,0
11275,2,1970-10-02,0,0,M,2002-04-05,2,Unknown,10,15807,,0
11276,2,1972-09-27,1799,2,M,2002-04-08,2,Unknown,10,0,,0
11277,3,1959-05-24,0,0,A,2002-04-08,0,Unknown,21,0,,0
11278,4,1969-11-29,0,0,C,2002-04-08,0,Unknown,25,0,,0
11279,2,1970-10-27,0,0,M,2002-04-08,2,Unknown,10,16707,,0
11280,2,1950-07-12,0,0,A,2002-04-09,0,Unknown,10,0,,0
11281,2,1965-09-18,0,0,A,2002-04-09,0,Unknown,23,0,,0
11282,2,1953-01-17,0,0,A,2002-04-09,0,Unknown,25,0,,0
11283,2,1962-04-26,0,0,M,2002-04-09,2,Unknown,10,12149,,0
11284,2,1970-05-01,3300,1,M,2002-04-09,2,Unknown,10,15607,,0
11285,2,1969-01-03,1572,1,C,2002-04-09,0,Unknown,10,13607,,0
11286,2,1992-01-04,0,0,C,2002-04-09,2,Unknown,21,10107,,0
11287,2,1966-03-09,0,0,C,2002-04-09,2,Unknown,10,14707,,0
11288,2,1960-08-25,4500,4,A,2002-04-10,0,Unknown,21,0,,0
11289,3,1966-10-12,0,1,M,2002-04-10,2,Unknown,10,12607,,0
11290,2,1950-07-16,0,0,A,2002-04-10,2,Unknown,10,12149,,0
11291,3,1965-04-18,0,3,M,2002-04-11,0,Unknown,10,0,,0
11292,2,1965-05-12,1974,1,M,2002-04-11,2,Unknown,10,17907,,0
11293,2,1946-01-12,0,0,A,2002-04-12,0,Unknown,21,0,,0
11294,4,1963-02-09,0,0,C,2002-04-12,0,Unknown,25,0,,0
11295,4,1975-05-19,0,0,C,2002-04-12,0,Unknown,21,0,,0
11296,2,1968-09-14,0,2,A,2002-04-15,0,Unknown,10,0,,0
11297,3,1959-03-28,0,2,C,2002-04-15,2,Unknown,10,10107,,0
11298,2,1963-11-22,2597,1,A,2002-04-16,0,Unknown,21,0,,0
11299,3,1959-01-28,0,0,A,2002-04-16,0,Unknown,23,0,,0
11300,2,1969-01-19,0,0,C,2002-04-16,2,Unknown,10,15607,,0
11301,2,1968-12-28,1369,2,M,2002-04-17,2,Unknown,10,14707,,0
11302,2,1955-10-15,3044,3,M,2002-04-18,0,Unknown,10,0,,0
11303,3,1960-05-26,0,0,A,2002-04-18,0,Unknown,23,0,,0
11304,3,1953-05-03,0,0,A,2002-04-18,0,Unknown,21,0,,0
11305,2,1975-02-26,1459,1,U,2002-04-19,0,Unknown,10,13807,,0
11306,2,1977-12-15,0,2,M,2002-04-19,2,Unknown,10,12149,,0
11307,3,1953-01-24,0,0,A,2002-04-22,0,Unknown,21,0,,0
11308,2,1961-09-19,0,0,A,2002-04-22,2,Unknown,10,12149,,0
11309,2,1950-07-05,0,0,A,2002-04-23,0,Unknown,21,0,,0
11310,2,1973-03-25,1579,0,A,2002-04-24,0,Unknown,21,0,,0
11311,2,1950-07-31,0,0,A,2002-04-24,0,Unknown,23,0,,0
11312,2,1986-10-07,0,0,A,2002-04-24,0,Unknown,21,10107,,0
11313,2,1998-07-09,0,0,C,2002-04-24,2,Unknown,21,10107,,0
11314,2,1959-10-08,2555,3,G,2002-04-24,2,Unknown,10,0,,0
11315,3,1969-10-04,0,0,A,2002-04-25,0,Unknown,23,0,,0
11316,2,1958-09-14,0,0,A,2002-04-25,0,Unknown,23,0,,0
11317,2,1954-12-15,0,0,A,2002-04-25,0,Unknown,25,0,,0
11318,3,1957-12-15,0,0,A,2002-04-25,0,Unknown,21,0,,0
11319,2,1975-07-08,2900,1,B,2002-04-26,2,Unknown,10,13907,,0
11320,2,1967-07-24,0,2,U,2002-04-26,2,Unknown,10,10107,,0
11321,3,1951-11-25,0,0,A,2002-04-26,2,Unknown,10,12149,,0
11322,2,1974-02-04,1699,0,U,2002-04-29,2,Unknown,10,13607,,0
11323,3,1947-08-14,0,0,A,2002-04-30,0,Unknown,25,0,,0
11324,3,1965-05-06,0,3,M,2002-04-30,2,Unknown,10,0,,0
11325,3,1954-06-05,0,0,A,2002-05-02,0,Unknown,25,0,,0
11326,4,1978-02-16,0,0,C,2002-05-02,0,Unknown,25,0,,0
11327,3,1972-03-18,0,0,M,2002-05-02,2,Unknown,10,15607,,0
11328,2,1970-01-19,1877,1,M,2002-05-02,2,Unknown,10,15707,,0
11329,3,1955-06-14,2551,3,U,2002-05-02,0,Unknown,10,10107,,0
11330,2,1971-09-16,0,0,C,2002-05-02,2,Unknown,10,12149,,0
11331,1,,0,0,A,2002-05-02,4,Unknown,61,10107,,0
11332,1,,0,0,A,2002-05-02,4,Unknown,61,10107,,0
11333,1,,0,0,A,2002-05-02,4,Unknown,61,10107,,0
11334,4,1989-12-06,0,0,C,2002-05-02,2,Unknown,21,10107,,0
11335,2,1974-10-29,0,1,M,2002-05-03,2,Unknown,10,0,,0
11336,3,1935-11-16,725,0,A,2002-05-03,0,Unknown,23,0,,0
11337,2,1949-04-16,0,0,A,2002-05-03,0,Unknown,25,0,,0
11338,3,1955-08-23,0,0,M,2002-05-03,0,Unknown,10,0,,0
11339,1,,0,0,A,2002-05-06,4,Unknown,61,10107,,0
11340,1,,0,0,A,2002-05-06,0,Unknown,61,10107,,0
11341,2,1958-01-14,2958,2,M,2002-05-07,2,Unknown,10,0,,0
11342,2,1931-06-04,0,0,A,2002-05-07,0,Unknown,25,0,,0
11343,2,1934-01-01,0,0,A,2002-05-07,0,Unknown,25,0,,0
11344,2,1977-10-18,1394,0,C,2002-05-07,2,Unknown,10,17907,,0
11345,4,1973-12-03,0,1,C,2002-05-07,2,Unknown,10,10307,,0
11346,2,1976-03-27,1700,1,C,2002-05-10,2,Unknown,10,10107,,0
11347,4,1972-08-09,0,0,C,2002-05-10,2,Unknown,10,16807,,0
11348,2,1968-02-19,0,0,M,2002-05-10,2,DC,10,16807,,0
11349,3,1945-04-02,0,0,A,2002-05-10,0,Unknown,21,0,,0
11350,2,1974-09-01,0,0,U,2002-05-10,0,Unknown,10,0,,0
11351,4,1967-08-16,0,1,C,2002-05-13,0,Unknown,21,0,,0
11352,2,1974-02-17,1600,1,F,2002-05-13,2,Unknown,10,10807,,0
11353,2,1964-03-23,0,0,U,2002-05-13,2,Unknown,10,15607,,0
11354,3,1964-11-07,0,3,M,2002-05-14,2,Unknown,10,10107,,0
11355,3,1968-05-15,1607,0,M,2002-05-14,2,Unknown,10,10107,,0
11356,2,1958-04-10,2116,0,D,2002-05-14,2,Unknown,10,18319,,0
11357,3,1953-10-12,3938,0,V,2002-05-14,2,Unknown,10,18319,,0
11358,1,,0,0,A,2002-05-15,4,Unknown,61,10107,,0
11359,1,,0,0,A,2002-05-15,4,Unknown,61,10107,,0
11360,3,1959-08-14,1466,2,A,2002-05-16,0,Unknown,21,0,,0
11361,2,1947-02-12,0,0,A,2002-05-16,0,Unknown,25,0,,0
11362,2,1972-02-03,1936,1,P,2002-05-16,2,Unknown,10,10107,,0
11363,2,1939-06-16,4248,3,G,2002-05-17,0,Unknown,21,0,,0
11364,3,1968-05-03,0,0,A,2002-05-17,0,Unknown,25,0,,0
11365,4,1961-10-28,2737,3,C,2002-05-17,2,Unknown,10,10107,,0
11366,2,1960-03-30,0,0,A,2002-05-21,0,Unknown,21,0,,0
11367,2,1943-07-16,0,0,A,2002-05-21,0,Unknown,21,0,,0
11368,3,1940-12-18,0,0,A,2002-05-21,0,Unknown,25,0,,0
11369,3,1949-12-05,2601,0,M,2002-05-21,0,Unknown,25,0,,0
11370,1,,0,0,A,2002-05-21,4,Unknown,61,10107,,0
11371,3,1949-07-07,0,0,A,2002-05-22,0,Unknown,21,0,,0
11372,2,1951-01-22,0,0,M,2002-05-22,2,Unknown,10,17907,,0
11373,3,1951-08-30,0,0,A,2002-05-23,0,Unknown,21,0,,0
11374,4,1935-08-17,0,0,C,2002-05-24,0,Unknown,25,0,,0
11375,3,1977-12-06,0,0,M,2002-05-24,2,Unknown,10,10107,,0
11376,3,1970-10-29,2000,2,B,2002-05-27,0,Unknown,21,0,,0
11377,4,1977-02-02,0,0,C,2002-05-27,2,Unknown,10,17807,,0
11378,3,1948-05-01,1885,0,A,2002-05-27,0,Unknown,21,0,,0
11379,3,1956-03-12,0,0,A,2002-05-27,0,Unknown,25,0,,0
11380,2,1975-04-01,0,0,C,2002-05-28,2,Unknown,10,17807,,0
11381,2,1963-01-14,0,0,A,2002-05-28,0,Unknown,21,0,,0
11382,2,1946-12-05,2458,2,A,2002-05-29,0,Unknown,21,0,,0
11383,2,1958-03-16,0,0,A,2002-05-29,0,Unknown,21,0,,0
11384,2,1975-10-25,1474,2,M,2002-05-29,2,Unknown,10,16707,,0
11385,2,1957-01-01,0,0,M,2002-05-29,0,Unknown,10,0,,0
11386,3,1980-07-26,0,3,C,2002-05-29,2,Unknown,10,0,,0
11387,3,1968-02-26,0,0,A,2002-05-30,0,Unknown,23,0,,0
11388,2,1999-12-12,0,0,C,2002-05-30,2,Unknown,21,10107,,0
11389,2,1972-10-07,0,0,A,2002-05-30,0,Unknown,21,0,,0
11390,1,,0,0,A,2002-05-31,4,Unknown,61,10107,,0
11391,3,1977-04-21,1530,0,M,2002-05-31,2,Unknown,10,11607,,0
11392,2,1965-08-30,0,0,A,2002-05-31,0,Unknown,10,18319,,0
11393,3,1963-07-22,0,1,U,2002-05-31,2,Unknown,10,10207,,0
11394,3,1961-05-18,1794,3,M,2002-06-03,0,Unknown,21,0,,0
11395,2,1930-08-23,0,0,A,2002-06-03,0,Unknown,25,0,,0
11396,3,1963-03-18,0,0,M,2002-06-03,2,Unknown,10,13507,,0
11397,3,1959-11-05,1601,0,U,2002-06-04,2,Unknown,10,10307,,0
11398,4,1965-11-21,2000,1,C,2002-06-05,0,Unknown,10,0,,0
11399,3,1951-11-28,0,0,A,2002-06-05,0,Unknown,25,0,,0
11400,4,2000-06-18,0,0,C,2002-06-05,2,Unknown,21,10107,,0
11401,2,1948-05-10,0,0,A,2002-06-06,0,Unknown,21,0,,0
11402,3,1973-03-06,0,0,M,2002-06-06,2,Unknown,10,13907,,0
11403,2,1965-02-09,2200,2,M,2002-06-07,2,Unknown,10,13507,,0
11404,4,1968-02-27,1803,0,C,2002-06-07,2,Unknown,10,10207,,0
11405,3,1948-11-14,0,0,A,2002-06-07,0,Unknown,25,0,,0
11406,2,1961-06-04,3821,1,M,2002-06-07,0,Unknown,21,0,,0
11407,4,1975-08-09,0,0,C,2002-06-10,2,Unknown,10,11907,,0
11408,2,1953-01-18,0,0,A,2002-06-10,0,Unknown,23,0,,0
11409,2,1975-05-09,0,0,M,2002-06-10,2,Unknown,10,0,,0
11410,3,1971-11-03,2080,1,M,2002-06-12,2,Unknown,10,0,,0
11411,3,1955-07-05,0,0,A,2002-06-12,0,Unknown,21,0,,0
11412,3,1964-05-11,1161,4,M,2002-06-12,0,Unknown,21,0,,0
11413,2,1950-05-01,0,0,A,2002-06-13,0,Unknown,21,0,,0
11414,4,1957-07-28,0,0,C,2002-06-13,0,Unknown,25,0,,0
11415,2,1974-10-11,1681,2,B,2002-06-13,2,Unknown,10,16807,,0
11416,3,1949-05-08,0,0,A,2002-06-13,0,Unknown,10,18319,,0
11417,3,1965-07-04,0,0,A,2002-06-13,0,Unknown,21,0,,0
11418,2,1949-02-24,0,0,A,2002-06-14,0,Unknown,21,0,,0
11419,2,1958-03-03,1921,0,A,2002-06-18,0,Unknown,21,0,,0
11420,2,1984-09-20,0,0,C,2002-06-18,2,Unknown,21,0,,0
11421,4,1975-05-10,1540,0,C,2002-06-18,2,Unknown,10,13507,,0
11422,3,1939-12-05,1901,0,M,2002-06-19,0,Unknown,10,0,,0
11423,2,1958-07-27,0,0,A,2002-06-19,0,Unknown,23,0,,0
11424,2,1940-10-23,0,0,S,2002-06-19,2,Unknown,10,16707,,0
11425,2,1973-08-08,2044,0,C,2002-06-19,2,Unknown,10,14707,,0
11426,2,1947-08-30,0,0,A,2002-06-20,0,Unknown,25,0,,0
11427,3,1960-04-10,0,0,A,2002-06-20,0,Unknown,25,0,,0
11428,4,1968-11-10,0,1,C,2002-06-20,0,Unknown,10,10107,,0
11429,3,1976-01-14,1441,1,M,2002-06-21,2,Unknown,10,14607,,0
11430,3,1959-07-05,0,0,M,2002-06-21,2,Unknown,10,15707,,0
11431,4,1970-01-15,1817,0,C,2002-06-21,2,Unknown,10,13807,,0
11432,4,1969-10-05,0,0,C,2002-06-21,0,Unknown,23,0,,0
11433,2,1954-03-15,0,0,A,2002-06-24,0,Unknown,21,0,,0
11434,3,1953-07-19,0,0,A,2002-06-24,0,Unknown,25,0,,0
11435,2,1960-03-29,0,0,S,2002-06-24,2,Unknown,10,10107,,0
11436,2,1974-11-18,0,1,M,2002-06-24,2,Unknown,10,17807,,0
11437,4,1974-06-11,1286,0,U,2002-06-24,2,Unknown,10,16807,,0
11438,3,1964-04-30,0,0,A,2002-06-24,2,Unknown,10,18319,,0
11439,2,1946-04-27,0,0,A,2002-06-25,0,Unknown,25,0,,0
11440,2,1925-09-03,0,0,A,1982-12-24,0,Unknown,10,11307,,0
11441,2,1956-08-31,0,0,C,1982-12-27,0,DC,21,16707,,0
11442,3,1954-08-07,0,0,A,1982-12-30,0,Unknown,10,11307,,0
11443,3,1950-09-21,0,0,A,1983-01-12,0,Unknown,10,0,,0
11444,4,1926-10-04,0,0,C,1983-01-13,0,Unknown,10,0,,0
11445,2,1961-08-10,1800,3,M,1983-01-19,2,Unknown,10,10207,,0
11446,2,1931-11-27,0,0,M,1983-01-25,0,Unknown,10,10107,,0
11447,2,1932-11-13,0,0,A,1983-02-01,0,Unknown,10,0,,0
11448,3,1934-05-31,2216,0,M,1983-02-01,0,Unknown,10,0,,0
11449,2,1952-05-27,0,0,A,1983-02-01,0,Unknown,21,0,,0
11450,3,1938-04-24,0,0,A,1983-02-02,0,Unknown,10,0,,0
11451,2,1954-01-16,0,0,A,1983-02-02,0,Unknown,10,18507,,0
11452,3,1951-01-13,0,0,A,1983-02-10,0,Unknown,25,0,,0
11453,3,1949-09-04,0,0,M,1983-02-10,2,Unknown,10,10207,,0
11454,3,1921-04-09,0,0,A,1983-02-14,0,Unknown,10,0,,0
11455,2,1949-03-01,0,0,A,1983-02-15,0,DV,10,0,1995-02-15,1
11456,2,1946-06-06,0,0,A,1983-02-22,0,DV,21,0,1997-05-26,1
11457,3,1942-05-05,0,0,A,1983-02-25,0,Unknown,10,0,,0
11458,3,1955-01-29,0,0,M,1983-03-10,2,Unknown,10,0,,0
11459,3,1941-11-21,0,0,A,1983-03-18,0,Unknown,10,0,,0
11460,2,1957-03-24,0,0,A,1983-03-23,0,Unknown,10,11307,,0
11461,2,1953-08-26,2195,1,U,1983-03-23,2,Unknown,10,10207,,0
11462,2,1945-08-06,0,0,A,1983-03-24,0,Unknown,10,0,,0
11463,3,1945-12-23,0,0,A,1983-03-24,0,Unknown,10,11307,,0
11464,3,1931-03-13,0,0,A,1983-03-29,0,Unknown,10,0,,0
11465,2,1951-11-15,0,0,M,1983-03-29,2,Unknown,10,11907,,0
11466,2,1950-06-30,0,0,A,1983-03-30,0,Unknown,10,0,,0
11467,3,1930-07-14,0,0,A,1983-03-31,0,Unknown,10,11307,,0
11468,4,1945-09-02,0,0,C,1983-04-08,0,Unknown,10,0,,0
11469,2,1948-10-15,0,0,A,1983-04-12,0,Unknown,10,0,,0
11470,3,1954-06-30,0,0,A,1983-04-12,0,Unknown,10,0,,0
11471,3,1942-03-13,3399,0,V,1983-04-13,2,Unknown,10,10107,,0
11472,2,1957-07-15,0,0,A,1983-04-15,0,Unknown,10,0,,0
11473,2,1949-05-11,2244,1,U,1983-04-27,2,Unknown,10,15707,,0
11474,3,1958-08-11,0,2,M,1983-04-27,2,Unknown,10,13507,,0
11475,3,1951-06-25,0,0,A,1983-04-28,0,Unknown,10,0,,0
11476,3,1958-07-19,0,0,M,1983-05-17,2,Unknown,10,12607,,0
11477,2,1954-12-16,0,0,A,1983-05-18,0,DA,21,11307,1996-06-28,1
11478,3,1945-12-15,0,0,A,1983-05-18,0,Unknown,10,0,,0
11479,2,1947-07-05,0,0,A,1983-05-19,0,Unknown,10,0,,0
11480,3,1954-07-19,0,0,A,1983-05-19,0,Unknown,10,11307,,0
11481,2,1961-08-27,2965,2,M,1983-05-25,0,Unknown,10,0,,0
11482,4,1941-07-13,0,0,C,1983-05-26,0,Unknown,10,0,,0
11483,4,1923-07-21,0,0,C,1983-05-30,0,Unknown,10,0,,0
11484,3,1939-10-03,0,0,M,1983-06-02,2,Unknown,10,10207,,0
11485,3,1936-05-26,0,0,A,1983-06-03,0,DC,10,0,,0
11486,2,1946-07-29,0,1,M,1983-06-03,2,Unknown,10,15807,,0
11487,2,1935-12-29,0,0,A,1983-06-06,0,Unknown,10,0,,0
11488,2,1958-12-03,0,0,A,1983-06-09,0,Unknown,10,0,,0
11489,2,1953-03-04,0,0,A,1983-06-09,0,Unknown,10,0,,0
11490,3,1955-08-15,0,0,A,1983-06-20,0,Unknown,10,11307,,0
11491,2,1950-08-02,0,0,D,1983-06-24,2,Unknown,10,13807,,0
11492,3,1948-09-11,0,0,A,1983-07-05,0,Unknown,10,0,,0
11493,2,1960-12-29,1700,0,U,1983-07-05,2,Unknown,10,10607,,0
11494,3,1944-12-25,1986,0,M,1983-07-07,0,Unknown,10,0,,0
11495,2,1928-08-30,0,0,A,1983-07-11,0,Unknown,10,0,,0
11496,2,1956-04-18,0,0,A,1983-07-20,0,Unknown,10,0,,0
11497,2,1954-07-24,0,0,A,1983-08-01,0,Unknown,10,0,,0
11498,3,1947-05-25,0,1,M,1983-08-02,2,Unknown,10,12807,,0
11499,2,1932-09-01,0,0,A,1983-08-12,0,Unknown,10,0,,0
11500,2,1952-12-30,3072,2,G,1983-08-16,2,Unknown,10,16707,,0
11501,2,1955-10-28,0,0,A,1983-08-19,0,Unknown,10,10907,,0
11502,4,1958-05-28,0,0,C,1983-08-23,2,Unknown,10,0,,0
11503,2,1956-01-14,0,1,U,1983-08-26,2,Unknown,10,0,,0
11504,2,1948-10-31,0,0,M,1983-08-29,2,Unknown,10,12807,,0
11505,3,1955-03-19,0,2,M,1983-09-14,2,Unknown,10,10807,,0
11506,2,1955-07-23,0,0,C,1983-09-15,2,Unknown,10,10107,,0
11507,2,1940-03-13,0,0,A,1983-09-15,0,Unknown,10,0,,0
11508,3,1934-05-16,0,0,A,1983-09-19,0,Unknown,10,0,,0
11509,2,1950-04-01,2200,1,M,1983-09-21,2,Unknown,10,13807,,0
11510,2,1953-06-28,0,1,M,1983-10-05,2,Unknown,10,10807,,0
11511,3,1935-03-02,0,0,A,1983-10-06,0,Unknown,10,0,,0
11512,2,1931-10-17,0,0,A,1983-10-10,0,Unknown,10,17907,,0
11513,2,1950-05-07,1829,1,M,1983-10-11,2,Unknown,10,10907,,0
11514,3,1960-09-01,0,0,A,1983-10-12,0,Unknown,10,0,,0
11515,3,1955-09-05,0,0,A,1983-10-26,0,Unknown,10,0,,0
11516,3,1954-02-15,0,0,M,1983-10-26,2,Unknown,10,17907,,0
11517,2,1943-11-28,0,0,A,1983-11-03,0,DV,21,0,2002-06-06,1
11518,4,1920-09-20,0,0,C,1983-11-04,0,Unknown,10,0,,0
11519,2,1930-01-05,0,0,A,1983-11-08,0,Unknown,10,0,,0
11520,3,1957-03-16,2010,2,E,1983-11-09,2,Unknown,10,0,,0
11521,3,1951-09-06,0,0,A,1983-11-21,0,DC,21,0,,0
11522,3,1932-02-19,0,0,M,1983-11-23,2,Unknown,10,10107,,0
11523,3,1951-10-22,4198,0,V,1983-11-23,0,Unknown,10,0,,0
11524,3,1949-10-24,0,0,D,1983-11-28,2,Unknown,10,18707,,0
11525,3,1948-04-06,0,0,A,1983-11-30,0,Unknown,10,0,,0
11526,2,1933-10-21,0,0,A,1983-12-01,0,Unknown,10,0,,0
11527,2,1942-02-03,0,0,M,1983-12-20,2,Unknown,10,0,,0
11528,2,1945-07-19,0,0,A,1983-12-27,0,Unknown,25,11307,,0
11529,3,1942-06-30,0,0,A,1983-12-29,0,Unknown,10,0,,0
11530,2,1957-11-15,0,0,A,1984-01-06,2,RA,10,10107,1994-02-23,1
11531,2,1930-10-28,0,0,A,1984-01-12,0,Unknown,10,0,,0
11532,3,1951-02-12,0,0,A,1984-01-16,0,Unknown,10,0,,0
11533,3,1949-10-26,0,0,A,1984-01-16,0,Unknown,10,0,,0
11534,4,1950-01-24,0,0,C,1984-01-23,0,Unknown,10,0,,0
11535,4,1976-07-19,1434,0,C,2002-06-26,2,Unknown,10,10307,,0
11536,3,1978-07-25,1321,0,U,2002-06-26,2,Unknown,10,18507,,0
11537,4,1976-05-10,1792,0,P,2002-06-27,2,Unknown,10,13807,,0
11538,4,1969-03-04,0,0,C,2002-06-27,2,Unknown,10,10107,,0
11539,3,1942-07-15,0,0,A,2002-06-27,0,Unknown,10,10907,,0
11540,3,1948-06-22,3005,0,V,2002-06-27,2,Unknown,10,10207,,0
11541,2,1954-01-03,0,0,A,2002-06-28,0,Unknown,25,0,,0
11542,2,1986-11-02,0,0,C,2002-06-28,2,Unknown,21,10107,,0
11543,2,1946-08-15,5239,0,M,2002-07-01,0,Unknown,25,0,,0
11544,2,1957-02-24,0,0,A,2002-07-01,0,Unknown,21,0,,0
11545,3,1938-03-25,0,0,A,2002-07-01,0,Unknown,21,0,,0
11546,2,1959-05-19,2846,3,V,2002-07-01,2,Unknown,10,16707,,0
11547,2,1973-02-01,3088,0,A,2002-07-01,0,Unknown,21,0,,0
11548,4,1961-08-04,0,0,U,2002-07-02,0,Unknown,10,0,,0
11549,4,1969-04-24,0,0,U,2002-07-02,2,Unknown,10,12149,,0
11550,3,1946-04-29,0,0,A,2002-07-02,0,Unknown,25,0,,0
11551,2,1955-07-30,0,0,A,2002-07-02,0,Unknown,25,0,,0
11552,3,1964-07-25,0,0,A,2002-07-03,0,Unknown,25,0,,0
11553,3,1950-02-09,0,0,M,2002-07-03,2,Unknown,10,13607,,0
11554,3,1972-01-19,1007,1,M,2002-07-03,2,Unknown,10,10107,,0
11555,3,1960-03-29,0,0,A,2002-07-04,0,Unknown,21,0,,0
11556,4,1977-02-03,351,1,P,2002-07-04,0,Unknown,10,17907,,0
11557,2,1975-06-14,0,2,M,2002-07-04,2,Unknown,10,10307,,0
11558,2,1979-04-09,2541,0,C,2002-07-05,2,Unknown,10,10107,,0
11559,4,1993-05-16,0,0,C,2002-07-05,2,Unknown,21,10107,,0
11560,4,1973-09-18,2265,1,C,2002-07-05,2,Unknown,10,10107,,0
11561,3,1959-04-04,0,0,A,2002-07-08,0,Unknown,23,0,,0
11562,2,1975-08-23,1853,0,C,2002-07-08,2,Unknown,10,10107,,0
11563,2,1978-12-08,1735,0,G,2002-07-08,2,Unknown,10,12607,,0
11564,3,1959-05-12,0,0,A,2002-07-09,0,Unknown,21,0,,0
11565,2,1956-09-03,0,0,A,2002-07-09,0,Unknown,21,0,,0
11566,2,1939-07-08,2405,0,A,2002-07-09,0,Unknown,25,0,,0
11567,2,1965-06-03,0,0,C,2002-07-09,2,Unknown,10,10107,,0
11568,3,1949-06-07,0,0,M,2002-07-09,2,Unknown,10,10307,,0
11569,4,1976-11-08,0,0,C,2002-07-09,2,Unknown,10,10307,,0
11570,4,1971-08-27,2100,1,C,2002-07-09,2,Unknown,10,10307,,0
11571,2,1953-02-06,0,0,C,2002-07-09,2,Unknown,10,10207,,0
11572,2,1970-08-10,0,0,A,2002-07-10,0,Unknown,21,0,,0
11573,3,1977-08-28,1470,0,M,2002-07-10,2,Unknown,10,10107,,0
11574,2,1966-11-01,0,0,C,2002-07-10,2,Unknown,10,13907,,0
11575,2,1959-07-14,0,0,A,2002-07-11,0,Unknown,21,0,,0
11576,2,1967-05-05,0,0,A,2002-07-11,0,Unknown,21,0,,0
11577,3,1960-02-23,0,0,A,2002-07-12,0,Unknown,21,0,,0
11578,4,1987-04-08,0,0,C,2002-07-12,2,Unknown,21,10107,,0
11579,3,1954-07-09,0,0,M,2002-07-12,0,Unknown,10,15807,,0
11580,2,1968-01-30,2260,3,G,2002-07-12,2,Unknown,10,10207,,0
11581,3,1944-07-27,0,0,A,2002-07-15,0,Unknown,21,0,,0
11582,2,1955-06-14,0,0,A,2002-07-15,0,Unknown,10,15807,,0
11583,3,1964-10-17,0,0,M,2002-07-15,2,Unknown,10,16807,,0
11584,4,1978-09-23,0,0,C,2002-07-16,2,Unknown,10,15607,,0
11585,4,1979-05-14,0,0,C,2002-07-16,2,Unknown,10,17907,,0
11586,3,1943-12-11,0,0,D,2002-07-16,2,Unknown,10,10907,,0
11587,2,1973-12-05,2653,1,M,2002-07-17,2,Unknown,10,10107,,0
11588,2,1974-07-13,1000,1,U,2002-07-17,2,Unknown,10,10807,,0
11589,2,1956-07-30,0,0,M,2002-07-17,2,Unknown,10,12149,,0
11590,2,1968-09-09,2386,2,A,2002-07-18,0,Unknown,21,0,,0
11591,3,1955-10-11,0,0,A,2002-07-18,0,Unknown,21,0,,0
11592,2,1953-04-20,0,1,M,2002-07-18,2,Unknown,10,10107,,0
11593,2,1965-09-06,0,0,A,2002-07-18,2,Unknown,10,18319,,0
11594,2,1976-01-23,0,0,A,2002-07-18,0,Unknown,21,0,,0
11595,4,1978-03-20,0,0,C,2002-07-19,0,Unknown,10,13507,,0
11596,2,1976-01-03,3600,2,M,2002-07-19,2,Unknown,10,10107,,0
11597,2,1978-07-22,0,0,A,2002-07-22,0,Unknown,25,0,,0
11598,2,1953-10-10,0,0,A,2002-07-22,0,Unknown,21,0,,0
11599,2,1970-12-26,2369,1,M,2002-07-22,0,Unknown,10,16607,,0
11600,4,1976-01-08,1700,0,P,2002-07-23,2,Unknown,10,17907,,0
11601,2,1963-09-01,0,2,M,2002-07-23,2,Unknown,10,10107,,0
11602,3,1978-05-14,0,0,C,2002-07-24,2,Unknown,10,10107,,0
11603,2,1969-02-15,1928,3,M,2002-07-24,2,Unknown,10,16707,,0
11604,4,1973-12-07,0,2,C,2002-07-24,0,Unknown,21,0,,0
11605,2,1968-08-09,0,4,A,2002-07-24,0,Unknown,21,0,,0
11606,3,1951-05-06,2300,0,M,2002-07-25,2,Unknown,10,10107,,0
11607,2,1998-06-16,0,0,A,2002-07-25,0,Unknown,21,10107,,0
11608,2,1960-08-25,0,0,U,2002-07-25,2,Unknown,10,13607,,0
11609,2,1968-09-22,1600,1,M,2002-07-25,2,Unknown,10,12607,,0
11610,2,1957-08-03,0,0,A,2002-07-25,0,Unknown,21,0,,0
11611,2,1936-04-14,0,0,A,2002-07-25,0,Unknown,21,0,,0
11612,4,1974-03-17,0,0,C,2002-07-26,2,Unknown,10,18707,,0
11613,4,1978-04-03,3390,0,C,2002-07-29,2,Unknown,10,18319,,0
11614,2,1983-06-23,0,0,C,2002-07-30,2,Unknown,21,0,,0
11615,2,1942-02-21,0,0,A,2002-07-30,0,Unknown,25,0,,0
11616,3,1977-08-01,1320,0,U,2002-08-01,2,Unknown,10,17907,,0
11617,4,1972-11-06,0,1,C,2002-08-01,2,Unknown,10,10107,,0
11618,3,1960-08-13,0,3,D,2002-08-01,2,Unknown,10,10107,,0
11619,2,1975-11-20,0,0,A,2002-08-01,0,Unknown,10,10107,,0
11620,2,1942-12-27,4480,2,B,2002-08-02,2,Unknown,10,13907,,0
11621,3,1969-10-07,1128,1,G,2002-08-02,2,Unknown,10,16707,,0
11622,1,,0,0,A,2002-08-02,4,Unknown,61,10107,,0
11623,3,1971-03-17,2212,1,M,2002-08-02,2,Unknown,10,16807,,0
11624,2,1962-03-29,0,0,D,2002-08-05,0,Unknown,10,10207,,0
11625,2,1957-12-01,0,1,C,2002-08-05,0,Unknown,10,0,,0
11626,2,1960-02-01,0,0,A,2002-08-06,2,Unknown,10,11907,,0
11627,2,1951-06-26,1883,0,A,2002-08-07,0,Unknown,25,0,,0
11628,1,,0,0,A,2002-08-07,4,Unknown,61,10107,,0
11629,2,1971-03-13,1275,0,C,2002-08-07,2,Unknown,10,10107,,0
11630,4,2002-04-23,0,0,C,2002-08-08,2,Unknown,21,10107,,0
11631,4,1973-05-17,1753,0,P,2002-08-08,2,Unknown,10,15807,,0
11632,4,1958-04-22,0,1,C,2002-08-08,2,Unknown,10,10307,,0
11633,4,1974-10-15,0,0,C,2002-08-13,0,Unknown,21,0,,0
11634,3,1948-05-15,0,0,A,2002-08-13,0,Unknown,25,0,,0
11635,3,1972-02-25,2039,3,B,2002-08-13,2,Unknown,10,16707,,0
11636,3,1977-04-29,1920,2,G,2002-08-13,2,Unknown,10,10307,,0
11637,2,1952-09-05,2189,0,M,2002-08-13,2,DC,10,18319,,0
11638,3,1969-01-17,2377,2,D,2002-08-19,2,Unknown,10,10107,,0
11639,2,1966-03-26,4776,3,M,2002-08-19,2,Unknown,10,12149,,0
11640,2,1967-07-15,0,0,M,2002-08-19,2,Unknown,10,16807,,0
11641,3,1948-05-14,0,0,A,2002-08-20,0,Unknown,25,0,,0
11642,3,1955-08-16,0,0,D,2002-08-20,2,Unknown,10,17807,,0
11643,3,1971-11-02,1250,2,M,2002-08-21,0,Unknown,21,0,,0
11644,3,1961-10-06,0,0,M,2002-08-21,2,Unknown,10,17807,,0
11645,3,1957-04-14,0,0,M,2002-08-22,2,Unknown,10,13507,,0
11646,3,1945-07-06,0,0,M,2002-08-22,2,Unknown,10,10907,,0
11647,3,1947-12-12,0,1,M,2002-08-22,2,Unknown,10,10207,,0
11648,3,1952-05-31,0,0,A,2002-08-23,0,Unknown,21,0,,0
11649,2,1973-06-05,0,0,M,2002-08-23,2,Unknown,10,13507,,0
11650,2,1985-03-05,0,0,C,2002-08-23,2,Unknown,21,10107,,0
11651,3,1972-04-05,2194,1,M,2002-08-23,2,Unknown,10,10107,,0
11652,2,1967-01-07,1482,0,F,2002-08-23,2,Unknown,10,10107,,0
11653,4,1948-01-21,795,0,C,2002-08-23,2,Unknown,10,10107,,0
11654,3,1971-08-14,1985,2,M,2002-08-26,2,Unknown,10,17907,,0
11655,2,1942-11-04,0,0,A,2002-08-26,2,Unknown,10,18319,,0
11656,2,1979-03-19,1272,0,C,2002-08-27,2,Unknown,10,13907,,0
11657,4,1976-11-23,2113,0,C,2002-08-27,2,Unknown,10,10107,,0
11658,4,1976-11-06,1450,0,C,2002-08-27,2,Unknown,10,17807,,0
11659,3,1942-03-11,0,0,D,2002-08-28,2,Unknown,10,0,,0
11660,4,1982-01-05,1744,0,C,2002-08-28,2,Unknown,10,15707,,0
11661,4,1979-12-08,1500,0,C,2002-08-28,2,Unknown,10,13907,,0
11662,4,1977-05-13,1300,0,P,2002-08-28,2,Unknown,10,10107,,0
11663,2,1973-10-04,2865,2,C,2002-08-28,2,Unknown,10,18319,,0
11664,2,1951-09-29,0,0,A,2002-08-29,0,Unknown,25,0,,0
11665,4,1977-06-29,1465,0,U,2002-08-30,2,Unknown,10,10107,,0
11666,4,1980-03-01,1538,0,P,2002-08-30,2,Unknown,10,10907,,0
11667,4,1976-12-28,1418,0,C,2002-09-02,2,Unknown,10,10107,,0
11668,2,1973-06-30,2422,2,G,2002-09-02,2,Unknown,10,10107,,0
11669,4,1975-06-20,0,0,M,2002-09-02,2,Unknown,10,12149,,0
11670,4,1965-09-24,0,0,C,2002-09-02,2,Unknown,10,18507,,0
11671,2,1974-10-21,1789,2,U,2002-09-02,0,Unknown,21,0,,0
11672,2,1977-04-25,2200,0,P,2002-09-03,2,Unknown,10,10807,,0
11673,2,1951-07-16,1893,3,U,2002-09-03,2,Unknown,10,14607,,0
11674,3,1972-07-31,0,0,M,2002-09-03,2,Unknown,10,17607,,0
11675,2,1976-06-01,1453,0,U,2002-09-03,2,Unknown,10,10307,,0
11676,2,1964-01-01,0,5,M,2002-09-04,0,Unknown,10,10107,,0
11677,2,1976-03-26,0,0,U,2002-09-04,2,Unknown,10,10907,,0
11678,2,1939-07-18,3302,0,M,2002-09-04,2,Unknown,10,12149,,0
11679,3,1960-04-13,0,2,M,2002-09-05,2,Unknown,10,10107,,0
11680,2,1965-05-20,0,0,M,2002-09-05,2,Unknown,10,16807,,0
11681,3,1974-02-10,0,0,A,2002-09-05,2,Unknown,10,12149,,0
11682,4,1970-03-18,1154,0,C,2002-09-06,0,Unknown,21,0,,0
11683,3,1938-10-13,0,0,A,2002-09-06,0,Unknown,21,0,,0
11684,2,1966-05-06,0,0,A,2002-09-06,0,Unknown,25,0,,0
11685,3,1951-06-29,0,0,A,2002-09-06,0,Unknown,21,0,,0
11686,2,1978-08-29,1450,0,C,2002-09-06,2,Unknown,10,15707,,0
11687,2,1977-02-14,0,0,C,2002-09-06,2,Unknown,10,10107,,0
11688,3,1939-09-29,0,0,A,2002-09-09,0,Unknown,25,0,,0
11689,2,1958-12-04,0,0,A,2002-09-09,0,Unknown,25,0,,0
11690,2,1973-01-20,1400,0,C,2002-09-09,2,Unknown,10,13607,,0
11691,4,1976-07-10,0,0,C,2002-09-09,0,Unknown,10,10907,,0
11692,3,1956-07-12,0,0,A,2002-09-09,0,Unknown,10,12149,,0
11693,4,1979-07-07,0,0,C,2002-09-10,2,Unknown,10,13507,,0
11694,4,1975-10-17,0,0,C,2002-09-10,2,Unknown,10,11907,,0
11695,4,2002-06-12,0,0,C,2002-09-10,2,Unknown,21,10107,,0
11696,3,1963-08-16,0,0,A,2002-09-10,0,Unknown,10,12149,,0
11697,2,1977-10-01,1522,0,U,2002-09-11,2,Unknown,10,17807,,0
11698,3,1945-07-20,1600,0,M,2002-09-11,0,Unknown,21,0,,0
11699,4,1975-10-13,1700,0,C,2002-09-12,2,Unknown,10,13807,,0
11700,4,1965-01-14,0,0,C,2002-09-12,2,Unknown,10,13807,,0
11701,2,1930-02-01,0,0,M,2002-09-13,2,Unknown,10,10107,,0
11702,4,2000-03-10,0,0,C,2002-09-13,2,Unknown,21,10107,,0
11703,2,1954-09-26,2400,1,E,2002-09-13,2,Unknown,10,10107,,0
11704,3,1952-05-23,0,0,A,2002-09-13,0,Unknown,25,0,,0
11705,3,1955-05-05,0,0,A,2002-09-16,0,Unknown,23,0,,0
11706,2,1945-02-01,0,0,A,2002-09-16,0,Unknown,21,0,,0
11707,3,1961-06-21,0,0,A,2002-09-16,0,Unknown,23,0,,0
11708,3,1957-01-06,0,2,M,2002-09-16,2,Unknown,10,10107,,0
11709,3,1972-06-19,1271,1,M,2002-09-17,0,Unknown,21,0,,0
11710,2,1964-01-01,0,0,C,2002-09-17,2,Unknown,10,13507,,0
11711,4,1979-10-04,0,0,C,2002-09-17,2,Unknown,10,10607,,0
11712,2,1976-10-07,1493,0,C,2002-09-17,2,Unknown,10,16707,,0
11713,2,1963-04-13,0,0,C,2002-09-17,2,Unknown,10,10107,,0
11714,3,1961-02-20,0,0,M,2002-09-17,2,Unknown,10,10307,,0
11715,4,1980-12-05,0,4,M,2002-09-17,0,DV,21,10207,2005-02-08,1
11716,3,1965-03-13,0,0,A,2002-09-18,0,Unknown,21,0,,0
11717,4,1952-03-21,0,0,C,2002-09-18,0,Unknown,25,0,,0
11718,4,1979-09-28,1780,0,C,2002-09-18,0,DV,21,16707,2006-11-06,1
11719,2,1978-04-19,1700,0,U,2002-09-18,2,Unknown,10,10507,,0
11720,3,1945-03-23,0,0,A,2002-09-19,0,Unknown,21,0,,0
11721,4,1967-05-14,2632,2,C,2002-09-19,2,Unknown,10,18319,,0
11722,2,1976-07-07,2642,1,M,2002-09-20,0,Unknown,21,0,,0
11723,4,1989-10-03,0,0,C,2002-09-20,2,Unknown,21,10107,,0
11724,2,1920-11-15,0,0,A,2002-09-20,0,Unknown,10,10107,,0
11725,3,1961-04-20,0,3,M,2002-09-20,2,Unknown,10,10307,,0
11726,4,1978-05-27,0,0,C,2002-09-20,0,Unknown,21,14707,,0
11727,3,1971-04-05,0,0,M,2002-09-23,2,Unknown,10,13807,,0
11728,2,1948-12-08,2266,0,G,2002-09-23,2,Unknown,10,12149,,0
11729,2,1968-10-28,1017,0,A,2002-09-23,0,Unknown,21,0,,0
11730,2,1961-11-08,2527,3,M,2002-09-24,0,Unknown,10,0,,0
11731,2,1954-05-18,2856,1,M,2002-09-24,0,Unknown,25,0,,0
11732,2,1937-01-01,0,0,A,2002-09-25,0,Unknown,25,0,,0
11733,4,1992-03-22,0,0,C,2002-09-26,2,Unknown,21,0,,0
11734,4,1966-04-14,0,0,C,2002-09-26,0,Unknown,25,0,,0
11735,4,1976-08-05,1647,1,U,2002-09-26,2,Unknown,10,10507,,0
11736,2,1950-01-10,1025,0,G,2002-09-26,2,Unknown,10,16807,,0
11737,3,1954-04-13,0,1,E,2002-09-26,2,Unknown,10,12149,,0
11738,3,1935-06-23,0,0,A,2002-09-27,0,Unknown,21,0,,0
11739,3,1952-07-02,0,0,A,2002-09-27,0,Unknown,25,0,,0
11740,2,1973-07-03,0,0,C,2002-09-27,2,Unknown,10,13507,,0
11741,2,1975-11-11,0,0,M,2002-09-27,2,Unknown,10,13507,,0
11742,3,1958-07-14,0,0,M,2002-09-27,2,Unknown,10,13507,,0
11743,2,1997-02-26,0,0,C,2002-09-27,2,Unknown,21,10107,,0
11744,2,1962-10-25,2308,0,U,2002-09-27,2,Unknown,10,12149,,0
11745,4,1977-04-04,1600,0,C,2002-09-30,2,Unknown,10,18707,,0
11746,2,1966-07-17,0,2,M,2002-09-30,2,Unknown,10,16707,,0
11747,3,1949-09-15,0,2,S,2002-09-30,2,Unknown,10,12149,,0
11748,2,1959-05-25,0,0,M,2002-09-30,2,Unknown,10,16807,,0
11749,2,1973-12-07,0,1,U,2002-10-01,0,Unknown,10,0,,0
11750,2,1948-02-11,1936,1,M,2002-10-01,2,Unknown,10,10107,,0
11751,4,1994-08-15,0,0,C,2002-10-01,2,Unknown,21,10107,,0
11752,2,1949-08-15,0,0,A,2002-10-02,0,Unknown,21,0,,0
11753,2,1938-11-06,0,0,A,2002-10-02,0,Unknown,25,0,,0
11754,4,1973-12-11,0,1,C,2002-10-02,2,Unknown,10,10307,,0
11755,3,1976-09-27,0,1,M,2002-10-02,2,Unknown,10,10307,,0
11756,3,1973-06-21,0,0,M,2002-10-02,0,DV,21,13507,2005-08-31,1
11757,2,1971-11-25,1726,0,P,2002-10-02,2,Unknown,10,15707,,0
11758,4,1949-06-17,1300,0,C,2002-10-02,2,Unknown,10,17807,,0
11759,2,1955-09-24,0,2,M,2002-10-02,2,Unknown,10,17807,,0
11760,4,1998-12-21,0,0,C,2002-10-02,2,Unknown,21,10107,,0
11761,3,1971-06-23,1578,1,M,2002-10-02,2,Unknown,10,14707,,0
11762,2,1962-09-28,0,2,M,2002-10-02,2,Unknown,10,13907,,0
11763,3,1943-12-18,0,0,A,2002-10-03,0,Unknown,21,0,,0
11764,2,1963-02-14,1395,2,M,2002-10-03,0,Unknown,21,0,,0
11765,2,1981-05-23,0,0,A,2002-10-03,0,Unknown,10,10807,,0
11766,2,1979-09-29,1911,0,C,2002-10-03,2,Unknown,10,18507,,0
11767,2,1980-05-14,2000,0,P,2002-10-04,2,Unknown,10,16707,,0
11768,2,1962-08-04,1455,2,M,2002-10-04,2,Unknown,10,14707,,0
11769,4,1978-02-05,1250,0,C,2002-10-07,2,Unknown,10,17807,,0
11770,3,1964-03-01,0,1,C,2002-10-07,2,Unknown,10,10107,,0
11771,3,1959-09-08,0,2,M,2002-10-07,0,Unknown,10,10107,,0
11772,2,1963-09-09,0,0,C,2002-10-07,2,Unknown,10,10107,,0
11773,2,1976-02-07,0,0,M,2002-10-07,2,Unknown,10,10807,,0
11774,2,1947-11-26,0,0,A,2002-10-08,0,Unknown,25,0,,0
11775,4,1978-05-21,1256,0,C,2002-10-08,2,Unknown,10,17907,,0
11776,3,1979-12-06,1573,1,G,2002-10-08,2,Unknown,10,17807,,0
11777,4,1977-02-08,670,1,U,2002-10-08,2,Unknown,10,17807,,0
11778,4,1999-05-03,0,0,C,2002-10-08,2,Unknown,21,10107,,0
11779,2,1978-11-25,0,0,U,2002-10-08,2,Unknown,10,16807,,0
11780,2,1972-06-11,0,0,A,2002-10-09,0,Unknown,10,14607,,0
11781,3,1977-08-01,1447,0,M,2002-10-09,2,Unknown,10,13907,,0
11782,3,1964-03-24,2646,4,M,2002-10-09,2,Unknown,10,18319,,0
11783,2,1981-09-02,1100,0,C,2002-10-11,2,Unknown,10,17807,,0
11784,2,1976-04-15,0,0,M,2002-10-11,0,Unknown,10,12607,,0
11785,2,1972-06-09,1457,0,C,2002-10-14,2,Unknown,10,15607,,0
11786,2,1963-04-18,0,0,D,2002-10-14,2,Unknown,10,13807,,0
11787,2,1970-07-27,0,0,A,2002-10-14,0,Unknown,10,16807,,0
11788,2,1963-05-20,0,0,U,2002-10-15,2,Unknown,10,16807,,0
11789,3,1972-01-20,0,0,M,2002-10-15,2,Unknown,10,10207,,0
11790,3,1979-06-23,1536,0,M,2002-10-16,2,Unknown,10,14607,,0
11791,4,1965-08-15,0,0,C,2002-10-16,2,Unknown,10,18707,,0
11792,3,1965-04-25,2187,0,M,2002-10-16,2,Unknown,10,10907,,0
11793,2,1954-07-10,0,0,A,2002-10-17,0,Unknown,21,0,,0
11794,2,1970-06-09,0,0,A,2002-10-17,0,Unknown,21,0,,0
11795,2,1972-09-25,0,0,C,2002-10-17,0,DV,21,13507,2006-09-27,1
11796,3,1975-01-24,0,1,M,2002-10-17,2,Unknown,10,10107,,0
11797,2,1969-04-26,0,2,M,2002-10-17,2,Unknown,10,10107,,0
11798,2,1964-12-04,1150,2,U,2002-10-18,2,Unknown,21,0,,0
11799,2,1971-05-04,0,0,C,2002-10-18,2,Unknown,10,10807,,0
11800,2,1952-01-28,1100,0,A,2002-10-21,2,Unknown,10,14707,,0
11801,4,1963-01-23,1113,0,C,2002-10-21,2,Unknown,10,11907,,0
11802,2,1974-09-30,0,0,M,2002-10-21,2,Unknown,10,12149,,0
11803,4,1980-03-27,0,0,C,2002-10-21,2,Unknown,10,10807,,0
11804,2,1973-01-14,0,0,M,2002-10-22,2,Unknown,10,14607,,0
11805,4,1980-07-30,0,0,C,2002-10-22,0,Unknown,10,14607,,0
11806,2,1971-10-07,0,1,C,2002-10-22,2,Unknown,10,10107,,0
11807,4,1961-05-07,1676,0,U,2002-10-23,0,Unknown,21,0,,0
11808,3,1966-10-02,0,0,A,2002-10-23,0,Unknown,25,0,,0
11809,3,1950-08-07,0,0,A,2002-10-23,0,Unknown,21,0,,0
11810,2,1952-01-08,0,0,A,2002-10-24,0,Unknown,25,0,,0
11811,3,1939-05-01,0,0,M,2002-10-24,2,Unknown,10,17807,,0
11812,4,1965-04-28,1185,1,C,2002-10-25,2,Unknown,10,0,,0
11813,4,1970-09-26,0,0,C,2002-10-25,2,Unknown,10,13507,,0
11814,4,1977-09-03,0,0,C,2002-10-25,0,Unknown,10,10107,,0
11815,3,1952-01-04,2558,0,M,2002-10-28,2,Unknown,10,0,,0
11816,2,1959-10-17,0,3,M,2002-10-28,2,Unknown,10,10107,,0
11817,3,1928-05-05,0,0,M,2002-10-28,2,Unknown,10,13907,,0
11818,2,1963-04-23,1945,1,M,2002-10-28,0,Unknown,23,0,,0
11819,2,1942-02-14,3263,0,M,2002-10-29,0,Unknown,25,0,,0
11820,2,1936-06-26,0,0,A,2002-10-29,0,Unknown,23,0,,0
11821,2,1959-02-16,0,0,A,2002-10-29,0,Unknown,21,0,,0
11822,4,1978-02-20,1290,0,U,2002-10-29,2,Unknown,10,11907,,0
11823,2,1975-08-02,0,0,C,2002-10-29,0,Unknown,10,18707,,0
11824,3,1954-05-28,0,2,C,2002-10-29,2,Unknown,10,18319,,0
11825,2,1969-10-04,0,0,M,2002-10-29,2,Unknown,21,0,,0
11826,3,1970-05-16,1450,1,G,2002-10-30,0,Unknown,21,0,,0
11827,2,1961-05-06,2264,2,B,2002-10-30,2,Unknown,10,14607,,0
11828,3,1980-09-12,1470,0,U,2002-10-30,2,Unknown,10,14607,,0
11829,4,1977-06-10,0,0,C,2002-10-30,2,Unknown,10,10107,,0
11830,2,1948-01-28,0,0,A,2002-10-30,2,Unknown,10,10907,,0
11831,2,1971-12-03,0,0,C,2002-10-30,2,Unknown,10,12149,,0
11832,2,1975-04-24,0,0,C,2002-10-31,2,Unknown,10,11907,,0
11833,4,1978-05-14,1417,0,C,2002-10-31,2,Unknown,10,10107,,0
11834,3,1974-12-31,1608,0,M,2002-10-31,2,Unknown,10,10107,,0
11835,3,1970-09-25,0,2,M,2002-10-31,2,Unknown,10,13607,,0
11836,2,1976-09-26,0,0,C,2002-10-31,2,Unknown,10,12607,,0
11837,4,1970-07-07,1753,1,C,2002-10-31,2,Unknown,10,10307,,0
11838,3,1965-02-09,0,0,A,2002-10-31,0,Unknown,21,0,,0
11839,3,1977-07-09,0,0,C,2002-11-04,2,Unknown,10,10107,,0
11840,2,1957-11-21,2012,0,C,2002-11-05,2,Unknown,21,0,,0
11841,4,1980-06-27,1585,0,U,2002-11-05,2,Unknown,10,10307,,0
11842,4,1973-02-15,0,0,C,2002-11-06,2,Unknown,10,17807,,0
11843,3,1959-02-27,0,0,M,2002-11-06,2,Unknown,10,13907,,0
11844,2,1986-03-31,0,0,C,2002-11-06,2,Unknown,21,10107,,0
11845,2,1938-05-04,0,0,M,2002-11-07,2,Unknown,10,10107,,0
11846,2,1973-03-30,800,1,M,2002-11-07,2,Unknown,10,14707,,0
11847,3,1942-12-07,0,0,A,2002-11-08,0,Unknown,21,0,,0
11848,2,1968-06-12,1808,2,A,2002-11-08,0,Unknown,21,0,,0
11849,4,1978-05-13,1650,0,C,2002-11-08,2,Unknown,10,10307,,0
11850,3,1954-08-16,3426,2,M,2002-11-08,0,Unknown,21,0,,0
11851,2,1942-08-15,2086,0,A,2002-11-12,0,Unknown,21,0,,0
11852,2,1985-01-20,0,0,C,2002-11-12,2,Unknown,21,10107,,0
11853,4,1969-12-11,0,0,C,2002-11-12,2,Unknown,10,12607,,0
11854,2,1972-01-10,0,0,A,2002-11-12,0,Unknown,23,0,,0
11855,2,1956-02-11,3406,0,U,2002-11-13,2,Unknown,10,17807,,0
11856,4,2002-08-02,0,0,C,2002-11-13,2,Unknown,21,10107,,0
11857,2,1945-07-16,0,0,U,2002-11-13,2,Unknown,10,18707,,0
11858,2,1978-03-18,1948,2,M,2002-11-14,2,Unknown,10,14607,,0
11859,4,1977-01-19,0,0,C,2002-11-14,2,Unknown,10,15707,,0
11860,3,1948-01-02,0,0,A,2002-11-14,2,DA,21,10107,2003-01-24,1
11861,3,1968-11-27,1555,1,M,2002-11-14,2,Unknown,10,17807,,0
11862,2,1986-06-06,0,0,C,2002-11-15,0,Unknown,21,10107,,0
11863,4,2000-02-09,0,0,C,2002-11-15,2,Unknown,21,10107,,0
11864,3,1946-05-13,0,0,M,2002-11-18,2,Unknown,10,15707,,0
11865,2,2000-12-08,0,0,C,2002-11-18,2,Unknown,21,10107,,0
11866,3,1951-05-18,0,0,A,2002-11-19,0,Unknown,21,0,,0
11867,2,1983-02-11,0,1,C,2002-11-19,2,Unknown,10,10107,,0
11868,4,1972-11-19,1340,0,C,2002-11-19,2,Unknown,10,13607,,0
11869,4,1979-12-04,735,0,C,2002-11-19,2,Unknown,10,17807,,0
11870,4,1990-09-01,0,0,C,2002-11-20,2,Unknown,21,10107,,0
11871,4,1960-06-26,0,2,C,2002-11-20,2,Unknown,10,10107,,0
11872,3,1979-07-04,0,0,C,2002-11-21,2,Unknown,10,13907,,0
11873,4,1964-05-03,0,0,C,2002-11-21,2,Unknown,10,12149,,0
11874,2,1968-03-30,0,0,D,2002-11-21,2,Unknown,10,16807,,0
11875,3,1964-09-04,2734,2,M,2002-11-22,2,Unknown,10,18319,,0
11876,2,1978-08-13,1750,0,C,2002-11-25,2,Unknown,10,10907,,0
11877,3,1953-05-13,0,0,A,2002-11-26,0,Unknown,21,0,,0
11878,3,1950-09-26,3999,0,M,2002-11-26,0,Unknown,21,0,,0
11879,2,1963-04-04,0,0,A,2002-11-27,0,Unknown,21,0,,0
11880,4,1975-06-01,1650,1,U,2002-11-27,2,Unknown,10,13507,,0
11881,4,1969-01-03,0,0,C,2002-11-27,0,Unknown,24,0,,0
11882,3,1938-01-15,0,0,A,2002-11-28,0,Unknown,25,0,,0
11883,3,1946-09-30,0,0,A,2002-11-28,0,Unknown,21,0,,0
11884,4,1981-09-29,1500,0,C,2002-11-29,2,Unknown,10,10307,,0
11885,4,1957-08-31,1678,0,C,2002-12-02,2,Unknown,10,14607,,0
11886,3,1975-11-19,2221,1,E,2002-12-02,2,Unknown,10,10107,,0
11887,4,1945-10-21,2031,1,C,2002-12-02,2,Unknown,10,10107,,0
11888,3,1953-03-24,4000,0,C,2002-12-02,2,Unknown,10,10107,,0
11889,3,1934-06-28,0,0,M,2002-12-02,2,Unknown,10,0,,0
11890,3,1933-09-28,1578,0,M,2002-12-02,0,Unknown,21,0,,0
11891,3,1979-09-29,0,0,C,2002-12-03,2,Unknown,10,15807,,0
11892,2,1959-07-26,0,0,C,2002-12-03,2,Unknown,10,10107,,0
11893,2,1948-06-01,0,0,M,2002-12-04,2,Unknown,10,15707,,0
11894,3,1956-10-01,0,0,A,2002-12-04,2,Unknown,10,10107,,0
11895,2,1998-04-20,0,0,C,2002-12-04,2,Unknown,21,10107,,0
11896,4,1972-03-31,0,0,C,2002-12-04,2,Unknown,10,10107,,0
11897,2,1955-11-17,0,0,U,2002-12-04,2,Unknown,10,10207,,0
11898,3,1959-04-16,0,0,A,2002-12-04,0,Unknown,21,0,,0
11899,3,1947-10-06,0,0,A,2002-12-04,0,Unknown,21,0,,0
11900,2,1961-09-25,1543,2,U,2002-12-05,2,Unknown,10,15607,,0
11901,4,1974-08-14,2165,0,U,2002-12-05,2,Unknown,10,10107,,0
11902,3,1966-06-27,0,2,U,2002-12-05,2,Unknown,10,10307,,0
11903,3,1946-05-10,0,0,M,2002-12-06,2,Unknown,10,18707,,0
11904,2,1973-08-15,1650,1,B,2002-12-09,2,Unknown,10,10107,,0
11905,3,1957-02-19,1700,2,D,2002-12-10,2,Unknown,10,10107,,0
11906,3,1968-02-12,2428,2,M,2002-12-10,2,Unknown,10,10907,,0
11907,3,1972-07-15,1330,2,M,2002-12-10,2,Unknown,10,14707,,0
11908,2,1956-02-24,0,0,A,2002-12-10,0,Unknown,21,0,,0
11909,2,1958-10-12,0,2,M,2002-12-11,0,Unknown,21,0,,0
11910,2,1969-09-09,1700,0,A,2002-12-12,0,Unknown,23,0,,0
11911,2,1954-12-10,0,0,A,2002-12-12,0,Unknown,21,0,,0
11912,2,1972-06-20,0,0,C,2002-12-12,2,Unknown,10,15707,,0
11913,3,1972-04-10,0,0,C,2002-12-12,2,Unknown,10,14607,,0
11914,2,1999-04-19,0,0,C,2002-12-12,2,Unknown,21,10107,,0
11915,2,1954-10-20,0,0,M,2002-12-12,2,Unknown,10,10107,,0
11916,3,1946-10-06,345,0,M,2002-12-12,0,Unknown,21,0,,0
11917,2,1968-11-16,0,0,A,2002-12-13,0,Unknown,21,0,,0
11918,3,1968-02-01,0,0,A,2002-12-13,0,Unknown,25,0,,0
11919,2,1954-04-09,0,0,M,2002-12-16,0,Unknown,10,0,,0
11920,4,1966-04-16,0,0,U,2002-12-16,2,Unknown,10,12149,,0
11921,3,1945-07-10,2385,0,A,2002-12-17,0,Unknown,21,0,,0
11922,3,1979-09-04,1306,0,M,2002-12-17,2,Unknown,10,14607,,0
11923,3,1975-08-11,1100,3,U,2002-12-18,2,Unknown,10,0,,0
11924,2,1955-05-15,0,0,A,2002-12-18,0,Unknown,21,0,,0
11925,3,1938-08-16,0,0,M,2002-12-18,2,Unknown,10,10107,,0
11926,3,1975-05-31,0,0,M,2002-12-18,2,Unknown,10,16807,,0
11927,3,1967-03-11,0,0,A,2002-12-19,0,Unknown,23,0,,0
11928,2,1972-03-04,0,0,A,2002-12-19,0,Unknown,10,10107,,0
11929,2,1976-04-17,1560,0,P,2002-12-19,2,Unknown,10,10207,,0
11930,3,1965-05-17,2000,2,B,2002-12-20,2,Unknown,10,0,,0
11931,4,1973-12-20,1894,1,U,2002-12-20,2,Unknown,10,18319,,0
11932,2,1961-05-14,0,0,A,2002-12-20,0,Unknown,21,0,,0
11933,4,1972-12-19,0,0,C,2002-12-23,0,Unknown,23,0,,0
11934,3,1965-02-27,0,0,M,2002-12-23,2,Unknown,10,12149,,0
11935,4,1980-03-15,1520,0,P,2002-12-23,2,Unknown,10,13507,,0
11936,3,1972-10-20,0,0,A,2002-12-24,0,Unknown,23,0,,0
11937,4,1966-10-02,0,0,C,2002-12-24,0,Unknown,23,0,,0
11938,2,1962-04-16,2180,2,F,2002-12-26,2,Unknown,10,10107,,0
11939,2,1975-10-22,1041,1,U,2002-12-27,2,Unknown,10,10107,,0
11940,2,1976-03-29,2231,1,M,2002-12-27,0,Unknown,21,0,,0
11941,2,1953-02-28,0,1,M,2002-12-30,2,Unknown,10,0,,0
11942,3,1965-11-08,0,0,U,2002-12-30,2,Unknown,10,10507,,0
11943,2,1967-10-16,2307,2,A,2002-12-31,0,Unknown,21,0,,0
11944,4,1980-01-13,0,0,A,2002-12-31,0,DV,21,14707,2003-06-04,1
11945,2,1945-07-27,0,0,A,2003-01-03,0,Unknown,21,0,,0
11946,3,1974-09-11,0,0,M,2003-01-03,0,Unknown,10,13507,,0
11947,3,1978-04-22,1600,1,E,2003-01-03,2,Unknown,10,13507,,0
11948,2,1965-12-16,0,0,U,2003-01-06,2,Unknown,10,13507,,0
11949,2,1978-11-19,0,0,C,2003-01-07,2,Unknown,10,16707,,0
11950,2,1974-11-23,1831,0,U,2003-01-07,2,Unknown,10,16707,,0
11951,2,2002-05-29,0,0,C,2003-01-07,2,Unknown,21,10107,,0
11952,2,1938-11-06,0,0,A,2003-01-08,0,Unknown,21,0,,0
11953,4,1966-09-04,0,0,C,2003-01-08,2,Unknown,10,13907,,0
11954,2,1971-01-18,0,0,C,2003-01-08,2,Unknown,10,10107,,0
11955,2,1957-07-31,0,0,A,2003-01-09,0,Unknown,23,0,,0
11956,3,1977-12-31,0,0,M,2003-01-09,2,Unknown,10,12607,,0
11957,2,1948-05-18,0,0,D,2003-01-09,2,Unknown,10,16807,,0
11958,3,1963-07-15,0,1,M,2003-01-10,2,Unknown,10,10107,,0
11959,2,1948-02-11,0,0,A,2003-01-10,0,Unknown,25,0,,0
11960,3,1950-12-07,0,0,A,2003-01-10,0,Unknown,21,0,,0
11961,2,1947-11-04,0,0,M,2003-01-13,2,Unknown,10,11607,,0
11962,2,1974-07-31,0,0,C,2003-01-13,2,Unknown,10,10207,,0
11963,2,1957-08-06,0,0,A,2003-01-13,0,Unknown,23,0,,0
11964,4,1980-06-18,1592,0,D,2003-01-14,2,Unknown,10,10107,,0
11965,2,1980-07-19,0,0,C,2003-01-14,2,Unknown,10,16807,,0
11966,3,1972-01-10,1543,2,M,2003-01-14,0,Unknown,21,0,,0
11967,3,1959-03-26,2275,2,M,2003-01-15,0,Unknown,21,0,,0
11968,2,1965-05-14,0,2,U,2003-01-15,2,Unknown,10,13507,,0
11969,1,,0,0,A,2003-01-16,4,Unknown,50,10107,,0
11970,3,1950-04-13,0,0,M,2003-01-16,2,Unknown,10,13907,,0
11971,4,1978-04-30,1450,0,U,2003-01-16,2,Unknown,10,17807,,0
11972,4,1978-12-07,0,0,C,2003-01-16,0,Unknown,10,13507,,0
11973,4,1969-09-30,1601,2,D,2003-01-16,2,Unknown,10,10307,,0
11974,3,1972-09-22,1890,3,M,2003-01-16,2,Unknown,10,10207,,0
11975,2,1942-11-29,0,0,A,2003-01-17,0,Unknown,25,0,,0
11976,4,1953-01-01,0,0,C,2003-01-17,0,Unknown,25,0,,0
11977,2,1978-04-11,1495,0,C,2003-01-17,2,Unknown,10,14607,,0
11978,4,1971-11-14,2547,1,C,2003-01-17,2,Unknown,10,10107,,0
11979,4,1978-03-18,1780,0,U,2003-01-17,2,Unknown,10,10207,,0
11980,2,1946-06-17,0,0,A,2003-01-20,0,Unknown,21,0,,0
11981,2,1972-02-28,0,0,C,2003-01-20,2,Unknown,10,11907,,0
11982,4,1941-03-31,835,0,C,2003-01-20,2,Unknown,10,10107,,0
11983,3,1975-05-04,0,0,A,2003-01-21,0,Unknown,25,0,,0
11984,2,1974-04-17,1650,2,G,2003-01-21,2,Unknown,10,12607,,0
11985,3,1964-05-09,1488,3,B,2003-01-21,2,Unknown,10,17907,,0
11986,3,1975-02-10,1536,0,A,2003-01-22,0,Unknown,21,0,,0
11987,4,1999-06-07,0,0,C,2003-01-22,2,Unknown,21,10107,,0
11988,2,1933-03-15,1712,4,F,2003-01-22,0,Unknown,21,0,,0
11989,2,1952-10-05,0,0,A,2003-01-22,0,Unknown,21,0,,0
11990,2,1951-12-10,3050,2,A,2003-01-23,0,Unknown,21,0,,0
11991,2,1938-08-05,0,0,M,2003-01-23,2,Unknown,10,10107,,0
11992,4,2002-11-09,0,0,C,2003-01-23,2,Unknown,21,10107,,0
11993,2,1966-03-29,0,0,M,2003-01-23,2,Unknown,10,13507,,0
11994,3,1955-07-02,2700,2,G,2003-01-24,0,Unknown,21,0,,0
11995,2,1944-01-17,3224,2,E,2003-01-27,2,Unknown,10,0,,0
11996,3,1972-09-04,1946,2,E,2003-01-27,2,Unknown,10,10607,,0
11997,4,1980-02-21,0,0,C,2003-01-27,2,Unknown,10,13507,,0
11998,4,1978-07-13,0,0,C,2003-01-28,2,Unknown,10,18319,,0
11999,2,1946-10-05,2000,1,M,2003-01-28,0,Unknown,21,0,,0
12000,3,1948-02-28,0,0,A,2003-01-29,0,Unknown,21,0,,0
12001,2,1977-07-07,0,2,M,2003-01-29,0,Unknown,10,13907,,0
12002,2,2000-03-05,0,0,C,2003-01-29,2,Unknown,21,10107,,0
12003,3,1939-06-28,0,0,M,2003-01-29,2,Unknown,10,17807,,0
12004,3,1943-02-06,0,0,D,2003-01-30,0,Unknown,10,10107,,0
12005,4,1980-10-15,1480,0,U,2003-01-30,2,Unknown,10,10107,,0
12006,4,1969-06-21,1733,0,C,2003-01-30,2,Unknown,10,10107,,0
12007,2,1970-10-06,1250,3,U,2003-01-31,0,Unknown,10,0,,0
12008,2,1965-11-22,0,1,M,2003-01-31,2,Unknown,10,10107,,0
12009,4,1958-11-27,0,0,C,2003-01-31,2,Unknown,10,10107,,0
12010,2,1974-12-14,2360,0,B,2003-01-31,2,Unknown,10,10507,,0
12011,2,1965-09-12,0,0,A,2003-02-03,0,Unknown,25,0,,0
12012,4,1974-12-29,1330,0,U,2003-02-03,2,Unknown,10,10607,,0
12013,2,1973-11-10,1417,0,M,2003-02-03,2,Unknown,10,10907,,0
12014,2,1950-04-02,0,0,A,2003-02-04,0,Unknown,21,0,,0
12015,2,1949-02-12,0,0,A,2003-02-04,0,Unknown,21,0,,0
12016,4,1979-12-18,0,0,U,2003-02-04,2,Unknown,10,11907,,0
12017,2,1975-03-11,0,0,U,2003-02-04,2,Unknown,10,10907,,0
12018,4,1980-02-12,1280,0,U,2003-02-04,2,Unknown,10,13507,,0
12019,4,1974-03-23,939,0,C,2003-02-04,2,Unknown,10,16807,,0
12020,2,1979-02-27,0,0,U,2003-02-05,2,Unknown,10,10107,,0
12021,3,1952-09-17,0,2,D,2003-02-05,2,Unknown,10,12607,,0
12022,2,1956-04-30,3000,3,A,2003-02-06,0,Unknown,21,0,,0
12023,3,1954-05-06,0,0,A,2003-02-06,0,Unknown,21,88882,,0
12024,4,1976-01-05,0,0,C,2003-02-06,2,Unknown,10,13807,,0
12025,4,1974-03-21,0,0,C,2003-02-06,2,Unknown,10,14707,,0
12026,2,1955-11-27,2475,1,B,2003-02-07,2,Unknown,10,0,,0
12027,3,1966-07-29,0,3,A,2003-02-07,0,Unknown,21,0,,0
12028,2,1943-10-03,1200,0,U,2003-02-07,2,Unknown,10,16707,,0
12029,2,1976-01-31,1100,0,U,2003-02-07,2,Unknown,10,16707,,0
12030,2,1967-11-03,0,0,C,2003-02-07,2,Unknown,10,10107,,0
12031,2,1950-03-28,0,2,M,2003-02-10,2,Unknown,10,10107,,0
12032,3,1970-06-25,1690,0,M,2003-02-10,2,Unknown,10,13507,,0
12033,2,1975-10-09,0,0,M,2003-02-10,2,Unknown,10,14707,,0
12034,3,1940-01-08,0,0,A,2003-02-11,0,Unknown,25,88882,,0
12035,3,1962-05-01,0,0,A,2003-02-11,0,Unknown,21,88882,,0
12036,2,1977-04-26,1500,1,M,2003-02-11,2,Unknown,10,16807,,0
12037,2,1972-10-26,0,4,M,2003-02-11,2,Unknown,10,10207,,0
12038,3,1958-07-18,2300,2,M,2003-02-11,0,Unknown,21,88881,,0
12039,4,1999-03-23,0,0,C,2003-02-12,2,Unknown,21,10107,,0
12040,4,1974-10-23,0,0,C,2003-02-12,2,Unknown,10,16607,,0
12041,4,1974-02-09,0,0,C,2003-02-12,2,Unknown,10,17907,,0
12042,3,1973-10-04,0,0,M,2003-02-12,2,Unknown,10,14707,,0
12043,3,1966-10-22,0,0,A,2003-02-13,0,Unknown,25,88882,,0
12044,2,1998-04-24,0,0,C,2003-02-14,2,Unknown,21,10107,,0
12045,4,1967-08-27,1820,0,U,2003-02-14,2,Unknown,10,10107,,0
12046,3,1973-10-21,0,0,C,2003-02-17,2,Unknown,10,13907,,0
12047,4,1965-10-27,0,0,C,2003-02-17,2,Unknown,10,13907,,0
12048,2,1967-11-14,0,0,D,2003-02-18,2,Unknown,10,14607,,0
12049,2,1974-05-14,0,0,C,2003-02-18,2,Unknown,10,16707,,0
12050,4,1970-04-27,0,0,C,2003-02-18,0,Unknown,10,12149,,0
12051,2,1975-06-23,0,0,M,2003-02-19,2,Unknown,10,11307,,0
12052,3,1968-04-27,0,0,M,2003-02-20,2,Unknown,10,15707,,0
12053,2,1951-08-31,0,0,A,2003-02-21,0,Unknown,23,88883,,0
12054,2,1948-02-21,0,0,M,2003-02-21,2,Unknown,10,88882,,0
12055,3,1954-11-27,0,0,M,2003-02-21,2,Unknown,10,15607,,0
12056,3,1963-10-07,1062,0,M,2003-02-21,2,Unknown,10,16707,,0
12057,3,1961-03-05,3965,2,M,2003-02-21,0,Unknown,21,88881,,0
12058,2,1971-08-14,0,0,A,2003-02-24,0,Unknown,23,88883,,0
12059,3,1967-05-29,0,1,M,2003-02-24,2,Unknown,10,17607,,0
12060,4,1974-03-16,1300,0,C,2003-02-24,2,Unknown,10,13607,,0
12061,3,1948-02-25,2837,2,B,2003-02-24,2,Unknown,10,10907,,0
12062,2,1966-04-16,0,0,A,2003-02-25,0,Unknown,21,88882,,0
12063,4,1979-01-17,0,0,C,2003-02-25,0,Unknown,10,10307,,0
12064,2,1963-09-02,0,0,A,2003-02-26,0,Unknown,25,88882,,0
12065,3,1971-06-04,0,0,M,2003-02-26,2,Unknown,10,13607,,0
12066,2,1954-12-14,4289,0,M,2003-02-26,2,Unknown,10,18319,,0
12067,2,1966-07-01,3400,4,M,2003-02-27,2,Unknown,10,18707,,0
12068,3,1949-02-05,1743,1,M,2003-02-27,0,Unknown,21,88881,,0
12069,3,1971-05-31,650,2,E,2003-02-28,2,Unknown,10,17807,,0
12070,4,1973-01-15,0,0,C,2003-02-28,2,Unknown,10,10107,,0
12071,4,1972-04-14,0,0,C,2003-03-03,2,Unknown,10,13907,,0
12072,3,1968-05-11,0,0,A,2003-03-03,0,Unknown,25,88882,,0
12073,2,1969-08-19,0,1,U,2003-03-04,2,Unknown,10,10107,,0
12074,2,1979-03-18,1421,0,M,2003-03-04,2,Unknown,10,13507,,0
12075,2,1981-03-01,1246,0,C,2003-03-04,2,Unknown,10,10207,,0
12076,2,1970-03-15,0,0,C,2003-03-04,2,Unknown,10,13907,,0
12077,2,1965-07-31,1500,2,U,2003-03-04,2,Unknown,10,88881,,0
12078,2,1974-10-01,1480,2,M,2003-03-05,2,Unknown,10,10907,,0
12079,4,1980-09-15,0,0,C,2003-03-05,2,Unknown,10,10107,,0
12080,4,1973-07-05,0,0,C,2003-03-05,2,Unknown,10,13507,,0
12081,2,1972-09-10,0,0,A,2003-03-07,0,Unknown,23,88883,,0
12082,2,1956-05-08,0,0,A,2003-03-07,2,Unknown,10,10107,,0
12083,3,1978-04-12,0,1,M,2003-03-11,2,Unknown,10,16807,,0
12084,2,1958-03-20,0,0,C,2003-03-11,0,Unknown,10,88886,,0
12085,4,1976-06-23,0,0,C,2003-03-12,0,Unknown,10,14607,,0
12086,2,1972-07-23,0,0,U,2003-03-12,2,Unknown,10,10907,,0
12087,4,1978-08-21,2629,1,U,2003-03-12,2,Unknown,10,12149,,0
12088,2,1960-03-06,0,0,A,2003-03-12,0,Unknown,21,88885,,0
12089,2,1965-10-03,0,0,A,2003-03-13,0,Unknown,23,88883,,0
12090,4,1971-05-29,0,0,C,2003-03-13,0,Unknown,21,88882,,0
12091,2,1963-01-09,0,0,A,2003-03-13,0,Unknown,23,88883,,0
12092,2,1954-02-14,1700,2,M,2003-03-13,2,Unknown,10,13807,,0
12093,4,1978-05-05,1610,1,P,2003-03-13,2,Unknown,10,10107,,0
12094,2,1948-09-06,2116,1,M,2003-03-13,2,Unknown,10,10107,,0
12095,4,1992-08-18,0,0,C,2003-03-13,2,Unknown,21,10107,,0
12096,4,1991-08-20,0,0,C,2003-03-13,2,Unknown,21,10107,,0
12097,2,1965-01-24,0,1,C,2003-03-13,2,Unknown,10,10107,,0
12098,3,1959-01-11,2440,3,M,2003-03-13,2,Unknown,10,10307,,0
12099,2,1977-03-11,1225,0,A,2003-03-14,0,Unknown,10,11307,,0
12100,2,1959-11-16,0,0,A,2003-03-14,0,Unknown,23,88883,,0
12101,2,1973-04-08,2491,1,M,2003-03-14,2,Unknown,10,10107,,0
12102,3,1946-06-01,1662,3,M,2003-03-14,2,Unknown,10,10907,,0
12103,3,1953-09-28,0,0,A,2003-03-17,0,Unknown,25,88882,,0
12104,2,1948-03-09,0,0,D,2003-03-18,2,Unknown,10,11907,,0
12105,4,1964-05-29,0,0,U,2003-03-18,2,Unknown,10,13807,,0
12106,4,1965-06-07,0,0,C,2003-03-18,0,Unknown,25,88882,,0
12107,2,1951-07-18,0,0,A,2003-03-18,0,Unknown,21,88882,,0
12108,3,1957-02-06,0,0,A,2003-03-18,0,Unknown,21,88882,,0
12109,2,1964-04-12,0,0,A,2003-03-19,0,Unknown,21,88882,,0
12110,2,1956-09-21,0,1,M,2003-03-20,2,Unknown,10,88882,,0
12111,2,1946-09-23,2846,0,M,2003-03-20,0,Unknown,23,88883,,0
12112,2,1949-08-12,0,0,A,2003-03-20,0,Unknown,23,88883,,0
12113,2,1970-09-11,0,0,A,2003-03-20,0,DV,21,15707,2003-07-01,1
12114,3,1968-09-21,0,0,S,2003-03-21,2,Unknown,10,14707,,0
12115,4,1989-07-03,0,0,C,2003-03-24,2,Unknown,21,10107,,0
12116,2,1971-12-20,0,0,A,2003-03-25,0,Unknown,23,88883,,0
12117,4,1999-05-09,0,0,C,2003-03-25,0,Unknown,21,10107,,0
12118,2,2000-12-16,0,0,C,2003-03-25,0,Unknown,21,10107,,0
12119,2,1946-10-06,0,0,A,2003-03-27,0,Unknown,21,88882,,0
12120,4,1970-12-13,0,0,C,2003-03-27,2,Unknown,10,15607,,0
12121,2,1955-12-08,0,0,A,2003-03-28,0,Unknown,25,88882,,0
12122,2,1974-11-15,0,0,C,2003-03-28,2,Unknown,10,10107,,0
12123,3,1939-10-11,1429,0,M,2003-03-28,2,Unknown,10,15807,,0
12124,2,1961-05-20,0,0,A,2003-03-28,0,DV,21,10307,2003-04-23,1
12125,2,1964-03-28,0,0,M,2003-03-31,2,Unknown,10,10107,,0
12126,2,1966-01-01,1160,0,C,2003-03-31,2,Unknown,10,10807,,0
12127,2,1964-09-12,0,0,M,2003-04-01,2,Unknown,10,10907,,0
12128,3,1972-05-18,2267,3,M,2003-04-01,2,Unknown,10,17807,,0
12129,4,1966-07-22,0,0,C,2003-04-01,0,Unknown,10,10107,,0
12130,2,1954-09-26,1800,1,A,2003-04-02,0,Unknown,21,11307,,0
12131,2,1951-11-16,0,0,A,2003-04-02,0,Unknown,23,88883,,0
12132,3,1941-09-16,2383,0,D,2003-04-02,2,Unknown,10,10907,,0
12133,2,1956-11-08,0,0,M,2003-04-02,2,Unknown,10,10207,,0
12134,3,1960-01-26,0,3,V,2003-04-04,2,Unknown,10,11307,,0
12135,2,1951-06-19,0,0,M,2003-04-04,2,Unknown,10,10107,,0
12136,2,1972-07-04,0,0,A,2003-04-04,0,Unknown,21,88885,,0
12137,3,1949-12-09,0,2,M,2003-04-04,0,Unknown,21,88881,,0
12138,2,1967-11-22,0,0,A,2003-04-07,0,Unknown,25,88882,,0
12139,3,1956-12-10,2738,2,D,2003-04-07,2,Unknown,10,13907,,0
12140,4,1969-08-19,0,0,U,2003-04-07,2,Unknown,10,12149,,0
12141,2,1957-02-21,0,0,D,2003-04-08,2,Unknown,10,10107,,0
12142,4,1956-02-28,1674,0,C,2003-04-08,2,Unknown,10,10107,,0
12143,2,1972-09-13,0,0,A,2003-04-09,0,Unknown,23,88883,,0
12144,4,1970-05-04,0,1,C,2003-04-10,0,Unknown,10,10107,,0
12145,4,1974-09-12,1521,0,C,2003-04-11,2,Unknown,10,10807,,0
12146,3,1957-03-15,1600,2,M,2003-04-14,2,Unknown,10,18707,,0
12147,3,1947-01-12,0,0,A,2003-04-14,0,Unknown,21,88882,,0
12148,2,1928-07-25,0,0,M,2003-04-15,0,Unknown,10,11307,,0
12149,4,1978-07-03,0,0,C,2003-04-15,0,Unknown,21,11307,,0
12150,4,1978-10-21,1400,0,P,2003-04-15,2,Unknown,10,17807,,0
12151,4,2003-01-28,0,0,C,2003-04-16,0,Unknown,21,10107,,0
12152,3,1940-01-15,1402,0,M,2003-04-16,0,Unknown,21,88881,,0
12153,2,1999-07-22,0,0,C,2003-04-17,2,Unknown,21,11307,,0
12154,2,1947-11-26,0,0,A,2003-04-17,0,Unknown,23,88883,,0
12155,3,1972-09-10,1755,2,G,2003-04-17,2,Unknown,10,13507,,0
12156,3,1953-01-15,2377,1,B,2003-04-17,2,Unknown,10,88881,,0
12157,2,1963-01-20,0,4,M,2003-04-18,2,Unknown,10,10107,,0
12158,2,1942-10-15,0,0,A,2003-04-22,0,Unknown,21,88882,,0
12159,2,1971-01-07,0,0,A,2003-04-22,0,Unknown,25,88882,,0
12160,4,1972-08-06,1670,0,C,2003-04-22,2,Unknown,10,18319,,0
12161,2,1956-06-24,3200,0,A,2003-04-23,0,DA,21,11307,2005-07-13,1
12162,2,1978-03-06,1450,0,M,2003-04-23,2,Unknown,10,15707,,0
12163,3,1936-06-08,0,0,M,2003-04-23,2,Unknown,10,11907,,0
12164,3,1977-05-08,1500,0,P,2003-04-23,2,Unknown,10,16607,,0
12165,3,1969-04-16,2136,2,D,2003-04-23,2,Unknown,10,16807,,0
12166,4,1971-06-10,0,1,C,2003-04-23,2,Unknown,10,10807,,0
12167,4,1971-05-01,1900,0,C,2003-04-24,0,Unknown,21,11307,,0
12168,2,1967-02-06,0,0,U,2003-04-24,2,Unknown,10,10207,,0
12169,2,1999-06-19,0,0,A,2003-04-25,0,RA,21,10107,2004-02-05,1
12170,2,1977-05-11,1310,0,C,2003-04-25,2,Unknown,10,13507,,0
12171,3,1974-04-29,1680,2,E,2003-04-25,2,Unknown,10,13507,,0
12172,2,1937-09-19,2549,1,M,2003-04-25,2,Unknown,10,18319,,0
12173,3,1945-10-15,1200,0,M,2003-04-28,0,Unknown,21,88881,,0
12174,3,1960-01-22,0,0,A,2003-04-29,0,DV,21,13907,2003-07-23,1
12175,3,1941-09-06,2774,0,U,2003-04-30,0,Unknown,21,11307,,0
12176,2,1971-09-08,5052,1,A,2003-04-30,0,Unknown,21,11307,,0
12177,2,1956-03-30,0,0,A,2003-04-30,0,Unknown,21,88882,,0
12178,3,1962-07-12,0,0,M,2003-04-30,2,Unknown,10,13907,,0
12179,2,1994-10-26,0,0,C,2003-04-30,2,Unknown,21,10107,,0
12180,3,1948-02-28,0,0,A,2003-04-30,0,Unknown,10,10907,,0
12181,2,1966-03-18,2673,0,M,2003-05-02,0,DV,21,11307,2003-07-23,1
12182,2,1976-10-12,0,0,C,2003-05-02,2,Unknown,10,10507,,0
12183,2,1954-08-05,0,0,D,2003-05-02,2,Unknown,10,10207,,0
12184,3,1964-10-02,4122,3,D,2003-05-02,0,Unknown,25,88882,,0
12185,3,1955-11-15,0,0,V,2003-05-05,2,Unknown,10,16807,,0
12186,4,1979-04-25,2000,0,C,2003-05-05,2,Unknown,10,10107,,0
12187,2,1969-07-05,0,0,U,2003-05-05,2,Unknown,10,12149,,0
12188,4,1974-12-27,0,0,C,2003-05-05,0,Unknown,10,18319,,0
12189,4,1973-03-26,0,0,C,2003-05-05,0,Unknown,10,10807,,0
12190,2,1955-03-23,2500,2,M,2003-05-05,2,Unknown,10,88881,,0
12191,3,1944-08-16,1640,0,M,2003-05-06,0,Unknown,21,88882,,0
12192,3,1964-07-04,0,0,M,2003-05-06,2,Unknown,10,15807,,0
12193,4,1975-07-15,0,0,C,2003-05-06,2,Unknown,10,17807,,0
12194,2,1964-11-25,3386,1,A,2003-05-07,0,Unknown,21,11307,,0
12195,3,1937-09-17,0,0,A,2003-05-07,0,Unknown,25,88882,,0
12196,2,1976-10-05,0,0,C,2003-05-07,2,Unknown,10,10107,,0
12197,2,1943-04-07,0,1,M,2003-05-07,2,Unknown,10,10107,,0
12198,3,1951-05-13,0,0,A,2003-05-09,0,Unknown,21,88882,,0
12199,2,1964-12-17,0,0,M,2003-05-09,2,Unknown,10,17907,,0
12200,4,1961-09-10,2726,0,U,2003-05-12,0,Unknown,10,11307,,0
12201,2,1964-10-21,3170,0,U,2003-05-12,0,Unknown,10,11307,,0
12202,2,1950-03-05,0,0,A,2003-05-12,0,Unknown,21,88882,,0
12203,3,1955-12-25,0,4,M,2003-05-12,0,Unknown,10,10107,,0
12204,2,1948-08-02,1787,1,M,2003-05-12,2,Unknown,10,17807,,0
12205,2,1977-06-25,0,0,U,2003-05-12,2,Unknown,10,10307,,0
12206,4,1979-02-28,2100,1,U,2003-05-12,2,Unknown,10,16807,,0
12207,2,1978-06-11,0,0,C,2003-05-13,2,Unknown,10,10507,,0
12208,3,1964-11-13,0,0,C,2003-05-13,2,Unknown,10,13607,,0
12209,3,1958-12-30,1292,0,M,2003-05-13,2,Unknown,10,14607,,0
12210,2,1973-08-09,0,0,M,2003-05-14,2,Unknown,10,10107,,0
12211,2,1968-11-07,1350,0,G,2003-05-14,2,Unknown,10,10807,,0
12212,3,1965-02-17,2137,3,M,2003-05-14,0,Unknown,25,88882,,0
12213,2,1959-11-16,0,0,A,2003-05-14,0,Unknown,21,88885,,0
12214,4,1971-06-04,0,0,U,2003-05-15,2,Unknown,10,11907,,0
12215,4,1990-01-27,0,0,C,2003-05-15,2,Unknown,21,10107,,0
12216,3,1967-07-25,0,0,M,2003-05-15,2,Unknown,10,18707,,0
12217,2,1959-07-05,2000,0,U,2003-05-15,2,Unknown,10,10807,,0
12218,2,1969-05-23,0,3,A,2003-05-16,0,Unknown,21,11307,,0
12219,3,1964-07-01,0,0,A,2003-05-16,0,Unknown,25,88882,,0
12220,3,1950-08-19,0,1,D,2003-05-19,2,Unknown,10,10107,,0
12221,4,1974-12-26,0,0,C,2003-05-19,0,Unknown,10,13907,,0
12222,3,1956-02-19,0,0,M,2003-05-19,2,Unknown,10,16607,,0
12223,3,1977-11-30,1668,0,M,2003-05-19,2,Unknown,10,10807,,0
12224,3,1942-08-26,0,0,A,2003-05-20,0,Unknown,23,11307,,0
12225,3,1962-09-03,0,0,A,2003-05-20,0,Unknown,21,88882,,0
12226,1,,0,0,A,2003-05-20,4,Unknown,61,10107,,0
12227,3,1957-02-17,0,0,A,2003-05-21,0,Unknown,25,88882,,0
12228,4,1986-05-22,0,0,C,2003-05-22,2,Unknown,21,11307,,0
12229,3,1945-05-15,0,0,A,2003-05-22,0,Unknown,25,88882,,0
12230,3,1950-01-20,0,0,A,2003-05-22,0,Unknown,25,88882,,0
12231,2,1955-01-26,3870,1,G,2003-05-22,2,Unknown,10,10107,,0
12232,2,1957-11-18,0,3,M,2003-05-22,2,Unknown,10,18707,,0
12233,2,1965-05-14,2095,2,A,2003-05-23,0,Unknown,21,11307,,0
12234,4,1964-11-08,2572,0,C,2003-05-26,0,Unknown,10,11307,,0
12235,2,1979-06-20,2600,0,A,2003-05-26,0,Unknown,21,11307,,0
12236,3,1964-06-21,1200,3,M,2003-05-27,0,Unknown,21,11307,,0
12237,2,1939-10-18,0,0,A,2003-05-27,0,Unknown,21,11307,,0
12238,3,1959-07-16,0,0,M,2003-05-27,2,Unknown,10,13507,,0
12239,3,1969-06-18,0,0,A,2003-05-27,0,Unknown,23,88887,,0
12240,2,1968-10-05,0,0,M,2003-05-27,0,Unknown,23,88887,,0
12241,2,1947-08-08,1550,0,M,2003-05-28,0,Unknown,21,88882,,0
12242,2,1936-11-04,0,0,A,2003-05-28,0,Unknown,21,88882,,0
12243,3,1942-06-24,0,0,A,2003-05-28,0,Unknown,25,88882,,0
12244,3,1952-04-13,0,0,A,2003-05-30,0,Unknown,25,88882,,0
12245,3,1968-04-01,0,0,A,2003-05-30,0,Unknown,25,88882,,0
12246,4,1970-01-26,0,0,C,2003-05-30,0,Unknown,23,88883,,0
12247,2,1959-10-05,0,0,M,2003-06-05,2,Unknown,10,15707,,0
12248,1,,0,0,A,2003-06-05,4,Unknown,50,13607,,0
12249,3,1977-05-08,2525,1,M,2003-06-05,2,Unknown,10,12149,,0
12250,3,1947-06-29,0,0,A,2003-06-05,0,Unknown,23,88883,,0
12251,2,1955-07-17,0,0,M,2003-06-06,2,Unknown,10,18707,,0
12252,2,1975-01-24,2707,0,U,2003-06-06,2,Unknown,10,18319,,0
12253,2,1959-02-10,0,0,M,2003-06-11,2,Unknown,10,14707,,0
12254,2,1955-01-29,0,0,A,2003-06-12,0,Unknown,21,11307,,0
12255,2,1958-11-13,0,0,A,2003-06-12,0,Unknown,21,88882,,0
12256,2,1961-04-13,0,0,A,2003-06-12,0,Unknown,21,88882,,0
12257,4,1977-10-19,0,0,C,2003-06-12,2,Unknown,10,13907,,0
12258,2,1973-07-10,0,0,U,2003-06-12,2,Unknown,10,17807,,0
12259,3,1973-06-12,0,0,M,2003-06-12,2,Unknown,10,17807,,0
12260,2,1933-07-28,0,0,M,2003-06-12,2,Unknown,10,16807,,0
12261,2,1972-05-30,0,0,C,2003-06-12,0,Unknown,10,88887,,0
12262,3,1981-02-04,0,1,M,2003-06-13,2,Unknown,10,13607,,0
12263,2,1948-01-25,3800,1,M,2003-06-13,2,Unknown,10,13807,,0
12264,3,1966-07-02,0,0,A,2003-06-13,0,Unknown,21,88882,,0
12265,3,1973-09-05,0,0,M,2003-06-16,2,Unknown,10,10107,,0
12266,2,1987-09-15,0,0,A,2003-06-16,2,Unknown,21,10107,,0
12267,3,1956-05-05,0,2,M,2003-06-16,2,Unknown,10,10807,,0
12268,2,1927-12-13,2138,0,M,2003-06-16,0,Unknown,21,88881,,0
12269,2,1948-01-01,6480,0,M,2003-06-17,0,Unknown,25,88882,,0
12270,2,1948-11-21,0,0,A,2003-06-18,0,Unknown,25,88882,,0
12271,2,1946-09-18,1832,0,M,2003-06-18,2,Unknown,10,88881,,0
12272,2,1948-04-05,0,0,A,2003-06-19,0,Unknown,23,88883,,0
12273,3,1969-02-24,0,0,C,2003-06-19,2,Unknown,10,13807,,0
12274,4,1971-04-14,2160,0,C,2003-06-19,2,Unknown,10,14707,,0
12275,4,2003-04-19,0,0,C,2003-06-20,2,Unknown,21,10107,,0
12276,3,1978-09-02,1063,0,B,2003-06-23,0,Unknown,21,11307,,0
12277,3,1964-12-14,0,0,A,2003-06-23,0,Unknown,23,88883,,0
12278,2,1969-04-13,0,1,M,2003-06-23,0,Unknown,10,16807,,0
12279,2,1959-09-27,0,0,A,2003-06-25,0,Unknown,21,11307,,0
12280,2,1961-01-04,0,0,A,2003-06-25,0,Unknown,25,88882,,0
12281,3,1959-07-10,0,0,A,2003-06-25,0,Unknown,10,10107,,0
12282,2,1959-09-20,0,0,A,2003-06-26,0,Unknown,23,88883,,0
12283,3,1969-09-04,1240,2,G,2003-06-26,2,Unknown,10,10107,,0
12284,3,1980-01-28,1437,0,U,2003-06-26,2,Unknown,10,10107,,0
12285,2,1978-10-18,1662,0,U,2003-06-26,2,Unknown,10,13507,,0
12286,3,1946-02-01,0,0,M,2003-06-26,2,Unknown,10,10207,,0
12287,2,1955-01-24,0,0,M,2003-06-26,2,Unknown,10,14707,,0
12288,3,1971-01-29,1497,1,M,2003-06-27,2,Unknown,10,11307,,0
12289,2,1954-07-30,0,0,A,2003-06-30,0,Unknown,21,11307,,0
12290,2,1974-05-23,0,2,M,2003-06-30,2,Unknown,10,16707,,0
12291,2,1946-05-06,0,0,A,2003-06-30,0,Unknown,23,88883,,0
12292,3,1961-04-13,0,0,M,2003-07-01,2,Unknown,10,13607,,0
12293,2,1976-03-04,0,0,A,2003-07-01,0,DV,21,10907,2003-12-30,1
12294,2,1977-06-05,0,0,U,2003-07-01,2,Unknown,10,10907,,0
12295,2,1967-11-15,0,0,M,2003-07-02,2,Unknown,10,10907,,0
12296,2,1980-10-15,0,0,C,2003-07-02,2,Unknown,10,13907,,0
12297,3,1950-01-01,0,0,A,2003-07-02,0,Unknown,25,88882,,0
12298,4,1968-04-18,0,0,C,2003-07-02,0,Unknown,21,88882,,0
12299,2,1968-02-04,0,0,A,2003-07-04,0,Unknown,25,88882,,0
12300,4,1990-10-23,0,0,C,2003-07-04,2,Unknown,21,10107,,0
12301,4,1991-07-31,0,0,C,2003-07-07,2,Unknown,21,11307,,0
12302,4,1992-12-02,0,0,C,2003-07-07,2,Unknown,21,10107,,0
12303,3,1969-03-28,2264,0,F,2003-07-07,2,Unknown,10,18707,,0
12304,3,1970-12-05,0,1,A,2003-07-07,2,Unknown,10,18319,,0
12305,2,1947-04-27,1002,1,A,2003-07-08,0,Unknown,21,11307,,0
12306,2,1970-01-30,0,0,A,2003-07-09,0,Unknown,10,13507,,0
12307,3,1950-05-29,0,1,V,2003-07-09,2,Unknown,10,88882,,0
12308,2,1946-05-06,1300,1,M,2003-07-10,0,Unknown,21,88881,,0
12309,3,1954-01-30,0,0,A,2003-07-11,0,Unknown,21,11307,,0
12310,2,1975-07-12,0,0,M,2003-07-11,2,Unknown,10,13907,,0
12311,2,1964-11-14,0,0,A,2003-07-15,0,Unknown,23,88883,,0
12312,2,1968-01-02,0,0,C,2003-07-15,2,Unknown,10,13907,,0
12313,3,1973-12-20,1310,1,U,2003-07-15,2,Unknown,10,14607,,0
12314,3,1965-01-08,1948,2,B,2003-07-15,2,Unknown,10,17807,,0
12315,2,1960-05-16,2445,0,U,2003-07-15,2,Unknown,10,18319,,0
12316,3,1971-08-02,0,0,A,2003-07-16,0,Unknown,21,11307,,0
12317,4,2000-11-06,0,0,C,2003-07-16,2,Unknown,21,11307,,0
12318,2,1951-01-01,0,0,A,2003-07-16,0,Unknown,21,88882,,0
12319,4,1985-09-13,0,0,C,2003-07-16,2,Unknown,21,10107,,0
12320,2,1966-02-04,0,0,A,2003-07-17,0,Unknown,21,88882,,0
12321,3,1977-03-16,1280,2,M,2003-07-17,0,Unknown,10,13907,,0
12322,2,1969-10-17,0,0,C,2003-07-17,0,DC,21,17907,,0
12323,2,1970-06-07,2966,0,U,2003-07-17,2,Unknown,10,88881,,0
12324,3,1956-12-17,0,0,M,2003-07-18,0,Unknown,10,11307,,0
12325,2,1955-09-11,0,0,A,2003-07-18,0,Unknown,23,88883,,0
12326,3,1946-01-07,0,0,D,2003-07-18,2,Unknown,10,10107,,0
12327,2,1974-07-30,4750,2,M,2003-07-18,2,Unknown,10,13607,,0
12328,3,1973-10-05,2200,3,M,2003-07-18,2,Unknown,10,10907,,0
12329,3,1966-10-26,2798,2,B,2003-07-18,2,Unknown,10,10907,,0
12330,3,1970-07-15,0,0,A,2003-07-21,2,Unknown,10,10107,,0
12331,4,1978-10-07,1450,0,C,2003-07-21,2,Unknown,10,13507,,0
12332,2,1961-08-14,0,0,A,2003-07-23,0,Unknown,21,88882,,0
12333,2,1978-08-09,1840,1,U,2003-07-23,2,Unknown,10,11907,,0
12334,4,1979-02-26,1700,0,U,2003-07-23,2,Unknown,10,13907,,0
12335,3,1976-10-02,0,0,M,2003-07-23,2,Unknown,10,14607,,0
12336,2,1968-02-06,0,0,C,2003-07-23,2,Unknown,10,10107,,0
12337,2,1956-04-13,0,2,M,2003-07-24,2,Unknown,10,13907,,0
12338,2,1970-06-29,0,0,M,2003-07-24,2,Unknown,10,10107,,0
12339,3,1968-04-22,0,0,A,2003-07-25,0,RA,21,16807,2003-10-03,1
12340,2,1970-02-21,1120,1,M,2003-07-25,0,Unknown,21,88881,,0
12341,2,1998-10-08,0,0,C,2003-07-28,2,Unknown,21,10107,,0
12342,2,1975-02-24,1673,1,G,2003-07-28,2,Unknown,10,10807,,0
12343,2,1933-11-18,0,0,A,2003-07-29,0,Unknown,25,88882,,0
12344,3,1974-04-17,0,2,A,2003-07-30,2,Unknown,10,12149,,0
12345,4,1974-07-16,0,0,C,2003-07-30,2,Unknown,10,18319,,0
12346,4,1960-01-21,3441,1,U,2003-07-30,2,Unknown,10,18319,,0
12347,4,1976-07-01,0,2,C,2003-07-31,2,Unknown,10,10107,,0
12348,4,1980-11-02,0,0,C,2003-07-31,2,Unknown,10,10907,,0
12349,4,1979-06-30,1331,0,C,2003-07-31,2,Unknown,10,13507,,0
12350,2,1977-09-12,0,0,C,2003-08-01,2,Unknown,10,12149,,0
12351,4,1981-03-16,0,0,C,2003-08-04,2,Unknown,10,18707,,0
12352,2,1976-06-28,1205,1,M,2003-08-04,2,Unknown,10,10307,,0
12353,3,1974-05-27,0,0,A,2003-08-04,0,Unknown,23,88883,,0
12354,2,1956-12-22,0,0,A,2003-08-05,0,Unknown,21,88882,,0
12355,2,1974-04-07,0,0,A,2003-08-05,0,Unknown,10,13907,,0
12356,3,1971-03-06,0,0,M,2003-08-05,2,Unknown,10,18707,,0
12357,2,1978-12-22,1740,0,C,2003-08-05,2,Unknown,10,16707,,0
12358,2,1940-05-21,0,0,A,2003-08-06,0,Unknown,25,88882,,0
12359,4,1961-10-10,0,0,C,2003-08-06,2,Unknown,10,10307,,0
12360,2,1962-11-04,0,2,M,2003-08-06,0,Unknown,10,12149,,0
12361,3,1954-05-29,3400,3,D,2003-08-07,2,Unknown,10,10107,,0
12362,4,1999-10-30,0,0,C,2003-08-07,2,Unknown,21,10107,,0
12363,4,1976-09-25,0,0,U,2003-08-07,2,Unknown,10,16607,,0
12364,2,1974-11-02,0,0,M,2003-08-08,2,Unknown,10,13907,,0
12365,3,1954-05-25,0,0,M,2003-08-08,2,Unknown,10,15707,,0
12366,2,1972-10-25,0,2,U,2003-08-11,2,Unknown,10,11907,,0
12367,2,1980-08-12,0,0,C,2003-08-11,2,Unknown,10,88881,,0
12368,3,1935-12-15,0,0,A,2003-08-12,0,Unknown,23,88883,,0
12369,4,1974-12-27,1345,0,A,2003-08-13,0,DA,21,11307,2003-09-25,1
12370,4,1966-10-03,990,1,C,2003-08-13,2,Unknown,10,10207,,0
12371,2,1940-04-09,0,0,M,2003-08-14,2,Unknown,10,10107,,0
12372,3,1944-04-07,1316,1,M,2003-08-14,2,Unknown,10,88881,,0
12373,2,1978-11-09,0,0,C,2003-08-18,2,Unknown,10,10107,,0
12374,3,1976-02-05,0,0,C,2003-08-18,2,Unknown,10,17907,,0
12375,3,1972-03-11,0,0,C,2003-08-19,2,Unknown,10,10307,,0
12376,2,1980-10-17,1830,0,C,2003-08-20,2,Unknown,10,10107,,0
12377,3,1973-09-13,0,0,M,2003-08-20,2,Unknown,10,13607,,0
12378,4,1977-05-31,1600,0,P,2003-08-21,2,Unknown,10,15707,,0
12379,2,1986-08-08,0,0,C,2003-08-21,2,Unknown,21,10107,,0
12380,2,1979-06-08,0,0,C,2003-08-21,2,Unknown,10,17807,,0
12381,2,1968-09-24,0,0,U,2003-08-21,0,Unknown,10,13807,,0
12382,4,1977-02-05,0,0,C,2003-08-21,2,Unknown,10,10207,,0
12383,2,1960-03-28,0,0,A,2003-08-21,0,Unknown,24,88884,,0
12384,3,1956-05-16,1500,1,M,2003-08-22,0,Unknown,21,88882,,0
12385,3,1953-07-13,0,0,A,2003-08-22,0,Unknown,25,88882,,0
12386,3,1974-12-06,0,2,M,2003-08-22,2,Unknown,10,14607,,0
12387,2,1978-10-19,0,0,U,2003-08-22,0,Unknown,10,16707,,0
12388,2,1942-07-14,1526,0,A,2003-08-25,0,Unknown,21,11307,,0
12389,2,1977-04-06,0,0,C,2003-08-25,2,Unknown,10,17907,,0
12390,2,1977-02-13,1550,0,P,2003-08-25,2,Unknown,10,14707,,0
12391,4,1978-09-21,1630,0,P,2003-08-25,2,Unknown,10,14707,,0
12392,2,1934-01-10,0,0,A,2003-08-26,0,Unknown,25,88882,,0
12393,2,1990-02-21,0,0,A,2003-08-27,0,Unknown,21,11307,,0
12394,4,1965-01-15,0,0,C,2003-08-27,2,Unknown,10,10107,,0
12395,4,1978-06-09,0,0,P,2003-08-28,2,Unknown,10,15707,,0
12396,4,1995-10-10,0,0,C,2003-08-28,2,Unknown,21,10107,,0
12397,2,1977-01-01,0,0,C,2003-08-28,2,Unknown,10,14707,,0
12398,2,1965-12-26,0,0,A,2003-08-29,0,Unknown,25,88882,,0
12399,3,1977-01-15,0,1,M,2003-08-29,2,Unknown,10,11907,,0
12400,4,1985-12-28,0,0,C,2003-08-29,2,Unknown,21,10107,,0
12401,2,1979-01-21,0,0,C,2003-08-29,2,Unknown,10,13807,,0
12402,2,1969-12-10,0,0,C,2003-09-01,2,Unknown,10,10107,,0
12403,2,1981-11-22,2350,1,U,2003-09-01,2,Unknown,10,10107,,0
12404,2,1953-04-28,0,0,A,2003-09-01,0,Unknown,21,88882,,0
12405,2,1957-04-24,0,0,A,2003-09-01,0,Unknown,21,88882,,0
12406,3,1965-07-05,700,2,B,2003-09-01,0,Unknown,21,88881,,0
12407,3,1980-08-04,1495,1,C,2003-09-02,2,Unknown,10,13507,,0
12408,2,1970-07-28,0,0,C,2003-09-02,2,Unknown,10,10507,,0
12409,3,1967-02-09,0,2,D,2003-09-02,2,Unknown,10,10207,,0
12410,3,1956-09-14,0,0,A,2003-09-05,0,Unknown,21,88882,,0
12411,2,1942-09-07,2804,4,A,2003-09-08,0,Unknown,21,11307,,0
12412,3,1959-11-02,0,0,A,2003-09-08,0,Unknown,21,88882,,0
12413,2,1965-12-01,1390,0,C,2003-09-08,2,Unknown,10,15707,,0
12414,4,1978-03-24,1345,0,U,2003-09-08,2,Unknown,10,15707,,0
12415,2,1977-09-15,1580,0,C,2003-09-08,2,Unknown,10,13907,,0
12416,3,1971-03-02,0,3,M,2003-09-08,2,Unknown,10,10107,,0
12417,4,1978-06-14,0,0,C,2003-09-08,2,Unknown,10,10107,,0
12418,3,1959-04-14,0,2,M,2003-09-08,2,Unknown,10,10207,,0
12419,2,1966-12-28,0,2,M,2003-09-08,2,Unknown,10,10207,,0
12420,2,1968-11-13,2000,3,U,2003-09-09,2,Unknown,10,10107,,0
12421,2,1948-10-22,0,0,A,2003-09-09,0,Unknown,25,88882,,0
12422,4,1976-08-14,1218,0,C,2003-09-10,2,Unknown,10,10107,,0
12423,3,1980-12-11,0,0,C,2003-09-10,2,Unknown,10,16807,,0
12424,2,1969-06-20,1300,1,M,2003-09-10,2,Unknown,10,10807,,0
12425,2,1977-08-04,0,0,M,2003-09-11,2,Unknown,10,17607,,0
12426,2,1960-11-28,0,0,M,2003-09-11,2,Unknown,10,15707,,0
12427,3,1965-04-16,0,3,M,2003-09-11,0,Unknown,10,10107,,0
12428,2,1969-07-29,2256,3,M,2003-09-12,2,Unknown,10,17807,,0
12429,2,1967-12-06,2765,1,U,2003-09-12,0,Unknown,10,18319,,0
12430,4,1981-06-09,1352,0,C,2003-09-16,2,Unknown,10,14707,,0
12431,4,1972-06-19,0,0,C,2003-09-17,2,Unknown,10,10907,,0
12432,2,1968-12-12,0,0,C,2003-09-17,2,Unknown,10,17807,,0
12433,4,1979-07-07,1420,0,C,2003-09-17,2,Unknown,10,13507,,0
12434,2,1976-05-14,0,0,C,2003-09-17,2,Unknown,10,10207,,0
12435,3,1945-12-31,0,0,D,2003-09-18,2,Unknown,10,10907,,0
12436,3,1942-10-17,0,0,A,2003-09-18,0,Unknown,21,88882,,0
12437,4,1964-05-06,2184,0,C,2003-09-19,0,Unknown,10,11307,,0
12438,3,1966-09-21,0,0,A,2003-09-19,0,Unknown,23,88883,,0
12439,4,1968-06-14,0,0,C,2003-09-19,2,Unknown,10,13907,,0
12440,2,1971-10-24,0,0,U,2003-09-19,2,Unknown,10,14707,,0
12441,3,1935-01-25,0,0,A,2003-09-22,0,Unknown,25,88882,,0
12442,2,1978-08-14,0,0,C,2003-09-22,2,Unknown,10,14707,,0
12443,3,1968-12-12,0,0,A,2003-09-23,0,Unknown,23,88883,,0
12444,3,1979-03-28,0,0,M,2003-09-23,2,Unknown,10,14607,,0
12445,2,1977-05-08,0,0,C,2003-09-23,2,Unknown,10,10107,,0
12446,2,1977-01-22,0,0,C,2003-09-23,2,Unknown,10,10107,,0
12447,4,1977-11-03,1500,0,C,2003-09-23,2,Unknown,10,10307,,0
12448,2,1961-10-28,0,0,M,2003-09-23,2,Unknown,10,10307,,0
12449,3,1930-04-30,0,0,A,2003-09-25,0,Unknown,21,88882,,0
12450,2,1961-05-30,0,0,A,2003-09-25,0,Unknown,21,88882,,0
12451,2,1978-03-09,1315,0,M,2003-09-25,0,DV,21,14607,2007-03-19,1
12452,4,1976-06-21,1350,1,U,2003-09-25,2,Unknown,10,14607,,0
12453,4,1978-11-09,0,0,C,2003-09-25,2,Unknown,10,14707,,0
12454,3,1974-10-07,0,0,M,2003-09-25,2,Unknown,10,13507,,0
12455,3,1956-10-10,2500,2,M,2003-09-25,0,Unknown,21,88881,,0
12456,4,1979-12-10,0,0,C,2003-09-26,0,Unknown,10,13907,,0
12457,3,1972-01-22,465,2,G,2003-09-26,2,Unknown,10,13507,,0
12458,2,1954-07-02,0,0,M,2003-09-29,2,Unknown,10,10907,,0
12459,2,1980-03-26,1900,0,C,2003-09-29,0,Unknown,10,10107,,0
12460,3,1978-09-11,0,0,M,2003-09-29,0,Unknown,10,13507,,0
12461,2,1946-06-15,0,0,A,2003-09-30,0,Unknown,21,88882,,0
12462,2,1965-01-09,0,0,A,2003-09-30,0,Unknown,21,88882,,0
12463,3,1948-08-10,0,0,A,2003-09-30,0,Unknown,25,88882,,0
12464,3,1950-05-30,0,0,A,2003-09-30,0,Unknown,21,88882,,0
12465,3,1978-10-03,1640,0,M,2003-09-30,2,Unknown,10,17907,,0
12466,3,1948-03-08,0,0,A,2003-10-01,0,Unknown,21,11307,,0
12467,2,1952-08-12,0,0,A,2003-10-01,0,Unknown,21,88882,,0
12468,3,1952-02-27,0,0,A,2003-10-01,0,Unknown,21,88881,,0
12469,3,1974-11-05,1400,1,M,2003-10-02,2,Unknown,10,10307,,0
12470,2,1983-02-02,0,0,C,2003-10-02,0,Unknown,10,10107,,0
12471,2,1972-05-15,0,0,M,2003-10-02,2,Unknown,10,13907,,0
12472,4,1974-03-16,1525,0,C,2003-10-02,2,Unknown,10,17907,,0
12473,2,1979-07-15,0,0,A,2003-10-02,0,Unknown,10,10807,,0
12474,3,1954-09-07,722,2,M,2003-10-02,2,Unknown,10,88881,,0
12475,4,1963-05-27,0,0,C,2003-10-03,2,Unknown,10,15707,,0
12476,3,1951-07-22,0,0,A,2003-10-03,0,Unknown,25,88882,,0
12477,3,1952-08-24,0,0,A,2003-10-03,0,Unknown,25,88882,,0
12478,2,1969-09-07,1100,2,B,2003-10-06,0,Unknown,21,11307,,0
12479,2,1957-02-24,0,1,M,2003-10-06,2,Unknown,10,10107,,0
12480,3,1955-08-11,2500,2,M,2003-10-06,2,Unknown,10,10507,,0
12481,3,1948-09-11,680,1,B,2003-10-06,0,Unknown,21,88881,,0
12482,3,1952-12-07,2000,0,G,2003-10-06,0,Unknown,21,88881,,0
12483,3,1974-10-16,0,0,A,2003-10-07,0,Unknown,10,13807,,0
12484,2,1966-02-04,1600,2,M,2003-10-07,0,Unknown,21,88881,,0
12485,2,1976-06-23,2400,1,M,2003-10-08,2,Unknown,10,11307,,0
12486,2,1951-06-11,1054,0,M,2003-10-08,2,Unknown,10,10907,,0
12487,3,1976-05-15,0,1,M,2003-10-08,2,Unknown,10,10107,,0
12488,4,1969-09-21,0,0,C,2003-10-08,0,Unknown,10,17807,,0
12489,3,1978-01-23,0,1,M,2003-10-08,2,Unknown,10,14707,,0
12490,3,1945-12-04,1348,0,M,2003-10-09,2,Unknown,10,17607,,0
12491,2,1975-01-27,0,0,M,2003-10-09,2,Unknown,10,13507,,0
12492,3,1946-05-25,0,0,A,2003-10-10,0,Unknown,25,88882,,0
12493,4,1975-02-26,0,0,C,2003-10-10,2,Unknown,10,16807,,0
12494,4,1973-02-26,0,0,C,2003-10-13,2,Unknown,10,10807,,0
12495,3,1977-08-14,1500,0,M,2003-10-13,2,Unknown,10,16707,,0
12496,4,1981-03-27,0,0,C,2003-10-13,2,Unknown,10,16707,,0
12497,3,1945-07-28,800,0,M,2003-10-13,0,Unknown,21,88881,,0
12498,3,1968-09-12,1502,2,M,2003-10-14,2,Unknown,10,11607,,0
12499,2,1975-10-03,0,0,M,2003-10-15,2,Unknown,10,17807,,0
12500,4,1979-02-20,1610,0,C,2003-10-15,2,Unknown,10,10807,,0
12501,3,1960-07-05,1256,2,M,2003-10-15,0,Unknown,21,88881,,0
12502,3,1975-10-29,1650,0,M,2003-10-16,2,Unknown,10,16707,,0
12503,3,1975-09-20,1780,0,U,2003-10-17,2,Unknown,10,11307,,0
12504,2,1979-10-09,0,0,U,2003-10-17,2,Unknown,10,10107,,0
12505,2,1991-10-12,0,0,C,2003-10-17,2,Unknown,21,10107,,0
12506,2,1972-07-21,0,1,M,2003-10-17,2,Unknown,10,10107,,0
12507,3,1967-05-07,0,0,A,2003-10-17,2,Unknown,10,12149,,0
12508,3,1963-01-18,0,0,A,2003-10-20,0,Unknown,25,88882,,0
12509,4,1949-03-07,0,0,C,2003-10-20,2,Unknown,10,10107,,0
12510,2,1975-03-23,0,0,U,2003-10-20,2,Unknown,10,16807,,0
12511,4,1970-02-23,0,0,U,2003-10-20,0,Unknown,10,10207,,0
12512,3,1975-01-10,782,1,M,2003-10-21,2,Unknown,10,10307,,0
12513,4,1960-02-07,0,0,C,2003-10-21,0,Unknown,23,88883,,0
12514,2,1926-08-28,0,0,A,2003-10-22,0,Unknown,21,88882,,0
12515,2,1979-05-14,0,1,M,2003-10-22,2,Unknown,10,18707,,0
12516,2,1946-11-03,0,0,A,2003-10-23,0,Unknown,21,11307,,0
12517,3,1975-05-02,0,0,M,2003-10-23,2,Unknown,10,17607,,0
12518,2,1964-06-18,0,0,U,2003-10-23,0,DV,21,13507,2006-12-11,1
12519,2,1948-02-08,3200,0,M,2003-10-23,0,Unknown,21,88881,,0
12520,3,1973-05-04,1620,2,M,2003-10-24,2,Unknown,10,10107,,0
12521,2,1977-03-05,0,0,C,2003-10-24,2,Unknown,10,10807,,0
12522,4,1956-08-25,0,0,C,2003-10-24,2,Unknown,10,16607,,0
12523,4,1974-09-23,0,0,C,2003-10-24,2,Unknown,10,14707,,0
12524,3,1949-09-29,3300,3,M,2003-10-24,0,Unknown,21,88881,,0
12525,2,1967-10-03,0,0,C,2003-10-27,0,Unknown,10,10107,,0
12526,3,1975-03-06,1900,0,G,2003-10-27,2,Unknown,10,14707,,0
12527,4,1981-01-15,0,0,C,2003-10-28,2,Unknown,10,13507,,0
12528,3,1975-09-15,0,0,A,2003-10-29,0,Unknown,23,88883,,0
12529,4,1980-09-01,0,0,C,2003-10-29,2,Unknown,10,10107,,0
12530,3,1956-05-03,0,0,D,2003-10-29,2,Unknown,10,10107,,0
12531,2,1961-05-18,0,2,M,2003-10-29,2,Unknown,10,13507,,0
12532,2,1970-06-11,916,0,M,2003-10-29,2,Unknown,10,88881,,0
12533,3,1951-01-07,0,0,A,2003-10-30,2,DA,21,14607,2003-11-21,1
12534,2,1974-10-28,1273,0,C,2003-10-30,2,Unknown,10,14607,,0
12535,4,1988-11-11,0,0,C,2003-10-30,2,Unknown,21,10107,,0
12536,4,1969-10-30,0,0,C,2003-10-30,0,Unknown,10,10107,,0
12537,3,1952-11-27,0,0,M,2003-10-31,2,Unknown,10,14607,,0
12538,3,1932-08-19,0,0,M,2003-10-31,2,Unknown,10,10107,,0
12539,4,1973-04-07,1994,0,U,2003-11-03,2,Unknown,10,10107,,0
12540,2,1973-07-11,1790,1,S,2003-11-03,2,Unknown,10,10107,,0
12541,2,1979-07-03,0,0,U,2003-11-03,2,Unknown,10,13607,,0
12542,2,1962-12-10,0,0,A,2003-11-03,0,Unknown,25,88882,,0
12543,3,1966-03-16,0,0,M,2003-11-04,2,Unknown,10,13507,,0
12544,3,1980-09-22,1600,1,B,2003-11-04,2,Unknown,10,16607,,0
12545,2,1947-09-02,3100,0,M,2003-11-04,2,Unknown,10,10907,,0
12546,2,1968-02-21,1808,3,U,2003-11-04,2,Unknown,10,10207,,0
12547,2,1954-05-05,0,2,M,2003-11-04,2,Unknown,10,18707,,0
12548,2,1970-06-28,1525,0,U,2003-11-04,2,Unknown,10,16707,,0
12549,2,1938-08-28,0,0,A,2003-11-04,0,Unknown,21,88882,,0
12550,2,1990-06-04,0,0,C,2003-11-05,2,Unknown,21,10107,,0
12551,2,1966-12-27,0,0,M,2003-11-05,2,Unknown,10,10307,,0
12552,2,1977-05-27,0,0,C,2003-11-05,2,Unknown,10,18319,,0
12553,2,1973-01-14,2410,0,A,2003-11-06,0,Unknown,21,11307,,0
12554,2,1964-05-01,0,0,A,2003-11-06,0,Unknown,21,88882,,0
12555,2,1958-08-15,0,0,A,2003-11-06,0,Unknown,25,88882,,0
12556,3,1958-04-23,0,1,S,2003-11-06,2,Unknown,10,11607,,0
12557,2,1967-09-14,1356,2,M,2003-11-07,2,Unknown,21,11307,,0
12558,3,1964-06-05,2258,3,B,2003-11-07,2,Unknown,10,13507,,0
12559,2,1953-03-13,0,0,U,2003-11-07,0,Unknown,10,11907,,0
12560,2,1981-08-20,2414,0,C,2003-11-07,2,Unknown,10,18319,,0
12561,3,1969-04-25,0,0,A,2003-11-07,0,Unknown,25,88882,,0
12562,3,1953-11-09,0,0,A,2003-11-10,0,Unknown,21,88882,,0
12563,2,1955-01-09,0,0,M,2003-11-10,2,Unknown,10,18707,,0
12564,2,1979-02-21,0,0,C,2003-11-10,2,Unknown,10,10807,,0
12565,2,1955-07-03,2508,2,U,2003-11-12,0,Unknown,21,11307,,0
12566,2,1970-01-02,1744,3,M,2003-11-12,2,Unknown,10,13907,,0
12567,4,1965-05-07,0,2,C,2003-11-12,2,Unknown,10,10107,,0
12568,2,1962-04-07,1230,1,G,2003-11-13,2,Unknown,21,11307,,0
12569,4,1987-02-26,0,0,C,2003-11-13,2,Unknown,21,10107,,0
12570,2,1978-08-26,1443,0,C,2003-11-13,2,Unknown,10,10307,,0
12571,3,1960-11-20,0,0,M,2003-11-14,2,Unknown,10,10507,,0
12572,3,1962-04-23,1790,2,B,2003-11-14,2,Unknown,10,14607,,0
12573,4,1963-02-16,0,0,C,2003-11-14,2,Unknown,10,10207,,0
12574,2,1972-01-25,1300,0,M,2003-11-14,0,Unknown,21,88881,,0
12575,2,1978-12-20,0,0,C,2003-11-17,2,Unknown,10,11607,,0
12576,4,1977-02-07,0,0,C,2003-11-18,2,Unknown,10,18707,,0
12577,3,1954-05-13,1829,3,M,2003-11-18,0,Unknown,21,88881,,0
12578,2,1977-02-01,0,0,C,2003-11-19,2,Unknown,10,13907,,0
12579,4,1983-05-06,1100,0,U,2003-11-19,2,Unknown,10,10107,,0
12580,3,1974-05-13,1463,1,M,2003-11-19,2,Unknown,10,14707,,0
12581,2,1971-09-11,1158,1,A,2003-11-20,0,Unknown,21,11307,,0
12582,2,1966-03-23,0,0,A,2003-11-20,0,Unknown,25,88882,,0
12583,2,1979-12-19,0,0,C,2003-11-20,2,Unknown,10,15607,,0
12584,4,1991-11-17,0,0,C,2003-11-20,2,Unknown,21,10107,,0
12585,2,1997-04-11,0,0,C,2003-11-21,2,Unknown,21,10107,,0
12586,3,1959-12-08,0,0,A,2003-11-24,0,Unknown,21,88882,,0
12587,3,1952-12-20,0,0,D,2003-11-24,2,Unknown,10,14607,,0
12588,4,1975-01-01,0,0,C,2003-11-24,2,Unknown,10,10107,,0
12589,2,1997-03-18,0,0,C,2003-11-24,2,Unknown,21,10107,,0
12590,2,1941-05-16,0,0,M,2003-11-24,2,Unknown,10,10907,,0
12591,2,1964-04-04,2024,3,M,2003-11-24,2,Unknown,10,88881,,0
12592,2,1964-09-25,1400,0,U,2003-11-25,2,Unknown,10,11307,,0
12593,2,1976-07-05,497,0,A,2003-11-25,0,Unknown,21,11307,,0
12594,2,1979-08-22,0,0,P,2003-11-25,2,Unknown,10,14607,,0
12595,4,1970-12-31,1400,0,C,2003-11-25,2,Unknown,10,13907,,0
12596,2,1978-03-16,1672,1,P,2003-11-25,2,Unknown,10,13807,,0
12597,3,1947-05-31,1884,0,M,2003-11-26,0,Unknown,25,88882,,0
12598,2,1933-04-07,0,0,A,2003-11-26,0,Unknown,25,88882,,0
12599,3,1970-02-25,2123,3,B,2003-11-26,2,Unknown,10,17807,,0
12600,3,1960-07-07,0,0,A,2003-11-27,0,Unknown,25,88882,,0
12601,3,1964-11-16,1711,4,M,2003-11-27,2,Unknown,10,13807,,0
12602,4,1957-03-20,0,0,C,2003-11-27,2,Unknown,10,18707,,0
12603,3,1962-01-05,0,0,A,2003-11-27,0,Unknown,21,88881,,0
12604,3,1945-03-22,0,0,M,2003-11-27,0,Unknown,21,88881,,0
12605,2,1968-07-10,0,0,M,2003-11-28,2,Unknown,10,18707,,0
12606,2,1966-11-15,0,0,A,2003-11-28,0,Unknown,21,88882,,0
12607,2,2003-09-21,0,0,C,2003-12-01,2,Unknown,21,10107,,0
12608,2,1979-04-24,1413,0,C,2003-12-01,2,Unknown,10,10107,,0
12609,4,1974-12-24,1700,0,G,2003-12-02,2,Unknown,10,15807,,0
12610,4,1972-04-11,0,0,C,2003-12-02,2,Unknown,10,16707,,0
12611,2,1947-08-14,0,0,A,2003-12-02,0,Unknown,21,88882,,0
12612,3,1958-12-23,0,0,A,2003-12-02,0,Unknown,21,88882,,0
12613,2,1947-02-20,0,0,A,2003-12-03,0,Unknown,21,11307,,0
12614,3,1941-11-01,0,0,A,2003-12-03,0,Unknown,21,88882,,0
12615,3,1963-10-13,0,0,M,2003-12-04,2,Unknown,10,13907,,0
12616,3,1963-04-10,0,0,A,2003-12-04,0,Unknown,25,88882,,0
12617,2,1973-04-12,1607,0,U,2003-12-05,2,Unknown,10,15807,,0
12618,2,1963-03-19,0,0,A,2003-12-08,0,Unknown,25,88882,,0
12619,3,1943-11-11,0,0,M,2003-12-09,2,Unknown,10,13507,,0
12620,2,1978-02-28,0,0,C,2003-12-09,2,Unknown,10,18707,,0
12621,2,1947-01-01,0,0,A,2003-12-10,0,Unknown,25,88882,,0
12622,3,1973-02-02,0,0,M,2003-12-11,2,Unknown,10,16707,,0
12623,2,1972-07-08,0,0,A,2003-12-12,0,Unknown,21,88882,,0
12624,4,1986-12-22,0,0,C,2003-12-15,2,Unknown,21,10107,,0
12625,3,1969-01-09,1535,2,M,2003-12-15,2,Unknown,10,10907,,0
12626,2,1977-11-03,1434,0,C,2003-12-15,2,Unknown,10,18707,,0
12627,2,1968-09-16,1405,0,C,2003-12-15,2,Unknown,10,16707,,0
12628,3,1976-10-30,0,0,M,2003-12-15,0,Unknown,21,88886,,0
12629,2,1958-01-15,0,0,A,2003-12-15,0,Unknown,21,88881,,0
12630,3,1941-03-08,852,0,G,2003-12-15,0,Unknown,21,88881,,0
12631,2,1940-04-29,0,0,M,2003-12-16,2,Unknown,10,11307,,0
12632,3,1967-11-10,798,2,G,2003-12-16,2,Unknown,10,11307,,0
12633,2,1970-08-08,0,0,A,2003-12-16,0,Unknown,23,88883,,0
12634,2,1977-03-29,0,0,C,2003-12-16,2,Unknown,10,10907,,0
12635,3,1936-05-03,0,0,A,2003-12-16,0,Unknown,21,88885,,0
12636,2,1976-08-28,0,0,A,2003-12-17,0,Unknown,10,10107,,0
12637,2,1963-07-02,2114,0,M,2003-12-17,2,Unknown,10,16807,,0
12638,3,1980-03-18,1500,1,U,2003-12-17,2,Unknown,10,14707,,0
12639,2,1969-12-07,3200,1,S,2003-12-18,0,Unknown,23,88883,,0
12640,3,1946-03-13,0,0,A,2003-12-18,0,Unknown,21,88882,,0
12641,2,1975-12-11,1032,0,U,2003-12-18,2,Unknown,10,15707,,0
12642,2,1933-08-11,0,0,M,2003-12-18,2,Unknown,10,10807,,0
12643,2,1971-07-08,1900,0,B,2003-12-19,0,Unknown,21,11307,,0
12644,2,1943-03-13,0,0,A,2003-12-19,0,Unknown,25,88882,,0
12645,3,1976-06-30,0,0,M,2003-12-19,2,Unknown,10,13807,,0
12646,3,1937-06-12,2227,0,M,2003-12-19,0,Unknown,21,88881,,0
12647,3,1974-02-08,1960,2,M,2003-12-22,0,Unknown,21,11307,,0
12648,3,1972-12-04,0,0,M,2003-12-22,2,Unknown,10,10107,,0
12649,4,1948-03-31,4645,0,C,2003-12-22,2,Unknown,10,10507,,0
12650,2,1955-03-24,0,0,A,2003-12-23,0,Unknown,21,88882,,0
12651,4,1967-08-30,0,3,C,2003-12-23,2,Unknown,10,10207,,0
12652,3,1951-06-05,0,0,M,2003-12-24,2,Unknown,10,18707,,0
12653,3,1963-07-22,1745,2,M,2003-12-26,2,Unknown,10,10107,,0
12654,3,1970-01-17,0,0,A,2003-12-29,0,Unknown,23,88883,,0
12655,2,1997-08-11,0,0,A,2003-12-29,0,Unknown,21,10107,,0
12656,3,1960-08-15,1758,0,G,2003-12-29,2,Unknown,10,10107,,0
12657,2,1973-10-07,1240,1,U,2003-12-29,2,Unknown,10,11907,,0
12658,2,1956-01-28,0,0,A,2003-12-30,0,Unknown,25,88882,,0
12659,2,1969-12-26,1909,0,A,2003-12-30,0,Unknown,23,88883,,0
12660,3,1980-09-15,0,0,M,2003-12-31,2,Unknown,10,10107,,0
12661,2,1962-05-25,0,0,A,2003-12-31,2,Unknown,10,10107,,0
12662,4,1980-04-30,0,0,C,2004-01-02,2,Unknown,10,12149,,0
12663,3,1951-10-20,0,0,D,2004-01-05,2,Unknown,10,10907,,0
12664,2,1977-04-16,0,0,U,2004-01-06,2,Unknown,10,10907,,0
12665,3,1957-11-09,954,3,M,2004-01-07,2,Unknown,10,17607,,0
12666,4,1979-08-14,0,0,C,2004-01-07,2,Unknown,10,10107,,0
12667,4,1979-10-08,1436,0,C,2004-01-07,2,Unknown,10,18707,,0
12668,2,1964-07-31,2459,0,C,2004-01-07,2,Unknown,10,18319,,0
12669,3,1976-03-28,1264,0,U,2004-01-08,2,Unknown,10,13507,,0
12670,2,1973-03-01,0,0,A,2004-01-08,0,Unknown,10,17807,,0
12671,4,1978-05-23,1500,0,C,2004-01-08,2,Unknown,10,10907,,0
12672,4,1967-03-06,2177,0,C,2004-01-09,2,Unknown,10,18319,,0
12673,3,1946-06-23,0,0,A,2004-01-12,0,Unknown,25,88882,,0
12674,2,1954-12-20,0,0,A,2004-01-13,0,Unknown,21,11307,,0
12675,4,1972-11-09,0,0,P,2004-01-13,2,Unknown,10,15807,,0
12676,2,1975-02-06,1240,0,C,2004-01-13,2,Unknown,10,16707,,0
12677,4,1967-02-06,0,0,C,2004-01-13,0,Unknown,23,88883,,0
12678,3,1951-07-30,0,0,A,2004-01-14,0,Unknown,21,88882,,0
12679,4,1968-10-02,0,0,C,2004-01-15,0,Unknown,25,88882,,0
12680,4,1996-05-03,0,0,C,2004-01-15,2,Unknown,21,10107,,0
12681,2,1974-06-18,1398,0,C,2004-01-15,2,Unknown,10,10907,,0
12682,2,1950-12-01,0,0,A,2004-01-16,0,Unknown,25,88882,,0
12683,3,1954-10-19,0,0,A,2004-01-16,0,Unknown,21,88882,,0
12684,2,1948-02-23,0,0,A,2004-01-16,0,Unknown,21,88882,,0
12685,2,1937-09-12,2910,0,B,2004-01-16,2,Unknown,10,12149,,0
12686,2,1942-09-13,0,0,M,2004-01-16,2,Unknown,10,18707,,0
12687,2,1979-08-15,1260,0,U,2004-01-16,0,Unknown,21,88881,,0
12688,2,1973-12-30,0,2,M,2004-01-19,2,Unknown,10,10107,,0
12689,2,1977-10-13,1578,0,C,2004-01-20,2,Unknown,10,15707,,0
12690,2,1951-08-28,2275,1,V,2004-01-20,2,Unknown,10,10107,,0
12691,2,1969-10-27,0,0,M,2004-01-20,2,Unknown,10,16807,,0
12692,2,1979-03-03,1600,0,C,2004-01-21,2,Unknown,10,14707,,0
12693,2,1975-10-02,1589,0,U,2004-01-21,2,Unknown,10,10107,,0
12694,4,1988-09-20,0,0,C,2004-01-21,2,Unknown,21,10107,,0
12695,2,1975-07-03,1904,0,M,2004-01-22,2,Unknown,10,10107,,0
12696,3,1972-12-02,0,0,M,2004-01-23,2,Unknown,10,13907,,0
12697,4,1988-05-24,0,0,C,2004-01-23,2,Unknown,21,10107,,0
12698,3,1960-08-26,0,0,M,2004-01-23,2,Unknown,10,12149,,0
12699,2,1988-11-19,0,0,C,2004-01-26,2,Unknown,21,10107,,0
12700,2,1953-08-31,0,1,M,2004-01-26,2,Unknown,10,10107,,0
12701,3,1970-02-09,0,2,M,2004-01-27,2,Unknown,10,10107,,0
12702,4,1972-11-25,0,0,U,2004-01-27,0,Unknown,10,13507,,0
12703,2,1954-07-15,0,0,A,2004-01-28,0,Unknown,21,88882,,0
12704,3,1948-02-17,1033,0,M,2004-01-28,2,Unknown,10,13807,,0
12705,2,1944-08-22,1164,0,M,2004-01-28,2,Unknown,10,13807,,0
12706,2,1971-08-18,1380,3,M,2004-01-28,2,Unknown,10,16707,,0
12707,4,1987-03-19,0,0,C,2004-01-29,2,Unknown,21,10107,,0
12708,2,1964-10-14,3600,3,M,2004-01-29,2,Unknown,10,18707,,0
12709,4,1973-07-01,1500,3,U,2004-01-29,0,Unknown,21,88881,,0
12710,4,1997-02-27,0,0,C,2004-01-30,2,Unknown,21,10107,,0
12711,4,1969-11-21,0,0,C,2004-02-02,0,Unknown,25,88882,,0
12712,3,1973-03-02,2960,3,M,2004-02-02,2,Unknown,10,10107,,0
12713,2,1964-08-15,1643,3,M,2004-02-03,0,Unknown,10,11307,,0
12714,2,1941-11-11,0,0,A,2004-02-03,0,Unknown,21,88882,,0
12715,4,1975-12-14,0,1,U,2004-02-03,2,Unknown,10,10107,,0
12716,3,1971-05-04,0,0,M,2004-02-03,2,Unknown,10,18707,,0
12717,3,1952-09-19,2100,2,M,2004-02-03,2,Unknown,10,10507,,0
12718,3,1980-08-01,1519,0,C,2004-02-03,2,Unknown,10,10807,,0
12719,2,1975-12-17,0,0,M,2004-02-04,2,Unknown,10,14607,,0
12720,4,1978-08-28,1300,0,U,2004-02-04,2,Unknown,10,10807,,0
12721,4,1972-04-21,0,1,C,2004-02-04,2,Unknown,10,10207,,0
12722,3,1950-08-23,0,0,A,2004-02-05,0,Unknown,25,88882,,0
12723,4,1979-08-22,1547,0,U,2004-02-05,2,Unknown,10,10107,,0
12724,4,1973-08-23,0,0,C,2004-02-05,2,Unknown,10,10107,,0
12725,2,1967-03-29,0,0,M,2004-02-05,2,Unknown,10,13607,,0
12726,4,1954-10-18,0,0,C,2004-02-05,2,Unknown,10,13507,,0
12727,3,1954-08-29,3145,0,D,2004-02-05,2,Unknown,10,13507,,0
12728,4,1981-08-26,0,0,C,2004-02-05,2,Unknown,10,13807,,0
12729,3,1953-11-15,0,1,D,2004-02-05,2,Unknown,10,10207,,0
12730,2,1960-04-05,0,0,A,2004-02-06,0,Unknown,25,88882,,0
12731,3,1941-07-30,0,0,A,2004-02-06,0,Unknown,21,88882,,0
12732,2,1961-04-01,0,0,C,2004-02-06,2,Unknown,10,10107,,0
12733,3,1963-12-03,0,1,D,2004-02-06,2,Unknown,10,10107,,0
12734,3,1961-07-28,0,0,M,2004-02-06,2,Unknown,10,14707,,0
12735,2,1977-08-05,1700,0,U,2004-02-09,2,Unknown,10,14607,,0
12736,4,1965-10-04,0,2,U,2004-02-09,2,Unknown,10,10207,,0
12737,2,1970-03-27,0,0,M,2004-02-10,0,Unknown,10,13607,,0
12738,3,1964-12-08,1651,1,M,2004-02-10,2,Unknown,10,88881,,0
12739,3,1946-10-01,0,0,D,2004-02-11,2,Unknown,10,15607,,0
12740,2,1937-01-03,0,0,D,2004-02-11,2,Unknown,10,16807,,0
12741,2,1979-04-28,0,0,C,2004-02-11,2,Unknown,10,10807,,0
12742,3,1965-06-28,0,0,A,2004-02-12,0,Unknown,21,88882,,0
12743,2,1969-08-30,4762,0,M,2004-02-12,0,Unknown,23,88883,,0
12744,2,1952-07-07,0,0,A,2004-02-12,0,Unknown,21,88882,,0
12745,2,1991-08-30,0,0,C,2004-02-12,2,Unknown,21,10107,,0
12746,4,1981-01-27,1400,0,U,2004-02-12,2,Unknown,10,14707,,0
12747,2,1960-07-13,0,0,A,2004-02-13,0,Unknown,25,88882,,0
12748,3,1973-03-28,0,0,M,2004-02-13,2,Unknown,10,18707,,0
12749,4,1986-05-23,0,0,C,2004-02-13,2,Unknown,21,10307,,0
12750,3,1945-09-19,0,0,V,2004-02-16,2,DA,21,16707,2004-05-11,1
12751,2,1972-08-03,0,3,M,2004-02-16,2,Unknown,10,14707,,0
12752,3,1968-09-06,0,0,A,2004-02-17,0,Unknown,21,88882,,0
12753,3,1972-12-27,0,1,M,2004-02-17,2,Unknown,10,14707,,0
12754,3,1938-06-01,2776,0,M,2004-02-17,2,Unknown,10,88881,,0
12755,2,1989-06-29,0,0,C,2004-02-18,2,Unknown,21,10107,,0
12756,4,1968-03-13,0,0,A,2004-02-18,2,Unknown,10,12149,,0
12757,3,1952-01-27,0,0,A,2004-02-19,0,Unknown,23,88883,,0
12758,2,1949-06-06,0,0,A,2004-02-20,0,Unknown,21,88882,,0
12759,2,1951-08-01,0,0,A,2004-02-20,0,Unknown,25,88882,,0
12760,4,1989-11-13,0,1,C,2004-02-20,2,Unknown,21,10107,,0
12761,4,1981-11-17,0,0,C,2004-02-20,2,Unknown,10,10107,,0
12762,2,1988-01-27,0,0,C,2004-02-20,2,Unknown,21,10107,,0
12763,4,1986-03-02,0,0,C,2004-02-20,2,Unknown,21,10907,,0
12764,3,1956-09-05,1520,1,B,2004-02-23,0,Unknown,21,11307,,0
12765,2,1965-06-12,0,0,A,2004-02-23,0,Unknown,23,88883,,0
12766,2,1966-04-30,0,0,C,2004-02-23,2,Unknown,10,18707,,0
12767,2,1972-04-13,0,0,C,2004-02-24,2,Unknown,10,10307,,0
12768,2,1968-08-21,0,0,A,2004-02-25,0,Unknown,23,88883,,0
12769,2,1948-02-02,0,1,M,2004-02-25,2,Unknown,10,10107,,0
12770,2,1970-10-14,0,0,A,2004-02-26,0,Unknown,23,88883,,0
12771,4,1979-02-12,0,0,C,2004-02-26,2,Unknown,10,10107,,0
12772,2,1975-06-11,1500,0,U,2004-02-26,2,Unknown,10,13507,,0
12773,3,1977-08-24,1500,0,U,2004-02-26,2,Unknown,10,13507,,0
12774,4,1980-12-25,0,0,P,2004-02-26,2,Unknown,10,16707,,0
12775,3,1960-07-12,0,0,D,2004-02-26,2,Unknown,10,14707,,0
12776,2,1942-09-01,0,0,A,2004-02-27,0,Unknown,21,88882,,0
12777,3,1971-10-14,0,0,A,2004-02-27,0,Unknown,23,88883,,0
12778,4,1979-06-01,1490,0,C,2004-02-27,2,Unknown,10,15807,,0
12779,2,1954-02-14,2966,1,D,2004-02-27,2,Unknown,10,12149,,0
12780,2,2003-08-28,0,0,C,2004-03-01,2,Unknown,21,10107,,0
12781,4,1967-03-11,0,3,C,2004-03-01,2,Unknown,10,14707,,0
12782,2,1951-04-18,4300,1,G,2004-03-02,2,Unknown,10,15607,,0
12783,3,1974-03-20,1500,1,U,2004-03-02,0,Unknown,10,10307,,0
12784,4,1981-04-24,0,0,C,2004-03-02,2,Unknown,10,10207,,0
12785,3,1966-01-01,0,0,A,2004-03-03,0,Unknown,21,88882,,0
12786,4,1973-02-10,0,0,C,2004-03-03,0,Unknown,23,88883,,0
12787,2,1967-01-11,2564,1,M,2004-03-03,2,Unknown,10,18319,,0
12788,2,1977-03-28,0,0,C,2004-03-04,2,Unknown,10,10107,,0
12789,2,1952-03-16,1918,1,U,2004-03-05,0,Unknown,21,11307,,0
12790,4,1978-12-09,0,0,C,2004-03-05,0,DV,21,11307,2005-11-17,1
12791,2,1976-10-03,2400,0,P,2004-03-05,0,Unknown,21,11307,,0
12792,2,1975-06-03,0,0,C,2004-03-05,2,Unknown,10,10807,,0
12793,4,1957-02-02,1880,0,U,2004-03-08,2,Unknown,10,11907,,0
12794,2,1960-05-18,0,0,A,2004-03-09,0,Unknown,21,88882,,0
12795,2,1967-07-15,0,0,A,2004-03-09,0,Unknown,21,88882,,0
12796,2,1970-04-02,1400,1,U,2004-03-09,2,Unknown,10,14707,,0
12797,2,1986-12-26,0,0,C,2004-03-10,2,Unknown,21,10107,,0
12798,4,1955-12-09,0,2,C,2004-03-11,2,Unknown,10,10107,,0
12799,2,1973-09-24,2400,1,P,2004-03-11,2,Unknown,10,18707,,0
12800,4,2003-10-10,0,0,C,2004-03-12,2,Unknown,21,10107,,0
12801,2,1963-08-05,2328,2,A,2004-03-15,0,Unknown,23,88883,,0
12802,4,1975-02-10,1767,1,P,2004-03-15,2,Unknown,10,13607,,0
12803,2,1970-05-10,0,3,U,2004-03-15,2,Unknown,10,13507,,0
12804,3,1944-11-15,1040,0,M,2004-03-15,0,Unknown,21,88881,,0
12805,3,1959-09-21,0,0,A,2004-03-16,0,Unknown,21,88882,,0
12806,3,1920-01-01,0,0,A,2004-03-17,0,Unknown,21,11307,,0
12807,4,1973-10-18,0,0,C,2004-03-17,2,Unknown,10,15707,,0
12808,2,1980-09-27,1660,0,C,2004-03-17,2,Unknown,10,18707,,0
12809,3,1952-04-26,0,1,M,2004-03-17,0,Unknown,21,88881,,0
12810,3,1955-07-07,0,0,A,2004-03-18,0,Unknown,21,88882,,0
12811,2,1960-08-13,0,0,A,2004-03-18,0,Unknown,21,88882,,0
12812,4,1956-07-01,0,0,A,2004-03-18,0,Unknown,25,88882,,0
12813,4,1976-07-07,1450,0,U,2004-03-18,2,Unknown,10,15607,,0
12814,4,1979-10-23,0,0,C,2004-03-18,2,Unknown,10,15707,,0
12815,3,1972-04-16,1115,2,M,2004-03-18,2,Unknown,10,10807,,0
12816,2,1937-06-13,0,0,A,2004-03-19,0,Unknown,25,88882,,0
12817,2,1939-12-18,0,0,A,2004-03-19,0,Unknown,21,88882,,0
12818,2,1950-03-20,0,0,A,2004-03-19,0,Unknown,25,88882,,0
12819,4,1990-12-09,0,0,C,2004-03-19,2,Unknown,21,10107,,0
12820,2,1949-07-26,0,1,M,2004-03-19,2,Unknown,10,10107,,0
12821,3,1967-09-10,0,3,M,2004-03-23,2,Unknown,10,10107,,0
12822,2,1967-10-29,2200,0,M,2004-03-23,2,Unknown,10,18707,,0
12823,2,2000-05-05,0,0,C,2004-03-24,2,Unknown,21,10107,,0
12824,3,1965-09-07,0,0,C,2004-03-24,2,Unknown,10,10107,,0
12825,2,1953-08-24,0,0,A,2004-03-25,0,Unknown,23,88883,,0
12826,3,1949-02-19,0,0,M,2004-03-25,2,Unknown,10,15607,,0
12827,2,1943-03-24,0,0,C,2004-03-25,2,Unknown,10,15607,,0
12828,4,1978-12-27,1500,0,U,2004-03-25,2,Unknown,10,15607,,0
12829,4,1958-03-27,0,0,C,2004-03-25,0,Unknown,10,17807,,0
12830,3,1978-11-04,2070,1,M,2004-03-26,2,Unknown,10,17807,,0
12831,2,1946-12-20,1707,0,M,2004-03-26,0,Unknown,21,88881,,0
12832,2,1981-12-25,1500,0,C,2004-03-29,0,Unknown,10,11307,,0
12833,2,1982-10-30,0,0,A,2004-03-29,0,Unknown,21,11307,,0
12834,3,1948-05-01,3948,0,A,2004-03-29,0,Unknown,21,88882,,0
12835,3,1944-03-25,0,0,A,2004-03-29,0,Unknown,21,88882,,0
12836,2,1939-09-07,0,0,M,2004-03-29,2,Unknown,10,16807,,0
12837,2,1939-02-14,750,0,U,2004-03-29,0,Unknown,21,88881,,0
12838,2,1958-08-16,1900,0,M,2004-03-30,0,Unknown,21,11307,,0
12839,2,1966-01-23,0,0,M,2004-03-30,2,Unknown,10,15607,,0
12840,2,1959-08-30,2655,0,D,2004-03-31,0,Unknown,10,14607,,0
12841,2,1968-09-25,912,1,B,2004-04-01,2,Unknown,10,14607,,0
12842,3,1962-01-12,0,3,M,2004-04-01,0,Unknown,10,12149,,0
12843,3,1969-01-07,0,0,A,2004-04-01,0,Unknown,23,88883,,0
12844,4,1970-12-04,0,0,C,2004-04-02,0,Unknown,25,88882,,0
12845,4,1980-06-29,1830,0,U,2004-04-02,2,Unknown,10,18707,,0
12846,2,1957-07-18,0,0,M,2004-04-05,2,Unknown,10,18707,,0
12847,2,1968-01-05,1200,1,M,2004-04-06,2,Unknown,10,15707,,0
12848,2,1971-01-28,2013,2,M,2004-04-06,2,Unknown,10,14607,,0
12849,3,1968-05-08,0,0,M,2004-04-06,2,Unknown,10,13907,,0
12850,3,1950-08-26,0,0,M,2004-04-06,2,Unknown,10,10907,,0
12851,2,1943-04-26,0,0,M,2004-04-08,2,Unknown,10,17807,,0
12852,4,1975-09-24,2682,0,U,2004-04-08,2,Unknown,10,18319,,0
12853,2,1973-09-12,0,1,U,2004-04-08,0,Unknown,10,10107,,0
12854,2,1955-05-30,0,0,M,2004-04-08,2,Unknown,10,18707,,0
12855,3,1970-03-24,0,0,A,2004-04-09,0,Unknown,21,88882,,0
12856,2,1934-09-11,0,0,A,2004-04-09,0,Unknown,25,88882,,0
12857,3,1964-12-14,0,0,A,2004-04-13,0,Unknown,23,88883,,0
12858,3,1963-09-12,0,0,A,2004-04-13,0,Unknown,25,88882,,0
12859,3,1946-09-08,0,0,A,2004-04-13,0,Unknown,21,88882,,0
12860,3,1970-08-27,2129,2,E,2004-04-13,2,Unknown,10,13607,,0
12861,3,1971-04-09,0,0,M,2004-04-14,2,Unknown,10,14707,,0
12862,3,1962-01-10,2055,3,V,2004-04-15,0,Unknown,10,10207,,0
12863,2,1972-12-03,1052,0,C,2004-04-16,2,Unknown,10,10107,,0
12864,3,1973-07-13,0,1,D,2004-04-16,2,Unknown,10,10107,,0
12865,2,1971-06-01,0,2,M,2004-04-16,2,Unknown,10,13607,,0
12866,2,1984-04-12,0,0,A,2004-04-16,0,Unknown,10,18319,,0
12867,2,1922-12-21,1960,0,M,2004-04-19,2,Unknown,21,88881,,0
12868,3,1969-07-03,0,0,M,2004-04-20,0,Unknown,10,11307,,0
12869,3,1967-01-21,0,0,M,2004-04-20,2,Unknown,10,14607,,0
12870,3,1969-03-10,0,0,M,2004-04-20,2,Unknown,10,13907,,0
12871,2,1952-04-10,1400,0,M,2004-04-20,0,Unknown,21,88881,,0
12872,2,1953-12-17,0,0,A,2004-04-21,0,Unknown,21,88882,,0
12873,2,1973-05-18,0,0,C,2004-04-21,2,Unknown,10,15607,,0
12874,3,1980-07-16,1540,0,U,2004-04-21,2,Unknown,10,16807,,0
12875,4,1981-08-04,0,0,U,2004-04-22,2,Unknown,10,10107,,0
12876,4,2000-10-11,0,0,C,2004-04-22,2,Unknown,21,10107,,0
12877,3,1956-02-16,0,0,C,2004-04-22,2,Unknown,10,10107,,0
12878,2,1959-11-07,2720,2,M,2004-04-23,0,Unknown,21,11307,,0
12879,3,1948-03-09,0,0,M,2004-04-26,2,Unknown,10,11907,,0
12880,3,1960-09-18,0,1,M,2004-04-26,2,Unknown,10,10207,,0
12881,4,1965-09-25,0,0,C,2004-04-27,2,Unknown,10,15707,,0
12882,4,1971-08-11,0,2,U,2004-04-28,2,Unknown,10,10107,,0
12883,3,1971-10-06,1640,1,B,2004-04-29,2,Unknown,10,11307,,0
12884,3,1950-04-07,0,0,A,2004-04-29,0,Unknown,25,88882,,0
12885,3,1965-03-13,0,0,A,2004-04-29,0,Unknown,23,88883,,0
12886,3,1967-02-14,4357,3,M,2004-04-29,2,Unknown,10,10907,,0
12887,2,1972-05-31,0,0,C,2004-04-29,2,Unknown,10,11907,,0
12888,2,1970-10-28,0,0,U,2004-04-29,2,Unknown,10,12149,,0
12889,2,1974-11-17,0,0,M,2004-04-29,2,Unknown,10,14707,,0
12890,2,1940-02-16,3700,0,M,2004-04-29,0,Unknown,21,88881,,0
12891,2,1946-02-18,0,0,A,2004-04-30,0,Unknown,21,88882,,0
12892,2,1979-11-02,0,0,U,2004-04-30,2,Unknown,10,10107,,0
12893,4,1978-04-12,1507,0,C,2004-04-30,2,Unknown,10,17807,,0
12894,3,1973-08-22,0,0,M,2004-04-30,2,Unknown,10,10207,,0
12895,2,1959-08-18,0,0,A,2004-05-03,0,Unknown,23,88883,,0
12896,2,1963-10-07,0,0,A,2004-05-03,0,Unknown,21,88882,,0
12897,2,1961-10-24,0,0,M,2004-05-04,2,Unknown,10,18707,,0
12898,3,1978-09-07,827,1,U,2004-05-04,2,Unknown,10,16807,,0
12899,2,1944-06-14,0,0,A,2004-05-04,2,Unknown,10,18319,,0
12900,4,1970-12-22,0,0,U,2004-05-04,2,Unknown,10,10507,,0
12901,2,1961-10-29,1580,3,M,2004-05-04,0,Unknown,21,88881,,0
12902,2,1949-06-12,1550,0,A,2004-05-05,0,Unknown,21,88882,,0
12903,2,1937-04-27,0,0,A,2004-05-05,0,Unknown,21,88882,,0
12904,2,1955-04-19,2063,1,M,2004-05-05,2,Unknown,10,14607,,0
12905,3,1978-09-15,1424,0,M,2004-05-05,2,Unknown,10,10307,,0
12906,4,1980-11-24,0,0,C,2004-05-05,2,Unknown,10,11907,,0
12907,3,1959-06-05,1440,2,S,2004-05-05,2,Unknown,10,16807,,0
12908,2,1969-05-17,0,0,A,2004-05-06,0,Unknown,21,11307,,0
12909,3,1954-03-14,0,0,A,2004-05-06,0,Unknown,21,11307,,0
12910,3,1957-07-01,0,0,A,2004-05-06,0,DC,21,88882,,0
12911,2,1978-03-12,2581,2,B,2004-05-06,2,Unknown,10,12149,,0
12912,2,1967-05-09,0,0,C,2004-05-07,2,Unknown,10,16607,,0
12913,3,1967-10-28,1100,2,M,2004-05-07,2,Unknown,10,16707,,0
12914,3,1958-08-30,0,3,M,2004-05-10,0,Unknown,21,11307,,0
12915,3,1957-09-30,0,0,A,2004-05-10,0,Unknown,25,88882,,0
12916,4,1970-04-01,0,0,C,2004-05-10,2,Unknown,10,10107,,0
12917,4,1958-06-11,0,0,C,2004-05-11,0,Unknown,25,88882,,0
12918,2,1964-04-04,0,0,A,2004-05-11,0,Unknown,23,88883,,0
12919,2,1941-02-11,0,0,M,2004-05-11,2,Unknown,10,10107,,0
12920,1,,0,0,A,2004-05-12,4,Unknown,61,10107,,0
12921,1,,0,0,A,2004-05-12,4,Unknown,61,10107,,0
12922,1,,0,0,A,2004-05-12,4,Unknown,61,10107,,0
12923,1,,0,0,A,2004-05-12,4,Unknown,61,10107,,0
12924,1,,0,0,A,2004-05-12,4,Unknown,61,10107,,0
12925,1,,0,0,A,2004-05-12,4,Unknown,61,10107,,0
12926,1,,0,0,A,2004-05-12,4,Unknown,61,10107,,0
12927,1,,0,0,A,2004-05-12,4,Unknown,61,10107,,0
12928,1,,0,0,A,2004-05-12,4,Unknown,61,10107,,0
12929,1,,0,0,A,2004-05-12,4,Unknown,61,10107,,0
12930,1,,0,0,A,2004-05-12,4,Unknown,61,10107,,0
12931,1,,0,0,A,2004-05-12,4,Unknown,61,10107,,0
12932,1,,0,0,A,2004-05-12,4,Unknown,61,10107,,0
12933,1,,0,0,A,2004-05-12,4,Unknown,61,10107,,0
12934,1,,0,0,A,2004-05-12,4,Unknown,61,10107,,0
12935,1,,0,0,A,2004-05-12,4,Unknown,61,10107,,0
12936,2,1936-04-22,893,0,M,2004-05-12,0,Unknown,21,88881,,0
12937,2,1955-10-17,2600,0,C,2004-05-14,0,Unknown,21,11307,,0
12938,2,1978-03-11,0,0,C,2004-05-14,2,Unknown,10,13607,,0
12939,3,1940-04-22,0,0,A,2004-05-17,0,Unknown,23,88883,,0
12940,4,1963-10-25,0,0,C,2004-05-17,0,Unknown,25,88882,,0
12941,2,1961-05-01,0,2,M,2004-05-17,2,Unknown,10,10307,,0
12942,2,1972-06-18,0,0,C,2004-05-17,2,Unknown,10,18707,,0
12943,4,2003-11-13,0,0,C,2004-05-19,2,Unknown,21,10107,,0
12944,4,1977-04-30,0,0,A,2004-05-19,0,DV,21,17607,2006-07-27,1
12945,2,1969-02-16,0,0,A,2004-05-21,0,Unknown,21,88882,,0
12946,2,1944-11-06,1600,0,M,2004-05-21,0,Unknown,21,88881,,0
12947,2,1962-05-04,0,0,A,2004-05-24,0,Unknown,25,88882,,0
12948,4,1977-04-29,1641,1,U,2004-05-24,2,Unknown,10,10107,,0
12949,2,1951-01-05,0,1,M,2004-05-25,2,Unknown,10,10107,,0
12950,3,1959-11-09,0,0,A,2004-05-26,0,Unknown,25,88882,,0
12951,2,1953-03-31,0,0,A,2004-05-26,0,Unknown,25,88882,,0
12952,2,1973-01-19,1575,0,C,2004-05-27,2,Unknown,10,10307,,0
12953,2,1966-07-05,1930,0,C,2004-05-28,2,Unknown,10,15707,,0
12954,4,1994-06-30,0,0,C,2004-05-28,2,Unknown,21,10107,,0
12955,2,1963-12-21,0,0,A,2004-06-01,0,Unknown,25,88882,,0
12956,2,1958-12-18,0,0,A,2004-06-01,0,Unknown,23,88883,,0
12957,3,1976-07-05,3500,1,M,2004-06-01,2,Unknown,10,10107,,0
12958,2,1963-12-28,0,1,U,2004-06-01,2,Unknown,10,10107,,0
12959,3,1973-08-12,2200,0,M,2004-06-02,2,Unknown,10,10307,,0
12960,3,1949-07-01,0,0,A,2004-06-03,0,Unknown,21,88882,,0
12961,3,1976-05-05,1525,0,C,2004-06-03,2,Unknown,10,13807,,0
12962,3,1982-02-03,1360,0,M,2004-06-04,2,Unknown,10,17807,,0
12963,2,1961-06-08,0,0,C,2004-06-04,2,Unknown,10,10307,,0
12964,3,1977-10-01,1517,0,M,2004-06-07,2,Unknown,10,18707,,0
12965,2,1965-11-17,1699,0,C,2004-06-07,2,Unknown,10,10207,,0
12966,3,1965-02-08,1181,2,M,2004-06-07,0,DA,21,88881,2005-04-08,1
12967,3,1956-01-24,0,0,A,2004-06-08,0,Unknown,21,88882,,0
12968,3,1960-02-02,0,3,M,2004-06-08,2,Unknown,10,10107,,0
12969,2,1966-01-29,0,0,A,2004-06-09,0,Unknown,21,88882,,0
12970,2,1949-11-06,2375,1,E,2004-06-09,0,Unknown,21,88881,,0
12971,4,1992-08-25,0,0,C,2004-06-10,2,Unknown,21,10107,,0
12972,4,1978-11-14,1386,0,U,2004-06-10,2,Unknown,10,13507,,0
12973,2,1974-05-13,0,0,M,2004-06-10,2,Unknown,10,10507,,0
12974,2,1979-04-08,0,0,M,2004-06-10,0,DV,21,10307,2005-05-25,1
12975,4,1990-12-26,0,0,C,2004-06-14,2,Unknown,21,10107,,0
12976,4,2002-08-27,0,0,C,2004-06-14,2,Unknown,21,10907,,0
12977,3,1947-09-17,1491,0,M,2004-06-15,0,Unknown,21,11307,,0
12978,2,1989-10-05,0,0,C,2004-06-15,2,Unknown,21,10107,,0
12979,4,1963-06-16,1900,2,U,2004-06-15,2,Unknown,10,10507,,0
12980,3,1980-04-17,0,0,M,2004-06-15,2,Unknown,10,10807,,0
12981,3,1954-10-03,1800,1,M,2004-06-15,2,Unknown,10,13807,,0
12982,2,1957-10-10,0,0,A,2004-06-16,0,Unknown,25,88882,,0
12983,4,2003-12-12,0,0,C,2004-06-16,2,Unknown,21,10107,,0
12984,3,1965-05-14,0,3,M,2004-06-17,0,Unknown,21,11307,,0
12985,2,1962-01-14,0,0,A,2004-06-17,0,Unknown,25,88882,,0
12986,4,1974-02-24,0,0,C,2004-06-17,0,Unknown,25,88882,,0
12987,2,1966-05-20,1836,2,U,2004-06-17,2,Unknown,10,10107,,0
12988,3,1977-05-03,0,0,U,2004-06-17,2,Unknown,10,16807,,0
12989,2,2004-03-09,0,0,C,2004-06-21,2,Unknown,21,10107,,0
12990,4,2003-11-11,0,0,C,2004-06-21,2,Unknown,21,10107,,0
12991,4,1967-07-11,0,1,U,2004-06-21,2,Unknown,10,10207,,0
12992,3,1938-03-23,0,0,A,2004-06-22,0,Unknown,21,88882,,0
12993,4,1972-05-31,0,0,C,2004-06-22,0,Unknown,10,10207,,0
12994,3,1976-11-18,972,0,M,2004-06-22,0,Unknown,21,88881,,0
12995,3,1948-06-11,0,0,A,2004-06-23,2,DA,21,10507,2004-10-15,1
12996,4,1963-04-18,0,0,C,2004-06-24,0,Unknown,23,88883,,0
12997,4,1988-11-03,0,0,C,2004-06-24,2,Unknown,21,10907,,0
12998,2,1979-04-12,0,0,C,2004-06-24,2,Unknown,10,17607,,0
12999,3,1952-12-09,2172,0,M,2004-06-25,0,Unknown,21,11307,,0
13000,3,1957-01-22,0,0,A,2004-06-25,0,Unknown,25,88882,,0
13001,3,1961-02-19,0,0,M,2004-06-25,2,Unknown,10,14607,,0
13002,4,1976-12-05,1400,0,P,2004-06-25,2,Unknown,10,13807,,0
13003,2,1975-03-15,1650,1,M,2004-06-25,2,Unknown,10,10107,,0
13004,4,2001-05-16,0,0,C,2004-06-25,2,Unknown,21,10107,,0
13005,4,1987-06-29,0,0,C,2004-06-25,2,Unknown,21,10107,,0
13006,3,1958-10-06,0,0,A,2004-06-28,0,Unknown,25,88882,,0
13007,2,1969-07-13,0,0,U,2004-06-28,2,Unknown,10,10107,,0
13008,4,1994-03-18,0,0,C,2004-06-28,2,Unknown,21,10107,,0
13009,2,1959-09-19,0,0,M,2004-06-28,2,Unknown,10,12149,,0
13010,3,1945-07-08,0,0,A,2004-06-29,0,Unknown,21,88882,,0
13011,4,1979-11-20,0,0,C,2004-06-29,2,Unknown,10,15707,,0
13012,2,1973-06-19,0,0,C,2004-06-29,2,Unknown,10,11907,,0
13013,2,1954-03-25,0,0,M,2004-06-29,2,Unknown,10,10307,,0
13014,3,1953-10-25,728,0,M,2004-06-30,0,Unknown,21,11307,,0
13015,3,1965-07-11,0,2,M,2004-06-30,2,Unknown,10,10107,,0
13016,2,1979-08-11,0,0,C,2004-06-30,2,Unknown,10,10107,,0
13017,2,1977-10-07,0,0,C,2004-07-01,2,Unknown,10,10207,,0
13018,2,1980-07-01,1750,0,C,2004-07-02,2,Unknown,10,10807,,0
13019,3,1975-03-22,1780,1,F,2004-07-02,2,Unknown,10,10807,,0
13020,2,1977-03-25,0,1,M,2004-07-02,0,Unknown,10,13907,,0
13021,4,1981-05-01,1365,0,C,2004-07-02,2,Unknown,10,13807,,0
13022,4,1970-05-07,0,0,C,2004-07-02,2,Unknown,10,18707,,0
13023,2,1942-09-16,1911,0,A,2004-07-05,2,Unknown,21,11307,,0
13024,3,1948-11-12,0,0,M,2004-07-05,0,Unknown,21,11307,,0
13025,2,1979-06-23,1470,0,U,2004-07-05,2,Unknown,10,10807,,0
13026,2,1972-07-15,0,2,M,2004-07-05,2,Unknown,10,13907,,0
13027,2,1961-12-20,0,0,A,2004-07-05,2,Unknown,10,10107,,0
13028,4,1980-02-11,0,0,C,2004-07-06,2,Unknown,10,10107,,0
13029,2,1977-04-01,3177,0,C,2004-07-06,2,Unknown,10,12149,,0
13030,3,1945-10-03,0,0,A,2004-07-07,0,Unknown,25,88882,,0
13031,1,,0,0,A,2004-07-07,4,Unknown,50,10107,,0
13032,3,1972-06-20,0,0,M,2004-07-07,2,Unknown,10,13907,,0
13033,3,1947-01-01,1800,1,A,2004-07-08,0,Unknown,21,88882,,0
13034,3,1972-11-27,1573,1,U,2004-07-09,2,Unknown,10,11307,,0
13035,4,1971-04-15,0,0,C,2004-07-09,2,Unknown,10,11907,,0
13036,3,1966-06-22,0,0,M,2004-07-12,2,Unknown,10,10907,,0
13037,2,1958-05-31,0,2,M,2004-07-13,2,Unknown,10,10107,,0
13038,2,1957-12-15,0,0,M,2004-07-13,2,Unknown,10,16807,,0
13039,2,1955-03-07,0,0,A,2004-07-15,0,Unknown,25,88882,,0
13040,4,1978-05-19,0,0,P,2004-07-15,2,Unknown,10,13807,,0
13041,3,1959-10-29,0,0,A,2004-07-16,0,Unknown,21,88882,,0
13042,2,1969-04-24,0,0,M,2004-07-16,2,Unknown,10,18707,,0
13043,3,1970-10-07,0,1,M,2004-07-19,2,Unknown,10,10107,,0
13044,2,1987-05-19,0,0,C,2004-07-19,2,Unknown,21,10107,,0
13045,2,1973-02-20,1197,0,M,2004-07-19,2,Unknown,10,10107,,0
13046,2,1953-01-16,0,0,D,2004-07-19,2,Unknown,10,13507,,0
13047,2,1947-07-31,0,0,A,2004-07-20,0,Unknown,23,88883,,0
13048,2,1975-05-08,0,0,A,2004-07-20,0,Unknown,21,88882,,0
13049,3,1973-05-24,0,1,M,2004-07-20,2,Unknown,10,10107,,0
13050,3,1966-08-24,1800,2,G,2004-07-21,0,Unknown,21,88881,,0
13051,3,1950-10-24,0,0,A,2004-07-22,0,Unknown,25,88882,,0
13052,2,1956-01-21,0,0,A,2004-07-22,0,Unknown,21,88882,,0
13053,4,1972-04-24,0,0,C,2004-07-22,2,Unknown,10,10107,,0
13054,4,1981-07-30,1400,1,U,2004-07-22,2,Unknown,10,13807,,0
13055,2,1954-12-06,0,0,M,2004-07-22,2,Unknown,10,18319,,0
13056,3,1958-04-10,0,0,M,2004-07-22,2,Unknown,10,14707,,0
13057,3,1950-03-24,0,0,D,2004-07-23,2,Unknown,10,13607,,0
13058,4,1981-08-27,0,0,C,2004-07-26,2,Unknown,10,10307,,0
13059,3,1951-08-30,2897,0,D,2004-07-26,0,DA,21,10307,2005-05-27,1
13060,3,1966-11-06,0,1,M,2004-07-26,2,Unknown,10,18707,,0
13061,4,1977-12-31,0,1,C,2004-07-27,2,Unknown,21,11307,,0
13062,2,1971-03-25,0,0,M,2004-07-27,2,Unknown,10,13607,,0
13063,3,1974-08-07,0,1,M,2004-07-27,2,Unknown,10,11907,,0
13064,2,1989-02-23,0,0,C,2004-07-28,2,Unknown,21,10107,,0
13065,3,1964-03-18,0,0,A,2004-07-28,0,Unknown,21,88882,,0
13066,2,1959-03-23,0,0,A,2004-07-29,0,Unknown,21,88882,,0
13067,2,1976-01-13,0,0,U,2004-07-29,2,Unknown,10,14707,,0
13068,2,1949-09-16,2800,1,S,2004-07-29,2,Unknown,10,10507,,0
13069,4,1980-03-31,1500,0,C,2004-07-29,2,Unknown,10,14707,,0
13070,2,1967-03-29,0,0,A,2004-07-30,0,Unknown,21,88882,,0
13071,3,1961-02-05,0,1,M,2004-07-30,2,Unknown,10,10107,,0
13072,2,1962-03-16,0,3,M,2004-07-30,2,Unknown,10,12149,,0
13073,2,1969-06-16,0,0,M,2004-07-30,2,Unknown,10,12149,,0
13074,2,1986-12-15,0,0,C,2004-08-02,2,Unknown,21,10107,,0
13075,3,1968-05-08,0,0,A,2004-08-03,0,Unknown,21,88882,,0
13076,3,1968-12-01,0,2,M,2004-08-03,0,Unknown,10,10307,,0
13077,2,1973-10-11,0,0,M,2004-08-03,2,Unknown,10,16807,,0
13078,2,1975-02-17,0,0,A,2004-08-04,0,Unknown,21,11307,,0
13079,4,1979-11-14,0,0,C,2004-08-04,2,Unknown,10,10107,,0
13080,2,1966-03-04,0,0,A,2004-08-05,0,Unknown,23,88883,,0
13081,3,1976-06-17,0,0,M,2004-08-05,0,Unknown,10,18707,,0
13082,3,1961-12-09,0,0,M,2004-08-05,0,Unknown,21,12149,,0
13083,2,1973-10-17,1127,0,M,2004-08-09,2,Unknown,10,18707,,0
13084,4,1980-08-19,0,0,C,2004-08-09,2,Unknown,10,18707,,0
13085,2,1976-02-05,0,0,M,2004-08-09,2,Unknown,10,10907,,0
13086,3,1974-10-23,1770,3,M,2004-08-10,2,Unknown,10,14607,,0
13087,2,1973-07-20,0,0,A,2004-08-10,2,Unknown,10,12149,,0
13088,2,1940-08-24,1519,0,E,2004-08-10,2,Unknown,10,12149,,0
13089,2,1953-01-14,0,0,A,2004-08-11,0,Unknown,23,88883,,0
13090,4,1975-04-15,1336,0,C,2004-08-11,2,Unknown,10,10907,,0
13091,2,1986-10-13,0,0,C,2004-08-12,2,Unknown,21,10107,,0
13092,4,1970-07-18,0,0,U,2004-08-13,2,Unknown,10,16807,,0
13093,2,1958-04-16,0,0,A,2004-08-17,0,Unknown,25,88882,,0
13094,2,1976-01-15,2698,0,A,2004-08-18,0,Unknown,21,11307,,0
13095,3,1943-05-28,0,0,A,2004-08-18,0,DC,25,88882,,0
13096,4,1967-07-10,0,0,C,2004-08-18,0,Unknown,23,88883,,0
13097,4,1978-09-11,0,0,C,2004-08-18,2,Unknown,10,13607,,0
13098,2,1977-04-15,0,0,C,2004-08-18,2,Unknown,10,14707,,0
13099,4,2003-01-24,0,0,C,2004-08-18,0,Unknown,21,10107,,0
13100,2,1971-05-01,1073,1,M,2004-08-19,2,Unknown,10,18707,,0
13101,4,1981-09-12,1514,0,U,2004-08-20,2,Unknown,10,16707,,0
13102,4,1977-02-14,1300,0,C,2004-08-23,2,Unknown,10,16607,,0
13103,4,1980-12-29,1350,0,P,2004-08-23,2,Unknown,10,10807,,0
13104,2,1945-01-30,0,0,A,2004-08-24,0,Unknown,21,88882,,0
13105,2,1977-06-29,0,0,C,2004-08-24,2,Unknown,10,10107,,0
13106,4,1980-11-30,0,0,C,2004-08-24,2,Unknown,10,10107,,0
13107,2,1956-01-22,1150,1,M,2004-08-25,2,Unknown,10,13607,,0
13108,2,1973-10-14,2225,0,C,2004-08-26,0,Unknown,21,11307,,0
13109,4,1979-11-04,0,0,C,2004-08-26,2,Unknown,10,10107,,0
13110,2,1975-04-21,0,0,C,2004-08-26,2,Unknown,10,10107,,0
13111,3,1951-04-06,0,0,D,2004-08-26,2,Unknown,10,16707,,0
13112,4,1980-10-21,0,0,C,2004-08-26,2,Unknown,10,10907,,0
13113,4,1980-04-20,0,0,C,2004-08-27,2,Unknown,10,15707,,0
13114,3,1967-07-23,0,2,C,2004-08-27,2,Unknown,10,10107,,0
13115,3,1973-05-23,0,1,M,2004-08-27,2,Unknown,10,10207,,0
13116,2,1981-08-16,0,0,C,2004-08-30,2,Unknown,10,16607,,0
13117,2,1940-03-29,2191,0,B,2004-08-31,0,Unknown,21,88882,,0
13118,2,1975-02-07,0,0,U,2004-08-31,2,Unknown,10,10107,,0
13119,4,2003-10-29,0,0,C,2004-08-31,2,Unknown,21,10107,,0
13120,2,1979-04-22,1300,0,G,2004-08-31,2,Unknown,10,10307,,0
13121,2,1975-01-01,0,0,U,2004-08-31,2,Unknown,10,10207,,0
13122,2,1960-07-20,1650,2,M,2004-09-01,0,Unknown,21,11307,,0
13123,4,1976-07-12,1170,1,P,2004-09-01,0,Unknown,21,11307,,0
13124,4,1980-11-06,0,0,C,2004-09-02,2,Unknown,10,14707,,0
13125,2,1966-03-19,0,0,U,2004-09-02,2,Unknown,10,10907,,0
13126,2,1975-02-16,1247,0,U,2004-09-06,0,Unknown,21,11307,,0
13127,3,1971-07-13,0,0,A,2004-09-06,0,Unknown,21,88882,,0
13128,2,2003-07-10,0,0,C,2004-09-06,2,Unknown,21,10107,,0
13129,2,1968-11-24,0,0,M,2004-09-06,2,Unknown,10,13807,,0
13130,2,1980-11-01,1450,0,C,2004-09-06,2,Unknown,10,10507,,0
13131,3,1944-08-23,1219,1,B,2004-09-07,2,Unknown,21,88881,,0
13132,2,1980-04-01,1463,0,C,2004-09-08,2,Unknown,10,11907,,0
13133,2,1965-07-13,0,0,U,2004-09-08,2,Unknown,10,10507,,0
13134,2,1975-12-12,1300,0,C,2004-09-08,2,Unknown,10,14707,,0
13135,4,1977-06-25,2688,0,P,2004-09-08,0,Unknown,24,88884,,0
13136,1,,0,0,A,2004-09-09,4,Unknown,61,10107,,0
13137,2,1972-01-10,2119,2,E,2004-09-09,2,Unknown,10,16707,,0
13138,4,1981-09-21,1450,0,C,2004-09-09,2,Unknown,10,16707,,0
13139,2,1979-03-16,0,0,C,2004-09-09,2,Unknown,10,10207,,0
13140,2,1975-12-06,1840,1,M,2004-09-09,0,Unknown,21,88881,,0
13141,2,1956-02-01,0,0,M,2004-09-10,2,Unknown,10,10507,,0
13142,2,1996-05-04,0,0,C,2004-09-13,2,Unknown,21,10207,,0
13143,2,1971-06-23,0,0,C,2004-09-14,2,Unknown,10,18707,,0
13144,4,1979-08-15,0,0,C,2004-09-14,0,Unknown,10,13507,,0
13145,3,1956-04-12,0,0,A,2004-09-15,0,Unknown,21,88882,,0
13146,2,1954-12-01,0,0,C,2004-09-15,2,Unknown,10,10107,,0
13147,3,1947-06-10,0,0,D,2004-09-15,2,Unknown,10,15607,,0
13148,2,1981-03-13,0,0,C,2004-09-15,2,Unknown,10,13907,,0
13149,3,1981-03-07,1610,0,M,2004-09-15,2,Unknown,10,16707,,0
13150,3,1950-05-10,0,0,M,2004-09-15,2,Unknown,10,10207,,0
13151,2,1936-04-30,0,0,A,2004-09-16,0,Unknown,25,88882,,0
13152,2,1965-03-07,0,0,A,2004-09-16,0,Unknown,21,88882,,0
13153,2,1963-01-18,3125,4,M,2004-09-16,0,Unknown,25,88882,,0
13154,4,1980-03-11,0,0,C,2004-09-16,0,Unknown,10,18707,,0
13155,4,1959-01-19,1308,1,C,2004-09-16,2,Unknown,10,13807,,0
13156,3,1958-05-26,0,1,M,2004-09-16,2,Unknown,10,17807,,0
13157,4,1974-04-03,0,0,C,2004-09-17,2,Unknown,10,14707,,0
13158,2,1943-10-18,0,0,A,2004-09-20,0,Unknown,21,88882,,0
13159,2,1970-07-21,1686,0,P,2004-09-20,2,Unknown,10,14607,,0
13160,2,1976-10-04,0,0,C,2004-09-20,2,Unknown,10,10207,,0
13161,4,1982-07-20,1400,0,C,2004-09-21,2,Unknown,10,16707,,0
13162,2,1980-02-18,2166,0,U,2004-09-22,0,Unknown,21,11307,,0
13163,3,1977-04-05,1045,1,M,2004-09-22,0,Unknown,21,11307,,0
13164,2,1979-12-02,1590,0,U,2004-09-22,0,Unknown,21,11307,,0
13165,3,1942-08-02,0,0,A,2004-09-22,0,Unknown,25,88882,,0
13166,2,1957-07-20,0,2,C,2004-09-22,2,Unknown,10,16807,,0
13167,2,1979-05-28,0,0,C,2004-09-22,0,Unknown,10,10807,,0
13168,3,1958-11-30,0,0,A,2004-09-23,0,Unknown,25,88882,,0
13169,3,1977-06-26,0,0,M,2004-09-23,2,Unknown,10,14607,,0
13170,4,1973-12-17,0,1,C,2004-09-23,2,Unknown,10,16807,,0
13171,3,1971-02-04,0,0,M,2004-09-24,2,Unknown,10,10107,,0
13172,4,1979-05-17,0,0,C,2004-09-24,2,Unknown,10,18707,,0
13173,4,1979-05-25,0,0,C,2004-09-27,2,Unknown,10,10107,,0
13174,2,1982-05-25,1300,0,C,2004-09-27,2,Unknown,10,15607,,0
13175,4,1981-03-24,0,0,C,2004-09-27,2,Unknown,10,18707,,0
13176,2,1974-01-29,1550,0,S,2004-09-27,2,Unknown,10,18707,,0
13177,2,1940-11-06,3039,0,M,2004-09-27,2,Unknown,10,10507,,0
13178,4,1982-10-15,0,0,C,2004-09-27,2,Unknown,10,14707,,0
13179,3,1949-07-20,1298,0,B,2004-09-28,0,Unknown,21,11307,,0
13180,2,1949-05-31,1480,0,M,2004-09-29,0,DA,21,11307,2004-11-23,1
13181,2,1976-12-09,1700,0,M,2004-09-29,2,Unknown,10,13507,,0
13182,1,,0,0,A,2004-09-29,4,Unknown,61,10107,,0
13183,2,1974-05-02,0,1,U,2004-09-29,0,Unknown,21,10107,,0
13184,3,1972-12-02,0,0,U,2004-09-29,2,Unknown,10,13607,,0
13185,2,1974-10-10,1370,0,U,2004-09-29,2,Unknown,10,10307,,0
13186,4,1978-02-06,2891,0,M,2004-09-29,2,Unknown,10,12149,,0
13187,4,1961-04-01,0,0,C,2004-09-30,2,Unknown,10,17807,,0
13188,3,1975-07-15,1335,1,E,2004-09-30,2,Unknown,10,10807,,0
13189,2,1947-07-24,0,0,A,2004-10-04,0,DA,21,88882,2007-04-13,1
13190,2,1968-01-06,0,0,D,2004-10-04,2,Unknown,10,16807,,0
13191,3,1956-03-27,0,0,M,2004-10-04,2,Unknown,10,16807,,0
13192,2,1957-01-01,0,0,M,2004-10-04,2,DA,21,18707,2005-02-25,1
13193,3,1966-04-20,0,2,M,2004-10-04,2,Unknown,10,16807,,0
13194,2,1962-03-29,1991,1,M,2004-10-05,0,Unknown,21,11307,,0
13195,3,1972-10-27,0,0,M,2004-10-05,0,Unknown,21,11307,,0
13196,2,1948-07-14,0,0,A,2004-10-05,0,Unknown,21,88882,,0
13197,4,1981-06-09,0,0,U,2004-10-05,2,Unknown,10,10107,,0
13198,2,1977-05-25,0,0,M,2004-10-05,2,Unknown,10,13907,,0
13199,3,1966-12-15,0,2,M,2004-10-05,2,Unknown,10,10807,,0
13200,2,1971-07-22,1394,3,F,2004-10-05,2,Unknown,10,10207,,0
13201,4,1978-01-01,0,0,C,2004-10-06,2,Unknown,10,10807,,0
13202,3,1974-04-30,0,0,M,2004-10-06,2,Unknown,10,10207,,0
13203,2,1963-01-31,1560,3,M,2004-10-06,0,Unknown,21,88881,,0
13204,2,1970-12-05,0,0,A,2004-10-07,0,Unknown,23,88883,,0
13205,3,1975-05-22,0,0,M,2004-10-07,2,Unknown,10,11907,,0
13206,2,1974-06-11,2637,0,M,2004-10-08,0,Unknown,21,11307,,0
13207,2,1972-06-22,0,0,U,2004-10-08,2,Unknown,10,10107,,0
13208,4,1990-09-24,0,0,C,2004-10-08,2,Unknown,21,10107,,0
13209,4,1973-07-12,0,1,C,2004-10-08,2,Unknown,10,14607,,0
13210,3,1969-09-21,0,0,M,2004-10-11,2,Unknown,10,10107,,0
13211,3,1942-02-18,0,0,A,2004-10-12,0,Unknown,25,88882,,0
13212,3,1942-09-07,0,0,A,2004-10-12,0,Unknown,25,88882,,0
13213,2,1949-04-09,0,1,M,2004-10-12,2,Unknown,10,10107,,0
13214,3,1969-03-25,2200,4,M,2004-10-12,2,Unknown,10,13907,,0
13215,2,1977-03-23,1561,0,C,2004-10-13,2,Unknown,10,88881,,0
13216,2,1977-06-05,0,1,U,2004-10-13,2,Unknown,10,10107,,0
13217,2,1955-01-28,0,0,M,2004-10-14,2,Unknown,10,10107,,0
13218,4,1979-01-25,0,0,U,2004-10-14,2,Unknown,10,13607,,0
13219,3,1969-12-09,0,2,D,2004-10-14,2,Unknown,10,10207,,0
13220,3,1958-12-27,0,0,A,2004-10-18,0,Unknown,25,88882,,0
13221,4,1981-08-17,1410,0,U,2004-10-18,2,Unknown,10,13507,,0
13222,3,1956-08-06,0,0,A,2004-10-19,0,Unknown,25,88882,,0
13223,3,1947-08-31,0,0,A,2004-10-20,0,Unknown,21,88882,,0
13224,2,1966-07-26,0,0,A,2004-10-20,0,Unknown,25,88882,,0
13225,3,1970-11-15,0,0,A,2004-10-20,0,Unknown,23,88883,,0
13226,2,1971-08-08,0,0,A,2004-10-20,0,Unknown,25,88882,,0
13227,3,1942-09-12,0,0,A,2004-10-20,0,Unknown,21,88882,,0
13228,2,1971-05-19,0,3,M,2004-10-20,2,Unknown,10,10107,,0
13229,4,1981-01-03,1500,0,U,2004-10-20,2,Unknown,10,17807,,0
13230,2,1956-09-16,4736,2,M,2004-10-20,0,Unknown,21,88881,,0
13231,2,1950-12-04,0,0,A,2004-10-21,0,Unknown,25,88882,,0
13232,2,1964-04-29,0,0,D,2004-10-21,2,Unknown,10,18707,,0
13233,4,1979-07-08,1694,0,C,2004-10-21,2,Unknown,10,14607,,0
13234,4,1973-08-04,0,0,U,2004-10-21,2,Unknown,10,16807,,0
13235,3,1960-10-24,0,3,M,2004-10-22,2,Unknown,10,10107,,0
13236,3,1936-03-30,0,0,M,2004-10-22,2,Unknown,10,12149,,0
13237,2,1967-05-04,0,0,M,2004-10-25,0,Unknown,21,88881,,0
13238,2,1937-11-29,0,2,M,2004-10-25,0,Unknown,10,10107,,0
13239,3,1970-12-01,0,0,A,2004-10-25,2,Unknown,10,14607,,0
13240,2,2004-08-17,0,0,C,2004-10-26,2,Unknown,21,10107,,0
13241,3,1980-05-19,0,1,M,2004-10-26,2,Unknown,10,13507,,0
13242,4,1959-10-25,0,0,C,2004-10-26,2,Unknown,10,13807,,0
13243,2,1973-12-13,0,0,C,2004-10-26,2,Unknown,10,14607,,0
13244,2,1976-11-08,1673,0,U,2004-10-26,2,Unknown,10,10207,,0
13245,2,1974-08-07,1625,1,U,2004-10-27,0,Unknown,21,11307,,0
13246,3,1973-11-03,1217,2,M,2004-10-27,0,Unknown,21,88881,,0
13247,3,1965-02-09,0,0,A,2004-10-27,0,Unknown,21,88882,,0
13248,3,1959-01-01,0,0,A,2004-10-27,0,Unknown,25,88882,,0
13249,2,1975-09-03,0,0,M,2004-10-27,2,Unknown,10,18707,,0
13250,2,1976-07-01,0,0,U,2004-10-27,2,Unknown,10,12149,,0
13251,4,1978-05-05,0,0,U,2004-10-28,2,Unknown,10,13907,,0
13252,2,1982-08-05,1400,0,C,2004-10-28,2,Unknown,10,10507,,0
13253,3,1967-01-24,0,0,M,2004-10-28,2,Unknown,10,10207,,0
13254,3,1976-10-06,0,0,M,2004-10-28,2,Unknown,10,14707,,0
13255,3,1962-05-28,1000,1,M,2004-10-29,0,Unknown,21,88882,,0
13256,2,1954-03-16,0,0,A,2004-10-29,0,Unknown,21,88882,,0
13257,4,1977-08-03,0,0,C,2004-10-29,2,Unknown,10,13907,,0
13258,2,1970-07-28,0,0,U,2004-10-29,0,DV,21,13907,2005-02-17,1
13259,2,1975-11-07,1700,0,U,2004-10-29,2,Unknown,10,10907,,0
13260,4,1981-01-04,0,0,C,2004-10-29,2,Unknown,10,18707,,0
13261,3,1947-05-14,0,0,M,2004-11-03,2,Unknown,10,13907,,0
13262,4,1998-01-23,0,0,C,2004-11-03,2,Unknown,21,10107,,0
13263,4,1972-09-05,0,0,U,2004-11-03,2,Unknown,10,16807,,0
13264,3,1975-01-24,0,0,M,2004-11-03,2,Unknown,10,16707,,0
13265,2,1971-05-16,0,0,A,2004-11-04,0,Unknown,23,88883,,0
13266,2,1971-12-26,0,0,M,2004-11-04,2,Unknown,10,10907,,0
13267,2,1976-12-12,0,0,M,2004-11-04,2,Unknown,10,10207,,0
13268,2,1972-01-12,0,1,C,2004-11-05,0,Unknown,21,11307,,0
13269,2,1993-01-29,0,0,C,2004-11-05,2,Unknown,21,10107,,0
13270,2,1947-02-23,0,0,D,2004-11-08,2,Unknown,10,10307,,0
13271,4,1976-05-05,1,0,P,2004-11-09,2,Unknown,10,10107,,0
13272,2,1973-10-23,1236,1,P,2004-11-10,0,Unknown,21,88881,,0
13273,2,1977-11-20,1102,0,M,2004-11-10,0,Unknown,21,11307,,0
13274,3,1939-07-03,0,0,A,2004-11-10,0,Unknown,25,88882,,0
13275,4,1974-02-24,0,0,A,2004-11-10,2,Unknown,10,12149,,0
13276,2,1973-04-05,2900,0,M,2004-11-10,0,Unknown,21,88881,,0
13277,3,1962-03-06,0,0,A,2004-11-12,0,Unknown,25,88882,,0
13278,2,1961-08-03,0,0,A,2004-11-12,0,Unknown,21,88882,,0
13279,2,1963-06-14,0,0,A,2004-11-12,0,Unknown,21,88882,,0
13280,2,1966-07-09,0,0,C,2004-11-12,2,Unknown,10,16707,,0
13281,3,1938-10-21,0,0,A,2004-11-15,0,Unknown,25,88882,,0
13282,2,1997-01-28,0,0,C,2004-11-15,2,Unknown,21,10107,,0
13283,3,1975-10-07,0,0,M,2004-11-17,2,Unknown,10,18707,,0
13284,2,1979-04-12,0,0,M,2004-11-17,2,Unknown,10,10207,,0
13285,3,1979-06-30,3300,1,M,2004-11-18,2,Unknown,10,12149,,0
13286,2,1975-07-19,0,0,U,2004-11-18,2,Unknown,10,16707,,0
13287,2,1964-09-09,2312,3,M,2004-11-19,0,Unknown,21,88881,,0
13288,4,1973-06-06,1816,0,C,2004-11-19,2,Unknown,10,10907,,0
13289,3,1953-12-22,3022,0,E,2004-11-19,2,Unknown,10,18319,,0
13290,3,1936-05-04,0,0,M,2004-11-22,0,Unknown,21,11307,,0
13291,3,1960-02-17,0,2,D,2004-11-22,2,Unknown,10,10107,,0
13292,2,1963-06-24,0,1,U,2004-11-22,2,Unknown,10,14607,,0
13293,4,1969-07-27,1922,1,U,2004-11-22,2,Unknown,10,13807,,0
13294,3,1957-10-29,0,0,D,2004-11-23,2,Unknown,10,10207,,0
13295,3,1954-03-06,0,0,D,2004-11-24,2,Unknown,10,10107,,0
13296,2,1969-10-31,1181,2,U,2004-11-24,0,Unknown,21,88881,,0
13297,4,1954-04-10,1800,2,U,2004-11-25,0,Unknown,21,88881,,0
13298,2,1979-04-30,1403,0,C,2004-11-25,2,Unknown,10,13607,,0
13299,2,1974-05-19,1550,1,U,2004-11-26,2,Unknown,10,10107,,0
13300,3,1952-05-16,0,2,M,2004-11-26,2,Unknown,10,10207,,0
13301,4,1974-05-22,0,0,C,2004-11-30,2,Unknown,10,13507,,0
13302,3,1970-03-16,2090,0,M,2004-12-02,2,Unknown,10,15707,,0
13303,2,1978-03-02,0,0,C,2004-12-03,2,Unknown,10,10107,,0
13304,4,2004-11-12,0,0,C,2004-12-03,2,Unknown,21,10107,,0
13305,4,2004-10-24,0,0,C,2004-12-03,2,Unknown,21,10107,,0
13306,2,1969-10-03,0,2,M,2004-12-06,2,Unknown,10,10307,,0
13307,3,1968-01-02,0,0,G,2004-12-06,0,Unknown,21,88881,,0
13308,3,1972-11-14,1,3,M,2004-12-07,2,Unknown,21,88881,,0
13309,4,2003-04-17,0,0,C,2004-12-07,2,Unknown,21,10107,,0
13310,2,1960-02-10,0,0,M,2004-12-07,2,Unknown,10,17807,,0
13311,2,2004-11-12,0,0,C,2004-12-08,2,Unknown,21,10107,,0
13312,2,1940-09-03,1155,0,M,2004-12-08,2,Unknown,10,16807,,0
13313,2,1955-05-18,0,2,M,2004-12-08,2,Unknown,10,16807,,0
13314,4,1988-05-09,0,0,C,2004-12-09,2,Unknown,21,10107,,0
13315,3,1952-04-18,0,0,A,2004-12-09,2,Unknown,10,10107,,0
13316,3,1970-12-29,0,0,M,2004-12-09,2,Unknown,10,16707,,0
13317,3,1956-05-24,0,2,M,2004-12-09,2,Unknown,10,10807,,0
13318,2,1965-10-17,0,0,A,2004-12-10,0,Unknown,21,88882,,0
13319,2,1969-10-06,0,0,A,2004-12-10,0,Unknown,23,88883,,0
13320,1,,0,0,A,2004-12-10,4,Unknown,61,10107,,0
13321,2,1965-09-10,0,0,M,2004-12-10,2,Unknown,10,16707,,0
13322,3,1954-02-25,0,0,M,2004-12-10,2,Unknown,10,10907,,0
13323,2,1983-10-06,0,0,C,2004-12-10,2,Unknown,10,10807,,0
13324,4,1979-02-04,0,0,C,2004-12-10,2,Unknown,10,10207,,0
13325,3,1978-06-21,0,0,M,2004-12-13,2,Unknown,10,10807,,0
13326,3,1961-12-07,0,0,M,2004-12-13,2,Unknown,10,14607,,0
13327,2,1959-02-19,2000,0,G,2004-12-13,0,Unknown,21,88881,,0
13328,2,1940-07-23,2366,0,M,2004-12-14,2,Unknown,21,88881,,0
13329,3,1961-09-07,0,0,M,2004-12-14,2,Unknown,10,10207,,0
13330,3,1946-03-16,0,0,A,2004-12-14,0,Unknown,25,88882,,0
13331,2,1975-03-22,0,0,A,2004-12-14,0,Unknown,21,88882,,0
13332,3,1954-09-25,0,0,A,2004-12-14,0,Unknown,21,88882,,0
13333,2,1966-11-13,0,1,M,2004-12-16,2,Unknown,10,10107,,0
13334,2,1973-03-14,0,0,M,2004-12-16,2,Unknown,10,10107,,0
13335,4,1978-09-11,0,0,D,2004-12-17,2,Unknown,10,13507,,0
13336,3,1968-04-29,0,1,U,2004-12-21,2,Unknown,10,18707,,0
13337,4,1972-05-18,1890,0,C,2004-12-21,2,Unknown,10,17807,,0
13338,2,1950-08-24,0,2,M,2004-12-21,2,Unknown,10,18319,,0
13339,2,1993-04-10,0,0,C,2004-12-22,2,Unknown,21,10107,,0
13340,2,1951-05-17,0,0,M,2004-12-22,2,Unknown,10,10907,,0
13341,3,1949-01-27,1896,0,M,2004-12-22,0,Unknown,21,88881,,0
13342,2,1955-03-25,1016,2,M,2004-12-23,2,Unknown,10,13607,,0
13343,4,2004-08-04,0,0,C,2004-12-24,2,Unknown,21,10107,,0
13344,1,,0,0,A,2004-12-27,4,Unknown,61,10107,,0
13345,2,1987-12-14,0,0,C,2004-12-27,2,Unknown,21,10107,,0
13346,2,1974-01-10,0,0,C,2004-12-27,2,Unknown,10,13507,,0
13347,3,1953-12-09,0,0,A,2004-12-28,0,Unknown,25,88882,,0
13348,4,1987-01-28,0,0,C,2004-12-28,2,Unknown,21,10107,,0
13349,2,2004-02-04,0,0,C,2004-12-30,2,Unknown,21,10107,,0
13350,2,2000-04-11,0,0,C,2004-12-31,2,Unknown,21,10107,,0
13351,3,1970-09-08,0,0,A,2005-01-06,0,Unknown,25,88882,,0
13352,2,1966-05-15,0,0,A,2005-01-06,0,Unknown,23,88883,,0
13353,4,1974-06-13,0,0,C,2005-01-06,2,Unknown,10,10107,,0
13354,3,1961-02-21,0,0,M,2005-01-06,2,Unknown,10,18707,,0
13355,2,1953-03-29,1455,0,E,2005-01-06,0,Unknown,21,88881,,0
13356,2,1941-07-30,0,0,A,2005-01-07,0,Unknown,25,88882,,0
13357,4,1973-03-09,0,1,U,2005-01-10,2,Unknown,10,10107,,0
13358,4,1989-12-15,0,0,C,2005-01-10,2,Unknown,21,10107,,0
13359,3,1926-09-30,0,0,V,2005-01-10,2,Unknown,10,18707,,0
13360,4,1974-01-12,0,0,C,2005-01-11,2,Unknown,10,10507,,0
13361,2,1976-02-17,0,0,A,2005-01-11,0,Unknown,10,13807,,0
13362,4,1993-08-31,0,0,C,2005-01-12,2,Unknown,21,10107,,0
13363,2,1979-03-26,1500,0,C,2005-01-12,2,Unknown,10,11907,,0
13364,2,1971-03-16,0,0,C,2005-01-12,2,Unknown,10,10307,,0
13365,2,1966-11-22,0,0,A,2005-01-13,0,Unknown,21,88882,,0
13366,2,1978-01-01,0,0,C,2005-01-13,2,Unknown,10,10107,,0
13367,3,1952-06-05,0,0,M,2005-01-13,2,Unknown,10,10107,,0
13368,2,1962-02-23,0,0,M,2005-01-13,2,Unknown,10,18707,,0
13369,2,1972-08-10,0,3,M,2005-01-13,2,Unknown,10,10507,,0
13370,4,2004-05-20,0,0,C,2005-01-17,2,Unknown,21,10107,,0
13371,3,1965-01-08,1081,1,M,2005-01-18,0,Unknown,10,11307,,0
13372,4,1966-04-06,2050,1,A,2005-01-18,0,Unknown,10,11307,,0
13373,2,1938-07-28,0,0,A,2005-01-18,0,Unknown,25,88882,,0
13374,2,1972-02-23,0,0,P,2005-01-18,2,Unknown,10,14607,,0
13375,4,1988-10-20,0,0,C,2005-01-18,2,Unknown,21,11907,,0
13376,4,1977-06-02,0,1,C,2005-01-19,2,Unknown,10,10207,,0
13377,3,1950-12-19,3600,0,D,2005-01-20,0,Unknown,21,88881,,0
13378,2,1981-08-05,1372,0,U,2005-01-20,2,Unknown,10,10107,,0
13379,2,1974-08-02,0,0,M,2005-01-20,2,Unknown,10,13507,,0
13380,3,1963-09-12,0,0,D,2005-01-21,2,Unknown,10,11307,,0
13381,2,1968-11-30,0,1,M,2005-01-21,2,Unknown,10,10107,,0
13382,2,1962-01-05,2500,0,M,2005-01-21,0,Unknown,21,88881,,0
13383,2,1988-11-14,0,0,C,2005-01-24,2,Unknown,21,10107,,0
13384,2,1974-04-16,2025,3,M,2005-01-24,2,Unknown,10,10107,,0
13385,4,2004-08-22,0,0,C,2005-01-24,2,Unknown,21,10107,,0
13386,2,1992-12-22,0,0,C,2005-01-24,2,Unknown,21,10107,,0
13387,3,1974-03-22,0,0,A,2005-01-24,0,Unknown,25,88882,,0
13388,3,1967-07-24,0,0,A,2005-01-24,0,Unknown,23,88883,,0
13389,2,1960-08-27,0,0,A,2005-01-25,0,Unknown,25,88882,,0
13390,2,1971-11-23,0,0,A,2005-01-25,0,Unknown,23,88883,,0
13391,4,1976-07-19,0,2,S,2005-01-26,2,Unknown,10,10107,,0
13392,3,1960-01-22,2319,2,M,2005-01-26,2,Unknown,10,10107,,0
13393,4,1972-03-16,1500,0,C,2005-01-26,2,Unknown,10,16607,,0
13394,2,1964-12-18,2100,2,M,2005-01-26,2,Unknown,10,13507,,0
13395,2,1979-08-02,1408,0,C,2005-01-26,2,Unknown,10,88884,,0
13396,4,1973-02-07,0,2,C,2005-01-27,2,Unknown,10,18707,,0
13397,2,1978-02-19,0,0,M,2005-01-27,2,Unknown,10,10907,,0
13398,2,1964-01-23,0,0,E,2005-01-28,0,Unknown,21,88881,,0
13399,3,1946-06-16,0,0,A,2005-01-28,0,Unknown,21,88882,,0
13400,2,1962-05-15,0,0,A,2005-02-01,0,Unknown,23,88883,,0
13401,2,1959-03-19,0,0,A,2005-02-01,0,Unknown,21,88882,,0
13402,3,1957-07-21,0,2,C,2005-02-01,2,Unknown,10,10107,,0
13403,4,2002-12-25,0,0,C,2005-02-01,2,Unknown,21,10107,,0
13404,2,1965-05-27,0,2,M,2005-02-01,2,Unknown,10,10107,,0
13405,2,1949-09-23,1826,0,G,2005-02-02,2,Unknown,10,17807,,0
13406,4,1966-02-17,0,0,C,2005-02-02,2,Unknown,10,10307,,0
13407,3,1973-03-24,0,2,M,2005-02-02,2,Unknown,10,10107,,0
13408,2,1946-06-23,0,1,M,2005-02-02,2,Unknown,10,18707,,0
13409,2,1976-01-14,3200,0,M,2005-02-03,0,Unknown,21,88881,,0
13410,4,1982-04-29,0,0,C,2005-02-03,2,Unknown,10,10807,,0
13411,3,1945-04-19,0,0,E,2005-02-04,0,Unknown,21,88881,,0
13412,4,1990-02-16,0,0,C,2005-02-04,2,Unknown,21,10107,,0
13413,2,1952-09-20,2199,0,E,2005-02-04,2,Unknown,10,10807,,0
13414,4,1949-05-12,0,0,C,2005-02-07,2,Unknown,10,18707,,0
13415,2,1948-09-29,0,0,A,2005-02-07,0,Unknown,25,88882,,0
13416,2,1968-12-10,0,1,M,2005-02-08,0,Unknown,10,10107,,0
13417,2,1988-08-31,0,0,C,2005-02-08,2,Unknown,21,10107,,0
13418,3,1956-06-08,0,0,M,2005-02-08,2,Unknown,10,14607,,0
13419,2,1969-05-11,0,0,C,2005-02-08,2,Unknown,10,16707,,0
13420,2,1963-07-15,0,0,A,2005-02-08,0,Unknown,21,88882,,0
13421,3,1974-03-10,900,2,M,2005-02-09,0,Unknown,10,88881,,0
13422,3,1954-06-01,0,0,A,2005-02-09,0,Unknown,25,88882,,0
13423,3,1957-03-17,0,0,A,2005-02-09,0,Unknown,25,88882,,0
13424,3,1969-12-24,0,2,M,2005-02-09,2,Unknown,10,10107,,0
13425,4,1981-01-24,1400,0,C,2005-02-09,2,Unknown,10,16807,,0
13426,4,2004-01-14,0,0,C,2005-02-10,2,Unknown,21,10107,,0
13427,4,1967-05-19,0,0,C,2005-02-11,0,Unknown,25,88882,,0
13428,2,1952-09-14,2411,3,M,2005-02-14,0,Unknown,21,88881,,0
13429,3,1950-03-07,0,0,A,2005-02-15,0,Unknown,21,88882,,0
13430,3,1946-10-28,0,0,A,2005-02-15,0,Unknown,21,88882,,0
13431,1,,0,0,A,2005-02-15,4,Unknown,61,10107,,0
13432,2,1966-10-07,0,0,A,2005-02-16,0,Unknown,25,88882,,0
13433,4,1981-05-21,1676,0,U,2005-02-16,2,Unknown,10,10807,,0
13434,2,1979-08-29,0,0,P,2005-02-16,2,Unknown,10,17807,,0
13435,2,1996-08-09,0,0,A,2005-02-17,0,Unknown,21,11307,,0
13436,2,1959-11-20,0,0,A,2005-02-17,0,Unknown,21,88882,,0
13437,2,1975-01-03,0,0,M,2005-02-17,2,Unknown,10,16807,,0
13438,2,1974-01-27,0,0,M,2005-02-17,0,Unknown,10,18319,,0
13439,2,1975-11-13,4510,1,B,2005-02-21,0,Unknown,21,88881,,0
13440,2,1949-11-18,0,0,A,2005-02-22,0,Unknown,25,88882,,0
13441,2,1979-11-01,0,0,U,2005-02-22,2,Unknown,10,10107,,0
13442,4,2001-12-23,0,0,C,2005-02-22,2,Unknown,21,10107,,0
13443,2,1949-05-01,0,0,M,2005-02-23,2,Unknown,10,16707,,0
13444,4,1974-01-15,1600,0,C,2005-02-23,2,Unknown,10,10207,,0
13445,3,1947-01-24,0,0,A,2005-02-24,0,Unknown,21,88882,,0
13446,4,1999-10-29,0,0,C,2005-02-24,2,Unknown,21,10107,,0
13447,4,1974-01-15,0,0,C,2005-02-25,0,Unknown,25,88882,,0
13448,4,1970-05-03,0,0,C,2005-02-25,2,Unknown,10,10107,,0
13449,3,1959-01-14,0,0,D,2005-02-25,2,Unknown,10,10107,,0
13450,4,1964-01-06,1600,0,C,2005-02-25,2,Unknown,10,14607,,0
13451,2,1950-08-31,0,4,D,2005-02-28,2,Unknown,10,12149,,0
13452,3,1976-01-31,0,0,M,2005-02-28,0,Unknown,10,10307,,0
13453,3,1955-08-03,0,0,A,2005-02-28,0,Unknown,21,88882,,0
13454,3,1936-12-25,0,0,A,2005-02-28,0,Unknown,21,88882,,0
13455,2,1950-04-21,0,0,A,2005-03-01,0,Unknown,21,88882,,0
13456,2,2002-08-28,0,0,C,2005-03-01,2,Unknown,21,10107,,0
13457,3,1977-02-20,0,0,M,2005-03-01,2,Unknown,10,14707,,0
13458,3,1939-05-30,0,0,V,2005-03-01,2,Unknown,10,18319,,0
13459,3,1949-01-01,0,0,A,2005-03-02,0,Unknown,25,88882,,0
13460,3,1942-01-15,0,0,M,2005-03-02,2,Unknown,10,16607,,0
13461,2,1935-05-08,0,0,G,2005-03-03,0,Unknown,21,88881,,0
13462,3,1963-03-15,500,0,G,2005-03-03,0,Unknown,21,88881,,0
13463,2,1958-06-02,0,0,A,2005-03-03,0,Unknown,21,88882,,0
13464,2,1979-08-31,1960,0,C,2005-03-03,2,Unknown,10,15707,,0
13465,2,1946-01-18,0,0,A,2005-03-04,0,Unknown,21,88882,,0
13466,2,1977-04-02,0,0,U,2005-03-04,0,Unknown,10,12149,,0
13467,3,1950-09-17,0,0,A,2005-03-07,0,Unknown,21,88882,,0
13468,2,1947-09-08,0,0,C,2005-03-07,2,Unknown,10,10107,,0
13469,4,1979-05-23,0,0,C,2005-03-07,0,Unknown,10,15607,,0
13470,3,1963-05-25,0,0,A,2005-03-08,0,Unknown,21,11307,,0
13471,4,1974-09-15,0,0,C,2005-03-09,2,Unknown,10,11307,,0
13472,3,1967-06-26,0,0,A,2005-03-09,0,Unknown,23,88883,,0
13473,2,1966-04-26,0,0,A,2005-03-09,0,Unknown,25,88882,,0
13474,2,1958-05-25,0,0,A,2005-03-10,0,Unknown,21,88882,,0
13475,3,1971-12-08,1696,1,B,2005-03-11,0,Unknown,21,88881,,0
13476,2,1960-11-01,1400,3,G,2005-03-11,0,Unknown,21,88881,,0
13477,2,1962-10-10,0,0,A,2005-03-14,0,Unknown,25,88882,,0
13478,3,1947-04-27,0,0,A,2005-03-14,0,Unknown,21,88882,,0
13479,2,1974-02-05,0,0,A,2005-03-14,2,Unknown,10,13607,,0
13480,2,1950-05-13,2517,1,G,2005-03-14,2,Unknown,10,88881,,0
13481,3,1967-04-10,0,0,A,2005-03-15,0,Unknown,25,88882,,0
13482,3,1969-05-31,1860,0,M,2005-03-16,2,Unknown,10,16807,,0
13483,2,1961-02-17,0,0,C,2005-03-16,2,Unknown,10,14707,,0
13484,2,1969-02-18,0,0,D,2005-03-16,2,Unknown,10,14707,,0
13485,2,1952-08-03,0,0,A,2005-03-17,0,Unknown,21,88882,,0
13486,2,1971-06-10,0,0,U,2005-03-18,2,Unknown,10,14707,,0
13487,3,1946-11-27,0,0,A,2005-03-21,0,Unknown,21,88882,,0
13488,3,1953-02-20,0,0,A,2005-03-21,0,Unknown,21,88882,,0
13489,3,1959-08-21,1000,2,E,2005-03-21,0,Unknown,21,88881,,0
13490,3,1939-09-19,0,0,A,2005-03-22,0,Unknown,21,88882,,0
13491,3,1940-01-05,0,0,A,2005-03-22,0,Unknown,21,88882,,0
13492,3,1969-03-26,1842,2,M,2005-03-22,2,Unknown,10,16707,,0
13493,2,1970-12-22,1625,1,B,2005-03-22,2,Unknown,21,13907,,0
13494,2,1974-08-05,0,0,U,2005-03-22,2,Unknown,10,10207,,0
13495,3,1944-10-28,0,0,M,2005-03-23,2,Unknown,10,16607,,0
13496,3,1956-11-07,0,0,M,2005-03-24,2,Unknown,21,88882,,0
13497,2,1969-05-31,2200,2,M,2005-03-24,0,Unknown,23,88883,,0
13498,2,1961-06-04,0,0,A,2005-03-24,0,Unknown,23,88883,,0
13499,2,1937-09-19,0,0,A,2005-03-25,0,Unknown,21,88882,,0
13500,4,1979-11-20,0,0,P,2005-03-25,2,Unknown,10,13507,,0
13501,4,1991-09-28,0,0,C,2005-03-29,2,Unknown,21,10107,,0
13502,4,1968-10-06,0,0,C,2005-03-29,2,Unknown,10,10507,,0
13503,2,1978-02-03,1680,0,U,2005-03-29,2,Unknown,10,18707,,0
13504,2,1938-01-29,0,0,A,2005-03-29,0,Unknown,21,88882,,0
13505,2,1960-05-06,0,0,M,2005-03-30,2,Unknown,10,15707,,0
13506,2,2004-03-13,0,0,C,2005-03-30,0,Unknown,21,10107,,0
13507,3,1970-06-25,0,0,M,2005-03-30,2,Unknown,10,16807,,0
13508,2,1968-06-28,2293,0,U,2005-03-30,2,Unknown,10,14607,,0
13509,2,1995-04-18,0,0,A,2005-03-31,0,Unknown,21,11307,,0
13510,2,1946-02-11,0,0,A,2005-03-31,0,Unknown,23,88883,,0
13511,3,1958-04-16,0,0,M,2005-03-31,2,Unknown,10,13507,,0
13512,2,1984-01-10,0,0,C,2005-03-31,2,Unknown,10,16707,,0
13513,3,1957-02-03,3516,0,A,2005-04-01,0,Unknown,21,88882,,0
13514,4,1990-12-18,0,0,C,2005-04-01,2,Unknown,21,10107,,0
13515,2,1941-06-14,0,0,A,2005-04-04,0,Unknown,23,88883,,0
13516,3,1975-10-12,0,0,U,2005-04-04,2,Unknown,10,10507,,0
13517,2,1978-01-14,0,0,C,2005-04-04,2,Unknown,10,10807,,0
13518,2,1971-05-04,0,0,M,2005-04-04,2,Unknown,10,16607,,0
13519,3,1961-12-20,0,0,M,2005-04-04,2,Unknown,10,10207,,0
13520,2,1936-10-11,0,0,M,2005-04-04,2,Unknown,10,16807,,0
13521,3,1960-03-05,0,0,A,2005-04-05,0,Unknown,25,88882,,0
13522,2,1946-04-18,0,0,A,2005-04-05,0,Unknown,25,88882,,0
13523,2,1993-12-21,0,0,C,2005-04-05,2,Unknown,21,10107,,0
13524,2,1979-07-21,0,0,C,2005-04-05,2,Unknown,10,10507,,0
13525,3,1943-04-29,0,0,A,2005-04-06,0,Unknown,21,88882,,0
13526,3,1943-06-26,0,0,A,2005-04-06,0,Unknown,21,88882,,0
13527,2,1976-08-21,0,0,M,2005-04-06,2,Unknown,10,14707,,0
13528,2,1958-05-16,0,0,M,2005-04-06,0,Unknown,21,88881,,0
13529,3,1971-06-04,916,1,M,2005-04-07,0,Unknown,10,11307,,0
13530,3,1978-05-16,0,0,M,2005-04-07,2,Unknown,10,15707,,0
13531,4,1962-10-17,0,0,C,2005-04-08,2,Unknown,10,14607,,0
13532,3,1969-01-06,1700,2,B,2005-04-12,0,Unknown,21,88881,,0
13533,2,1972-01-17,0,2,M,2005-04-12,2,Unknown,10,10107,,0
13534,4,1963-09-20,1368,1,U,2005-04-12,0,Unknown,10,12149,,0
13535,2,1981-04-03,1448,0,P,2005-04-13,2,Unknown,10,13507,,0
13536,2,1960-12-04,5250,0,C,2005-04-13,2,Unknown,10,10307,,0
13537,2,1972-09-13,2552,0,M,2005-04-13,2,Unknown,10,16807,,0
13538,2,1966-08-03,0,3,S,2005-04-13,2,Unknown,10,18707,,0
13539,3,1950-08-12,552,0,E,2005-04-14,0,Unknown,21,88881,,0
13540,4,1958-08-16,0,1,C,2005-04-14,2,Unknown,10,10107,,0
13541,2,1950-04-05,0,0,M,2005-04-14,2,Unknown,10,16807,,0
13542,2,1968-02-08,0,1,M,2005-04-14,2,Unknown,10,10807,,0
13543,4,1974-04-27,0,0,C,2005-04-14,2,Unknown,10,13607,,0
13544,2,1961-05-08,0,0,A,2005-04-15,0,Unknown,21,88882,,0
13545,2,1950-12-23,0,0,M,2005-04-15,2,Unknown,10,10107,,0
13546,2,1959-01-19,0,3,M,2005-04-15,2,Unknown,10,18319,,0
13547,2,1960-08-08,0,1,M,2005-04-18,2,Unknown,10,10107,,0
13548,2,1950-09-29,3420,2,M,2005-04-18,2,Unknown,10,12149,,0
13549,4,1982-10-30,1397,0,P,2005-04-18,2,Unknown,10,13507,,0
13550,2,1995-01-18,0,0,C,2005-04-18,2,Unknown,21,10907,,0
13551,2,1947-01-03,0,0,A,2005-04-19,0,Unknown,25,88882,,0
13552,3,1970-03-26,1751,3,A,2005-04-20,0,Unknown,25,88882,,0
13553,2,1970-12-02,0,0,A,2005-04-20,0,Unknown,21,88882,,0
13554,2,1955-05-07,0,0,M,2005-04-20,2,Unknown,10,10207,,0
13555,4,1966-10-29,2694,2,U,2005-04-21,0,Unknown,10,11307,,0
13556,3,1948-09-08,0,0,M,2005-04-21,2,Unknown,10,18707,,0
13557,4,1964-05-30,2560,1,U,2005-04-21,2,Unknown,10,18707,,0
13558,2,1964-08-07,1295,2,B,2005-04-21,2,Unknown,10,18319,,0
13559,4,2005-02-07,0,0,C,2005-04-22,2,Unknown,21,10107,,0
13560,2,1974-11-29,0,0,M,2005-04-22,0,DV,21,13507,2006-01-06,1
13561,2,1996-07-24,0,0,C,2005-04-22,2,Unknown,21,10807,,0
13562,2,1972-02-13,0,0,C,2005-04-22,2,Unknown,10,14707,,0
13563,2,1973-09-08,2471,0,U,2005-04-26,0,Unknown,21,88881,,0
13564,3,1978-03-10,0,0,M,2005-04-27,2,Unknown,10,13907,,0
13565,2,1958-03-21,1752,0,B,2005-04-27,2,Unknown,10,10907,,0
13566,2,1976-03-04,0,0,U,2005-04-27,2,Unknown,10,18707,,0
13567,4,1991-05-14,0,0,C,2005-04-28,2,Unknown,21,10107,,0
13568,3,1940-01-01,2183,0,E,2005-04-28,0,Unknown,21,88881,,0
13569,3,1944-10-03,1500,0,D,2005-04-29,0,Unknown,24,88884,,0
13570,3,1976-01-26,0,2,M,2005-04-29,2,Unknown,10,10107,,0
13571,2,1970-02-07,1250,0,U,2005-04-29,2,Unknown,10,13507,,0
13572,4,1999-07-17,0,0,C,2005-04-29,2,Unknown,21,11907,,0
13573,3,1951-02-16,0,0,D,2005-04-29,2,Unknown,10,16807,,0
13574,3,1966-01-17,0,0,D,2005-04-29,2,Unknown,10,16807,,0
13575,4,1979-06-09,0,0,U,2005-04-29,2,Unknown,10,10307,,0
13576,4,1957-01-28,0,0,C,2005-04-29,2,Unknown,10,10307,,0
13577,4,1965-02-05,0,0,U,2005-04-29,2,Unknown,10,14707,,0
13578,3,1956-04-20,1,0,M,2005-05-02,0,Unknown,21,88881,,0
13579,4,1980-06-16,1222,0,U,2005-05-02,2,Unknown,10,10107,,0
13580,4,1969-01-21,0,1,C,2005-05-02,2,Unknown,10,10107,,0
13581,4,1977-04-04,1841,0,P,2005-05-02,2,Unknown,10,14707,,0
13582,4,1954-11-22,0,0,C,2005-05-02,0,Unknown,25,88882,,0
13583,3,1953-09-20,0,0,A,2005-05-03,0,Unknown,23,88883,,0
13584,2,1976-07-22,1300,0,U,2005-05-03,2,Unknown,10,16807,,0
13585,2,1960-10-27,0,0,M,2005-05-03,2,Unknown,10,13907,,0
13586,2,1954-06-20,0,0,A,2005-05-04,0,Unknown,21,88882,,0
13587,2,1969-12-19,0,2,M,2005-05-04,2,Unknown,10,10107,,0
13588,4,1981-04-15,0,0,C,2005-05-04,2,Unknown,10,10807,,0
13589,2,1949-08-17,0,0,M,2005-05-10,2,Unknown,10,10107,,0
13590,4,1979-03-19,0,0,C,2005-05-10,0,DV,21,10107,2006-02-13,1
13591,3,1971-03-31,0,2,M,2005-05-10,2,Unknown,10,16807,,0
13592,4,1976-07-08,0,0,U,2005-05-11,2,Unknown,10,14707,,0
13593,4,1970-05-17,0,0,C,2005-05-12,0,Unknown,23,88883,,0
13594,3,1972-01-12,0,2,U,2005-05-12,2,Unknown,10,10107,,0
13595,3,1964-10-18,1500,0,S,2005-05-12,2,Unknown,10,10307,,0
13596,3,1947-04-22,0,0,C,2005-05-12,2,Unknown,10,13607,,0
13597,2,1977-12-24,1012,0,U,2005-05-13,0,Unknown,21,88881,,0
13598,3,1962-04-19,0,0,A,2005-05-13,0,Unknown,21,88882,,0
13599,3,1969-10-15,0,0,A,2005-05-13,0,Unknown,21,88882,,0
13600,3,1966-06-18,0,0,A,2005-05-13,0,Unknown,23,88883,,0
13601,2,1993-05-12,0,0,C,2005-05-13,2,Unknown,21,10107,,0
13602,2,1972-09-07,3430,0,C,2005-05-13,0,Unknown,10,18319,,0
13603,3,1966-10-11,0,1,M,2005-05-13,2,Unknown,10,10207,,0
13604,3,1978-03-26,0,0,C,2005-05-16,2,Unknown,10,10507,,0
13605,3,1967-07-04,0,0,A,2005-05-16,0,Unknown,25,88882,,0
13606,3,1955-07-29,0,0,A,2005-05-16,0,Unknown,21,88882,,0
13607,2,1972-12-02,1068,0,U,2005-05-17,2,Unknown,10,13507,,0
13608,2,1978-05-13,1600,0,P,2005-05-18,2,Unknown,10,14707,,0
13609,2,1950-12-31,0,0,C,2005-05-20,2,Unknown,25,88882,,0
13610,3,1979-11-23,0,0,M,2005-05-20,2,Unknown,10,18707,,0
13611,3,1968-06-13,0,0,M,2005-05-20,2,Unknown,10,14707,,0
13612,3,1959-07-15,1911,4,A,2005-05-23,0,Unknown,10,11307,,0
13613,4,1969-07-19,0,0,C,2005-05-23,0,Unknown,23,88883,,0
13614,3,1953-07-24,0,0,A,2005-05-23,0,Unknown,21,88882,,0
13615,2,1968-09-08,0,0,M,2005-05-23,2,Unknown,10,15607,,0
13616,3,1963-07-22,0,0,M,2005-05-24,2,Unknown,10,18707,,0
13617,2,1950-11-25,0,0,A,2005-05-25,0,Unknown,25,88882,,0
13618,4,1960-10-31,0,0,C,2005-05-26,0,Unknown,23,88883,,0
13619,4,1977-05-01,1465,0,C,2005-05-26,2,Unknown,10,10107,,0
13620,2,1969-07-14,0,1,M,2005-05-26,2,Unknown,10,10107,,0
13621,2,1994-09-24,0,0,C,2005-05-26,2,Unknown,21,10907,,0
13622,4,1980-07-16,0,0,C,2005-05-26,2,Unknown,10,10807,,0
13623,4,1963-04-12,0,0,A,2005-05-26,2,Unknown,10,12149,,0
13624,4,1967-10-02,0,0,C,2005-05-26,2,Unknown,10,10207,,0
13625,2,1969-06-19,1500,2,U,2005-05-27,0,Unknown,21,88881,,0
13626,2,1977-04-15,1350,0,M,2005-05-27,2,Unknown,10,13507,,0
13627,3,1960-04-09,1820,1,E,2005-05-30,0,Unknown,10,11307,,0
13628,2,1940-08-15,3153,0,G,2005-05-30,0,Unknown,21,88881,,0
13629,4,1974-04-09,0,0,C,2005-05-30,0,Unknown,25,88882,,0
13630,3,1962-05-20,0,0,D,2005-05-30,0,Unknown,10,13507,,0
13631,3,1943-09-07,0,0,V,2005-06-02,2,Unknown,10,10907,,0
13632,2,1964-11-22,1108,3,F,2005-06-02,2,Unknown,10,10907,,0
13633,4,1984-04-03,2400,0,C,2005-06-02,2,Unknown,10,11907,,0
13634,4,1967-09-30,990,1,U,2005-06-02,2,Unknown,10,11907,,0
13635,3,1958-04-24,0,0,M,2005-06-02,2,Unknown,10,12149,,0
13636,2,1973-05-22,0,0,C,2005-06-02,2,Unknown,10,13507,,0
13637,3,1953-06-05,0,0,A,2005-06-03,0,Unknown,21,88882,,0
13638,3,1977-01-06,1550,0,M,2005-06-03,2,Unknown,10,18707,,0
13639,2,1968-08-21,0,3,M,2005-06-03,2,Unknown,10,18707,,0
13640,4,1962-08-06,0,2,C,2005-06-03,2,Unknown,10,13607,,0
13641,4,1962-02-04,0,0,C,2005-06-06,0,Unknown,21,88882,,0
13642,2,1967-11-21,0,2,C,2005-06-06,2,Unknown,10,18319,,0
13643,2,1989-10-06,0,0,C,2005-06-07,2,Unknown,21,10107,,0
13644,3,1969-10-06,1600,1,U,2005-06-07,2,Unknown,10,11907,,0
13645,2,1949-01-01,0,0,A,2005-06-08,0,Unknown,25,88882,,0
13646,4,1977-06-29,0,0,C,2005-06-08,2,Unknown,10,10107,,0
13647,3,1965-09-24,1300,2,A,2005-06-09,0,Unknown,23,88883,,0
13648,3,1939-07-16,0,0,A,2005-06-09,0,Unknown,25,88882,,0
13649,4,1979-02-16,0,0,C,2005-06-09,2,Unknown,10,10107,,0
13650,3,1938-12-23,0,0,A,2005-06-10,0,Unknown,21,88882,,0
13651,3,1944-03-30,0,0,A,2005-06-10,0,Unknown,25,88882,,0
13652,2,1959-08-30,0,0,A,2005-06-10,0,Unknown,21,88882,,0
13653,2,1961-10-11,2424,4,M,2005-06-10,2,Unknown,10,18319,,0
13654,2,1975-07-14,1550,0,C,2005-06-13,2,Unknown,10,16807,,0
13655,4,1974-11-16,0,0,C,2005-06-13,2,Unknown,10,11907,,0
13656,2,1935-11-10,0,0,A,2005-06-14,0,Unknown,25,88882,,0
13657,4,1983-06-08,0,0,C,2005-06-14,2,Unknown,10,10107,,0
13658,2,1954-04-23,0,0,A,2005-06-15,0,Unknown,21,88882,,0
13659,2,1974-04-04,0,0,C,2005-06-15,2,Unknown,10,16807,,0
13660,2,1979-10-16,0,0,C,2005-06-15,2,Unknown,10,14707,,0
13661,3,1943-10-25,0,0,M,2005-06-15,2,Unknown,10,14707,,0
13662,2,1973-05-14,1540,0,M,2005-06-16,0,Unknown,21,88881,,0
13663,2,1965-11-12,0,0,A,2005-06-16,0,Unknown,21,88882,,0
13664,3,1958-08-12,0,0,A,2005-06-16,0,Unknown,25,88882,,0
13665,3,1948-06-18,0,0,A,2005-06-16,0,Unknown,21,88882,,0
13666,4,1963-09-11,0,0,U,2005-06-16,0,Unknown,21,10807,,0
13667,3,1974-04-28,0,0,M,2005-06-16,2,Unknown,10,13807,,0
13668,4,1971-01-05,0,0,U,2005-06-16,2,Unknown,10,18707,,0
13669,2,1965-06-12,0,0,U,2005-06-16,2,Unknown,10,14707,,0
13670,4,1977-09-16,2225,0,P,2005-06-17,0,Unknown,21,88881,,0
13671,2,1980-05-19,0,0,M,2005-06-20,2,Unknown,10,10307,,0
13672,3,1964-01-07,0,4,M,2005-06-20,2,Unknown,21,10107,,0
13673,2,1949-12-10,0,0,A,2005-06-21,0,Unknown,21,88882,,0
13674,4,1970-05-21,2019,0,A,2005-06-21,2,Unknown,10,18319,,0
13675,2,1973-04-28,0,0,A,2005-06-22,0,Unknown,23,88883,,0
13676,2,1961-09-17,0,0,A,2005-06-22,0,Unknown,21,88882,,0
13677,2,1974-02-21,0,0,M,2005-06-22,0,Unknown,10,10107,,0
13678,2,1973-07-03,0,0,M,2005-06-22,2,Unknown,10,13507,,0
13679,2,1966-12-17,0,0,P,2005-06-22,2,Unknown,10,13907,,0
13680,2,1948-12-29,3320,0,G,2005-06-23,0,Unknown,21,88881,,0
13681,3,1952-02-08,0,0,A,2005-06-23,0,Unknown,25,88882,,0
13682,3,1950-08-16,0,0,A,2005-06-24,0,Unknown,25,88882,,0
13683,3,1955-10-07,0,2,M,2005-06-24,2,Unknown,10,10107,,0
13684,3,1949-10-06,0,0,A,2005-06-27,0,Unknown,25,88882,,0
13685,2,1945-04-11,0,0,A,2005-06-28,0,Unknown,25,88882,,0
13686,4,1961-02-13,1737,0,C,2005-06-28,2,Unknown,10,10107,,0
13687,3,1971-03-26,0,0,M,2005-06-28,2,Unknown,10,16607,,0
13688,3,1946-08-13,0,0,A,2005-06-30,0,Unknown,21,88882,,0
13689,2,1942-11-18,540,0,M,2005-06-30,0,Unknown,21,88882,,0
13690,2,1939-01-10,0,0,A,2005-06-30,0,Unknown,25,88882,,0
13691,4,1975-01-13,1435,0,P,2005-06-30,2,Unknown,10,15607,,0
13692,2,1949-07-01,0,0,M,2005-06-30,2,Unknown,10,13507,,0
13693,2,1941-10-05,0,0,A,2005-07-01,0,Unknown,21,88882,,0
13694,2,1947-05-18,0,0,A,2005-07-04,0,Unknown,25,88882,,0
13695,3,1980-04-02,0,0,C,2005-07-04,2,Unknown,10,11907,,0
13696,2,1982-02-24,1450,0,U,2005-07-05,0,Unknown,21,88881,,0
13697,2,1977-11-16,1450,0,C,2005-07-05,2,Unknown,10,14607,,0
13698,4,1978-02-18,0,0,U,2005-07-06,2,Unknown,10,10107,,0
13699,4,1984-04-11,1200,0,C,2005-07-07,2,Unknown,10,15707,,0
13700,4,1980-05-26,0,0,C,2005-07-07,2,Unknown,10,13807,,0
13701,2,1943-12-19,2359,0,E,2005-07-07,0,Unknown,21,88881,,0
13702,2,1971-08-01,1366,1,B,2005-07-08,0,Unknown,21,88881,,0
13703,3,1971-04-02,0,0,A,2005-07-08,0,Unknown,23,88883,,0
13704,4,1981-11-14,0,0,U,2005-07-08,2,Unknown,10,13607,,0
13705,2,1968-05-27,0,0,C,2005-07-12,2,Unknown,10,13607,,0
13706,4,1983-12-03,0,0,C,2005-07-13,2,Unknown,10,10107,,0
13707,2,1976-07-04,0,0,C,2005-07-13,2,Unknown,10,10107,,0
13708,4,1974-04-16,0,0,U,2005-07-13,2,Unknown,10,10107,,0
13709,3,1965-12-16,0,0,M,2005-07-13,2,Unknown,10,10107,,0
13710,4,1973-01-24,1700,0,P,2005-07-13,2,Unknown,10,17807,,0
13711,2,1969-10-30,0,0,C,2005-07-13,2,Unknown,10,10207,,0
13712,4,1987-08-19,0,0,C,2005-07-15,2,Unknown,21,10107,,0
13713,3,1972-01-06,0,0,M,2005-07-15,2,Unknown,10,18707,,0
13714,3,1974-04-01,0,0,M,2005-07-15,2,Unknown,10,10807,,0
13715,2,1951-12-30,3000,2,F,2005-07-15,0,Unknown,21,88881,,0
13716,2,1958-08-05,2500,0,B,2005-07-18,0,Unknown,21,88881,,0
13717,3,1968-10-05,0,0,A,2005-07-18,0,Unknown,21,88882,,0
13718,2,1981-05-22,2680,0,P,2005-07-18,0,Unknown,24,88884,,0
13719,3,1958-05-02,0,0,A,2005-07-19,0,Unknown,21,88882,,0
13720,4,2002-12-21,0,0,C,2005-07-20,2,Unknown,21,10107,,0
13721,2,1946-08-03,0,0,A,2005-07-21,0,Unknown,25,88882,,0
13722,3,1980-10-03,1500,0,M,2005-07-21,2,Unknown,10,17807,,0
13723,2,1970-02-21,0,0,A,2005-07-22,2,Unknown,10,17807,,0
13724,3,1953-10-19,0,0,D,2005-07-25,2,Unknown,10,10107,,0
13725,4,1979-03-28,1840,0,C,2005-07-26,2,Unknown,10,11307,,0
13726,2,1952-10-23,2539,0,M,2005-07-26,2,Unknown,10,10307,,0
13727,2,1934-05-26,0,0,A,2005-07-27,0,Unknown,21,88882,,0
13728,2,1989-03-05,0,0,C,2005-07-27,2,Unknown,21,10107,,0
13729,4,1971-04-25,0,0,U,2005-07-27,2,Unknown,10,14707,,0
13730,2,1962-11-01,0,0,M,2005-07-28,2,Unknown,10,18319,,0
13731,4,1975-07-23,0,0,C,2005-07-29,2,Unknown,10,10107,,0
13732,4,1981-05-26,0,0,C,2005-07-29,2,Unknown,10,18707,,0
13733,3,1978-09-13,2293,0,U,2005-08-01,2,Unknown,10,12149,,0
13734,2,1952-10-09,0,0,M,2005-08-01,2,Unknown,10,15707,,0
13735,2,1979-09-20,1370,0,C,2005-08-01,0,Unknown,24,88884,,0
13736,3,1962-04-15,0,0,A,2005-08-03,0,Unknown,23,88883,,0
13737,3,1977-03-29,0,0,C,2005-08-03,2,Unknown,10,15707,,0
13738,3,1944-07-14,0,0,A,2005-08-04,0,Unknown,25,88882,,0
13739,4,1974-10-02,0,0,C,2005-08-04,2,Unknown,10,15707,,0
13740,3,1973-05-20,0,1,M,2005-08-04,2,Unknown,10,16707,,0
13741,4,1978-04-05,0,0,P,2005-08-04,2,Unknown,10,10207,,0
13742,4,2001-04-27,0,0,C,2005-08-05,2,Unknown,21,10107,,0
13743,4,1975-04-20,0,2,U,2005-08-08,2,Unknown,10,18319,,0
13744,2,1963-07-01,0,3,M,2005-08-09,2,Unknown,10,10107,,0
13745,4,1975-11-23,1600,0,P,2005-08-09,2,Unknown,10,13907,,0
13746,3,1953-03-30,0,0,A,2005-08-09,2,Unknown,10,12149,,0
13747,3,1960-03-28,0,0,A,2005-08-11,0,Unknown,21,88882,,0
13748,4,1960-10-24,0,0,C,2005-08-11,0,Unknown,25,88882,,0
13749,2,1980-01-06,1564,1,P,2005-08-11,2,Unknown,10,10107,,0
13750,2,1977-11-14,0,0,M,2005-08-11,2,Unknown,10,10107,,0
13751,3,1957-01-24,0,0,M,2005-08-11,2,Unknown,10,11907,,0
13752,3,1970-05-17,2007,2,M,2005-08-11,2,Unknown,10,13807,,0
13753,4,1980-01-03,1564,0,U,2005-08-11,2,Unknown,10,18707,,0
13754,2,1981-10-22,0,0,U,2005-08-11,2,Unknown,10,10807,,0
13755,2,1980-03-06,0,0,P,2005-08-12,2,Unknown,10,10307,,0
13756,3,1968-07-19,0,0,U,2005-08-16,2,Unknown,10,10207,,0
13757,2,1974-02-09,0,0,D,2005-08-17,2,Unknown,10,13607,,0
13758,4,1981-11-22,1400,0,C,2005-08-17,2,Unknown,10,14707,,0
13759,2,1962-01-28,0,0,A,2005-08-18,0,Unknown,21,88882,,0
13760,4,1980-01-09,0,0,C,2005-08-18,2,Unknown,10,13607,,0
13761,3,1959-06-26,1900,2,M,2005-08-18,2,Unknown,10,13807,,0
13762,1,,0,0,A,2005-08-19,4,Unknown,61,10107,,0
13763,2,1981-07-15,1400,0,C,2005-08-19,2,Unknown,10,13807,,0
13764,4,1976-06-04,0,0,C,2005-08-22,2,Unknown,10,10107,,0
13765,3,1951-04-19,0,1,M,2005-08-22,2,DA,21,10107,2005-11-28,1
13766,2,1966-11-14,0,0,M,2005-08-22,2,Unknown,10,10207,,0
13767,3,1972-09-28,1900,3,M,2005-08-24,0,Unknown,10,10307,,0
13768,4,1981-05-06,1438,0,C,2005-08-24,2,Unknown,10,10907,,0
13769,2,1980-05-25,1500,0,C,2005-08-24,2,Unknown,10,17807,,0
13770,3,1981-03-25,1359,0,P,2005-08-24,2,Unknown,10,10807,,0
13771,4,1939-09-04,0,0,C,2005-08-25,0,Unknown,25,88882,,0
13772,2,1962-06-12,0,0,A,2005-08-25,0,Unknown,23,88883,,0
13773,2,1958-10-23,0,0,A,2005-08-25,0,Unknown,21,88882,,0
13774,2,1970-10-04,0,0,U,2005-08-25,2,Unknown,10,10107,,0
13775,2,1963-12-26,2850,2,M,2005-08-25,2,Unknown,10,10107,,0
13776,2,1981-06-20,1160,0,U,2005-08-25,2,Unknown,10,13507,,0
13777,2,1979-04-15,0,0,C,2005-08-26,2,Unknown,10,13907,,0
13778,4,1980-12-08,1600,0,C,2005-08-26,2,Unknown,10,17807,,0
13779,2,1965-02-24,0,1,M,2005-08-29,2,Unknown,10,13507,,0
13780,2,1958-12-02,0,4,M,2005-08-29,2,Unknown,10,18319,,0
13781,2,1971-11-29,3000,1,M,2005-08-29,2,Unknown,10,88881,,0
13782,4,1978-06-06,0,0,U,2005-08-30,0,Unknown,21,88881,,0
13783,3,1971-04-27,0,0,M,2005-08-30,2,Unknown,10,13807,,0
13784,3,1971-05-26,0,0,A,2005-08-31,0,Unknown,23,88883,,0
13785,2,1966-08-26,0,2,M,2005-08-31,2,Unknown,10,10107,,0
13786,3,1971-07-02,0,0,M,2005-08-31,2,Unknown,10,18707,,0
13787,4,1983-11-03,1288,0,C,2005-08-31,2,Unknown,10,14707,,0
13788,2,1965-05-01,1200,0,M,2005-09-02,0,Unknown,21,88881,,0
13789,2,1974-09-06,0,0,C,2005-09-06,2,Unknown,10,10807,,0
13790,4,1971-07-07,0,0,P,2005-09-07,2,Unknown,10,18707,,0
13791,3,1957-07-29,0,0,A,2005-09-08,0,Unknown,25,88882,,0
13792,2,1950-08-20,0,0,A,2005-09-08,0,Unknown,21,88882,,0
13793,2,1975-02-05,1997,0,C,2005-09-08,2,Unknown,10,10107,,0
13794,2,1998-01-16,0,0,C,2005-09-08,2,Unknown,21,10907,,0
13795,2,1974-05-04,0,0,C,2005-09-09,2,Unknown,10,10107,,0
13796,3,1973-04-24,0,1,M,2005-09-09,2,Unknown,10,10107,,0
13797,3,1963-02-07,0,0,M,2005-09-09,2,Unknown,10,13507,,0
13798,2,1972-09-12,0,2,M,2005-09-12,2,Unknown,10,16707,,0
13799,3,1964-05-11,0,0,A,2005-09-13,0,Unknown,23,88883,,0
13800,2,1970-03-25,0,0,S,2005-09-13,2,Unknown,10,10107,,0
13801,4,1980-11-07,1502,0,P,2005-09-14,2,Unknown,10,16807,,0
13802,3,1966-01-21,2234,2,M,2005-09-15,2,Unknown,10,88882,,0
13803,4,1955-01-01,1680,1,C,2005-09-15,2,Unknown,10,10107,,0
13804,2,1976-12-30,0,0,M,2005-09-15,2,Unknown,10,10107,,0
13805,2,1976-05-16,0,0,C,2005-09-15,2,Unknown,10,17807,,0
13806,3,1975-06-13,0,0,A,2005-09-16,0,Unknown,25,88882,,0
13807,4,1970-01-05,0,0,C,2005-09-16,2,Unknown,10,10107,,0
13808,3,1972-05-24,0,1,M,2005-09-16,2,Unknown,10,10107,,0
13809,3,1948-09-18,0,0,M,2005-09-16,2,Unknown,10,16807,,0
13810,2,1960-08-16,2000,0,M,2005-09-16,0,Unknown,21,88881,,0
13811,3,1969-11-12,0,0,M,2005-09-19,2,Unknown,10,11907,,0
13812,3,1943-07-20,0,0,A,2005-09-20,0,Unknown,21,88882,,0
13813,3,1963-07-02,540,2,B,2005-09-20,2,Unknown,10,10107,,0
13814,4,1980-10-23,1435,0,P,2005-09-21,2,Unknown,10,10107,,0
13815,4,1966-01-21,0,0,C,2005-09-22,0,Unknown,23,88883,,0
13816,2,1975-05-25,0,0,U,2005-09-22,2,Unknown,10,16707,,0
13817,4,1973-09-10,0,0,C,2005-09-23,2,Unknown,10,10107,,0
13818,1,,0,0,A,2005-09-23,4,Unknown,61,16807,,0
13819,2,1975-06-07,0,0,U,2005-09-26,2,Unknown,10,10107,,0
13820,2,1988-03-03,0,0,C,2005-09-26,2,Unknown,21,10907,,0
13821,2,1976-05-05,0,0,M,2005-09-27,2,Unknown,10,13807,,0
13822,2,1986-08-02,1265,0,C,2005-09-27,2,Unknown,10,13907,,0
13823,2,1967-12-26,0,0,A,2005-09-28,0,Unknown,23,88883,,0
13824,2,1982-02-01,0,0,C,2005-09-28,2,Unknown,10,10107,,0
13825,2,1991-07-11,0,0,C,2005-09-28,2,Unknown,21,10907,,0
13826,2,1980-04-05,1530,0,C,2005-09-28,2,Unknown,10,17807,,0
13827,4,1982-03-04,1275,0,C,2005-09-28,2,Unknown,10,14707,,0
13828,4,1981-11-26,1400,0,C,2005-09-29,2,Unknown,10,13507,,0
13829,2,1954-11-16,0,0,M,2005-09-29,2,Unknown,10,18707,,0
13830,2,1969-03-27,1500,2,M,2005-09-30,0,Unknown,21,88881,,0
13831,2,1965-12-01,1666,0,A,2005-10-03,0,Unknown,21,88882,,0
13832,4,1979-07-15,0,0,C,2005-10-03,2,Unknown,10,16607,,0
13833,2,1940-02-12,0,0,A,2005-10-04,0,Unknown,21,88882,,0
13834,4,1981-09-28,1400,0,C,2005-10-04,2,Unknown,10,16807,,0
13835,3,1972-03-22,2380,2,M,2005-10-04,2,Unknown,10,10307,,0
13836,4,1981-04-01,1360,0,U,2005-10-04,2,Unknown,10,18707,,0
13837,4,1980-09-01,0,0,C,2005-10-05,2,Unknown,10,13507,,0
13838,2,1977-02-14,0,0,C,2005-10-05,2,Unknown,10,17807,,0
13839,3,1981-11-06,0,0,M,2005-10-05,2,Unknown,10,14707,,0
13840,2,1966-12-07,0,0,A,2005-10-06,0,Unknown,21,88882,,0
13841,4,1981-09-03,0,0,C,2005-10-06,2,Unknown,10,15607,,0
13842,2,1955-08-31,0,0,A,2005-10-07,0,DA,23,88883,2006-03-08,1
13843,3,1958-06-03,0,0,A,2005-10-07,0,Unknown,21,88882,,0
13844,3,1975-12-24,1600,0,M,2005-10-07,2,Unknown,10,10107,,0
13845,2,1982-10-12,0,0,U,2005-10-07,2,Unknown,10,13507,,0
13846,3,1935-05-26,0,0,A,2005-10-10,0,Unknown,23,88883,,0
13847,3,1938-02-06,0,0,A,2005-10-10,0,Unknown,25,88882,,0
13848,4,1970-07-08,0,0,C,2005-10-10,0,Unknown,23,88883,,0
13849,4,1977-10-21,1425,0,C,2005-10-10,2,Unknown,10,13507,,0
13850,4,1981-10-05,0,1,C,2005-10-10,2,Unknown,10,10807,,0
13851,4,2004-02-23,0,0,C,2005-10-11,2,Unknown,21,10107,,0
13852,2,1973-11-17,0,0,U,2005-10-12,0,Unknown,21,88881,,0
13853,4,1983-03-04,0,0,C,2005-10-12,2,Unknown,10,10107,,0
13854,3,1976-06-16,1900,0,B,2005-10-12,2,Unknown,10,10807,,0
13855,3,1939-01-27,0,0,M,2005-10-12,2,Unknown,10,14707,,0
13856,2,1968-03-12,0,0,A,2005-10-12,0,Unknown,25,88882,,0
13857,2,1989-09-06,0,0,C,2005-10-13,2,Unknown,21,10107,,0
13858,2,1968-06-25,0,0,M,2005-10-13,2,Unknown,10,11907,,0
13859,3,1980-10-03,1616,0,M,2005-10-13,2,Unknown,10,10207,,0
13860,4,1989-05-28,0,0,C,2005-10-13,2,Unknown,21,14707,,0
13861,2,1979-01-01,1269,0,C,2005-10-13,0,Unknown,24,88884,,0
13862,2,1962-12-11,3618,1,M,2005-10-14,2,Unknown,10,10907,,0
13863,4,1981-10-06,1400,0,C,2005-10-14,2,Unknown,10,16707,,0
13864,4,1983-06-12,1324,0,C,2005-10-14,2,Unknown,10,10807,,0
13865,2,1971-01-14,0,0,C,2005-10-14,2,Unknown,10,10107,,0
13866,4,1976-10-29,1328,0,C,2005-10-17,0,Unknown,10,11307,,0
13867,2,1969-10-02,1135,2,M,2005-10-17,0,Unknown,21,88881,,0
13868,3,1979-07-13,0,0,M,2005-10-17,2,Unknown,10,15707,,0
13869,3,1974-05-29,0,2,M,2005-10-17,2,Unknown,10,18707,,0
13870,2,1934-02-12,3000,0,G,2005-10-18,0,Unknown,21,88881,,0
13871,3,1942-02-19,2000,0,G,2005-10-19,0,Unknown,21,88881,,0
13872,2,1940-08-27,1818,0,A,2005-10-20,0,Unknown,21,88882,,0
13873,2,1993-05-06,0,0,C,2005-10-20,2,Unknown,21,10107,,0
13874,2,1959-02-20,0,2,M,2005-10-20,2,Unknown,10,10107,,0
13875,3,1963-01-05,1850,1,U,2005-10-20,2,Unknown,10,16807,,0
13876,3,1968-12-31,0,0,A,2005-10-24,0,Unknown,25,88882,,0
13877,4,1979-11-15,0,0,U,2005-10-24,2,Unknown,10,10507,,0
13878,2,1948-06-22,3585,0,M,2005-10-24,0,Unknown,21,88881,,0
13879,2,2002-05-16,0,0,C,2005-10-25,2,Unknown,21,10107,,0
13880,4,1978-12-05,1665,0,C,2005-10-25,2,Unknown,10,10207,,0
13881,2,1975-04-27,0,0,M,2005-10-25,2,Unknown,10,14707,,0
13882,2,1948-04-06,0,0,A,2005-10-25,0,Unknown,21,88882,,0
13883,2,1977-07-31,0,0,U,2005-10-26,0,Unknown,21,88881,,0
13884,3,1960-07-14,0,1,U,2005-10-26,2,Unknown,10,10107,,0
13885,3,1956-11-23,0,0,M,2005-10-26,2,Unknown,10,17607,,0
13886,4,1983-04-28,0,0,C,2005-10-26,2,Unknown,10,18707,,0
13887,2,1954-01-09,1850,0,A,2005-10-26,0,Unknown,21,88882,,0
13888,4,1980-08-10,0,0,P,2005-10-27,2,Unknown,10,13507,,0
13889,2,1980-04-27,0,0,C,2005-10-27,2,Unknown,10,13807,,0
13890,3,1954-01-07,0,0,M,2005-10-27,2,Unknown,10,16807,,0
13891,3,1939-05-14,0,0,M,2005-10-27,2,Unknown,10,10207,,0
13892,4,1980-01-18,0,0,C,2005-10-27,2,Unknown,10,14707,,0
13893,2,1953-11-24,0,0,A,2005-10-27,0,Unknown,21,88882,,0
13894,2,1949-12-18,0,2,M,2005-10-28,2,Unknown,10,13807,,0
13895,2,1938-08-14,0,0,M,2005-10-31,2,Unknown,10,12149,,0
13896,2,1952-01-08,0,0,M,2005-10-31,2,Unknown,10,15707,,0
13897,2,1981-05-19,1600,0,C,2005-10-31,2,Unknown,10,10307,,0
13898,4,1975-11-26,0,0,P,2005-10-31,2,Unknown,10,14607,,0
13899,4,1978-08-31,0,0,U,2005-10-31,2,Unknown,10,13907,,0
13900,2,1971-04-24,1853,0,C,2005-10-31,2,Unknown,10,11907,,0
13901,3,1956-02-12,0,0,A,2005-10-31,0,Unknown,25,88882,,0
13902,2,1957-07-31,0,0,U,2005-11-03,2,Unknown,10,16807,,0
13903,4,1980-04-08,0,0,C,2005-11-03,2,Unknown,10,12149,,0
13904,2,1975-04-27,0,0,M,2005-11-03,2,Unknown,10,13807,,0
13905,4,1980-05-13,0,0,C,2005-11-04,2,Unknown,10,10907,,0
13906,2,1968-02-16,4993,1,U,2005-11-04,2,Unknown,10,18319,,0
13907,4,1980-07-06,0,0,C,2005-11-04,2,Unknown,10,14707,,0
13908,3,1973-02-26,0,1,M,2005-11-04,2,Unknown,10,10107,,0
13909,2,1950-12-23,0,0,A,2005-11-04,0,Unknown,21,88882,,0
13910,2,1956-04-25,0,3,M,2005-11-07,2,Unknown,10,17807,,0
13911,4,1975-05-12,0,0,U,2005-11-07,2,Unknown,10,10107,,0
13912,4,1980-09-27,1545,0,C,2005-11-10,2,Unknown,21,88881,,0
13913,2,1943-06-30,0,0,A,2005-11-10,2,Unknown,10,16807,,0
13914,4,1979-05-13,1000,0,C,2005-11-10,2,Unknown,10,13807,,0
13915,2,1958-04-09,0,0,M,2005-11-14,2,Unknown,10,14607,,0
13916,2,1961-12-06,0,0,A,2005-11-14,0,Unknown,23,88883,,0
13917,2,1965-08-22,0,0,A,2005-11-14,0,Unknown,25,88882,,0
13918,2,1959-10-04,1538,2,U,2005-11-15,0,Unknown,10,11307,,0
13919,2,1974-04-28,0,0,M,2005-11-15,2,Unknown,10,10307,,0
13920,3,1980-07-08,0,0,M,2005-11-15,2,Unknown,10,10207,,0
13921,2,1946-10-21,0,0,A,2005-11-15,0,Unknown,25,88882,,0
13922,2,1970-05-13,1400,3,M,2005-11-16,2,Unknown,10,10807,,0
13923,2,1962-08-27,0,0,M,2005-11-16,2,Unknown,10,10807,,0
13924,3,1965-12-21,0,0,A,2005-11-16,0,Unknown,21,88882,,0
13925,3,1959-06-12,0,0,M,2005-11-17,2,Unknown,10,13907,,0
13926,3,1976-07-09,1435,1,M,2005-11-17,2,Unknown,10,13807,,0
13927,2,1951-06-06,1822,0,A,2005-11-17,0,Unknown,25,88882,,0
13928,3,1977-07-25,0,0,M,2005-11-18,2,Unknown,10,10907,,0
13929,3,1977-08-31,0,0,M,2005-11-18,2,Unknown,10,13507,,0
13930,3,1977-11-09,0,0,M,2005-11-18,2,Unknown,10,10207,,0
13931,3,1946-04-12,0,0,A,2005-11-18,0,Unknown,21,88882,,0
13932,3,1955-06-10,0,0,A,2005-11-18,0,Unknown,21,88882,,0
13933,2,1954-10-09,0,0,M,2005-11-21,2,Unknown,10,10207,,0
13934,2,1956-11-14,1793,1,M,2005-11-23,0,Unknown,21,88881,,0
13935,2,2002-07-01,0,0,C,2005-11-24,2,Unknown,21,10107,,0
13936,2,1976-09-13,2700,0,M,2005-11-24,2,Unknown,10,10107,,0
13937,2,1980-05-25,0,0,U,2005-11-24,2,Unknown,10,14607,,0
13938,2,1975-12-13,0,0,A,2005-11-24,2,Unknown,10,12149,,0
13939,3,1962-04-08,0,0,A,2005-11-24,0,Unknown,21,88882,,0
13940,3,1953-06-21,0,0,A,2005-11-24,0,Unknown,25,88882,,0
13941,3,1955-10-18,0,0,D,2005-11-25,2,Unknown,10,10107,,0
13942,3,1953-07-28,0,0,M,2005-11-25,2,Unknown,10,10107,,0
13943,2,1962-03-31,1345,3,E,2005-11-28,0,Unknown,21,88881,,0
13944,3,1981-02-25,0,0,U,2005-11-28,2,Unknown,10,18707,,0
13945,2,2003-12-22,0,0,C,2005-11-29,2,Unknown,21,10107,,0
13946,2,1960-10-01,0,0,U,2005-11-29,2,Unknown,10,10207,,0
13947,2,1959-01-26,2217,0,M,2005-11-30,0,Unknown,21,88881,,0
13948,4,1980-03-06,0,0,U,2005-11-30,2,Unknown,10,11907,,0
13949,4,1951-08-07,0,0,C,2005-11-30,2,Unknown,10,18707,,0
13950,2,1967-04-17,0,2,U,2005-12-01,2,Unknown,10,10107,,0
13951,4,2002-04-29,0,0,C,2005-12-01,2,Unknown,21,10107,,0
13952,2,1978-03-09,0,0,M,2005-12-02,2,Unknown,10,15707,,0
13953,2,1934-03-31,0,0,M,2005-12-02,2,Unknown,10,10307,,0
13954,2,1981-03-23,0,0,P,2005-12-02,0,Unknown,10,10807,,0
13955,4,1981-06-08,0,0,U,2005-12-02,2,Unknown,10,17607,,0
13956,4,1982-06-12,1297,0,C,2005-12-02,2,Unknown,10,18707,,0
13957,2,1951-11-02,5171,3,E,2005-12-03,0,Unknown,21,88881,,0
13958,4,1972-04-06,0,1,C,2005-12-05,2,Unknown,10,10107,,0
13959,2,1982-02-20,0,0,C,2005-12-05,2,Unknown,10,13907,,0
13960,3,1969-01-25,0,2,M,2005-12-05,2,Unknown,10,14707,,0
13961,4,1983-02-23,0,0,C,2005-12-05,2,Unknown,10,10207,,0
13962,3,1972-05-27,0,0,M,2005-12-05,2,Unknown,10,10207,,0
13963,3,1956-11-14,0,0,A,2005-12-05,0,Unknown,25,88882,,0
13964,2,1956-06-11,2410,0,U,2005-12-06,0,Unknown,10,11307,,0
13965,4,1979-07-24,1950,0,C,2005-12-06,2,Unknown,10,14607,,0
13966,3,1962-12-14,0,0,M,2005-12-06,2,Unknown,10,16707,,0
13967,2,1975-07-07,1389,0,P,2005-12-07,2,Unknown,10,13507,,0
13968,2,1982-09-17,1100,0,U,2005-12-07,2,Unknown,10,13507,,0
13969,3,1952-04-03,2181,1,A,2005-12-07,0,Unknown,25,88882,,0
13970,2,1953-05-29,0,0,A,2005-12-07,0,Unknown,21,88882,,0
13971,4,1990-01-01,0,0,C,2005-12-08,2,Unknown,21,10107,,0
13972,3,1977-05-09,0,1,M,2005-12-08,2,Unknown,10,10807,,0
13973,4,1979-03-09,0,0,U,2005-12-08,0,DV,21,13507,2006-10-13,1
13974,4,1982-04-24,1500,0,P,2005-12-08,2,Unknown,10,16707,,0
13975,2,1973-10-18,0,0,M,2005-12-08,2,Unknown,10,17807,,0
13976,2,1965-09-05,0,0,A,2005-12-08,2,Unknown,10,18319,,0
13977,2,1966-02-18,0,0,A,2005-12-09,2,Unknown,10,12149,,0
13978,3,1945-12-27,0,0,A,2005-12-09,0,Unknown,21,88882,,0
13979,3,1947-02-24,0,0,A,2005-12-09,0,Unknown,25,88882,,0
13980,2,1966-04-26,1604,1,C,2005-12-12,0,Unknown,10,11307,,0
13981,2,2002-06-12,0,0,C,2005-12-12,2,Unknown,21,10107,,0
13982,2,1963-08-06,0,2,M,2005-12-12,2,Unknown,10,17807,,0
13983,2,1974-02-21,2500,2,G,2005-12-12,2,Unknown,10,13507,,0
13984,2,1973-11-02,0,0,U,2005-12-12,2,Unknown,10,16707,,0
13985,3,1959-08-23,3590,0,M,2005-12-14,0,Unknown,10,11307,,0
13986,4,1966-07-24,0,0,C,2005-12-14,0,Unknown,23,88883,,0
13987,2,1974-03-18,1600,0,P,2005-12-14,2,Unknown,10,10807,,0
13988,2,1969-06-06,0,0,M,2005-12-14,2,Unknown,10,14707,,0
13989,2,1973-04-16,0,0,U,2005-12-15,2,Unknown,10,12149,,0
13990,2,1957-07-26,0,0,A,2005-12-19,2,Unknown,10,17607,,0
13991,2,1968-04-22,0,0,A,2005-12-19,0,Unknown,21,88882,,0
13992,2,1972-01-06,1100,1,U,2005-12-20,0,Unknown,21,88881,,0
13993,2,1940-11-04,0,0,M,2005-12-20,0,Unknown,21,88881,,0
13994,3,1958-01-03,0,1,S,2005-12-20,2,Unknown,10,18707,,0
13995,3,1974-07-12,0,0,M,2005-12-20,2,Unknown,10,18707,,0
13996,3,1967-01-01,0,0,A,2005-12-20,0,Unknown,21,88882,,0
13997,2,1935-10-19,0,0,A,2005-12-20,0,Unknown,21,88882,,0
13998,4,1975-04-11,0,0,U,2005-12-21,2,Unknown,10,16707,,0
13999,2,1976-09-22,0,0,C,2005-12-22,0,DV,21,16607,2006-10-13,1
14000,2,1974-05-08,1539,2,U,2005-12-22,2,Unknown,10,10507,,0
14001,2,1949-07-31,0,0,A,2005-12-22,0,Unknown,21,88882,,0
14002,2,1944-05-08,0,0,A,2005-12-22,0,Unknown,25,88882,,0
14003,2,1967-05-17,0,0,U,2005-12-23,2,Unknown,10,15607,,0
14004,3,1969-05-01,0,0,A,2005-12-23,0,Unknown,23,88883,,0
14005,2,1969-03-01,3326,0,U,2005-12-26,2,Unknown,10,12149,,0
14006,4,1974-02-11,1934,0,U,2005-12-27,2,Unknown,10,11307,,0
14007,3,1972-06-12,0,2,M,2005-12-27,2,Unknown,10,17807,,0
14008,3,1937-10-30,0,0,A,2005-12-27,0,Unknown,25,88882,,0
14009,3,1957-07-09,2300,0,F,2005-12-28,0,Unknown,21,88881,,0
14010,3,1958-12-24,0,0,M,2005-12-28,2,Unknown,10,13607,,0
14011,3,1965-09-28,0,2,M,2005-12-28,2,Unknown,10,16807,,0
14012,2,1945-01-16,0,0,D,2005-12-28,2,Unknown,10,18319,,0
14013,4,1978-05-02,0,0,C,2005-12-28,2,Unknown,10,10207,,0
14014,4,1973-04-15,0,0,C,2005-12-28,0,Unknown,23,88883,,0
14015,3,1963-05-07,0,0,A,2005-12-28,0,Unknown,23,88883,,0
14016,2,1957-04-02,0,0,M,2005-12-29,2,Unknown,10,12149,,0
14017,2,1953-06-09,0,0,A,2005-12-29,2,Unknown,10,12149,,0
14018,2,1993-08-20,0,0,C,2005-12-30,2,Unknown,21,10107,,0
14019,2,1989-10-14,0,0,C,2006-01-02,2,Unknown,21,10107,,0
14020,2,1979-06-26,0,0,M,2006-01-02,2,Unknown,10,10107,,0
14021,2,1976-09-16,0,0,P,2006-01-04,2,Unknown,10,11907,,0
14022,2,1966-02-08,0,0,C,2006-01-05,2,Unknown,10,15707,,0
14023,4,1968-01-28,0,0,C,2006-01-05,2,Unknown,10,10907,,0
14024,2,1964-05-21,0,0,M,2006-01-05,2,Unknown,10,18707,,0
14025,4,1979-10-17,0,0,C,2006-01-05,2,Unknown,10,10807,,0
14026,2,2000-03-23,0,0,C,2006-01-06,2,Unknown,21,10107,,0
14027,4,1973-06-24,1952,1,C,2006-01-06,2,Unknown,10,12149,,0
14028,2,1982-02-24,0,0,C,2006-01-09,2,Unknown,10,10107,,0
14029,2,1972-11-15,1620,0,P,2006-01-09,2,Unknown,10,17807,,0
14030,2,1953-07-23,0,0,A,2006-01-09,2,Unknown,10,17807,,0
14031,3,1974-03-05,841,1,M,2006-01-09,2,Unknown,10,10807,,0
14032,4,1978-02-02,0,0,C,2006-01-10,2,Unknown,10,10307,,0
14033,3,1971-02-05,0,0,C,2006-01-11,2,Unknown,10,13907,,0
14034,3,1959-07-07,0,0,A,2006-01-11,0,Unknown,21,88882,,0
14035,2,1976-09-13,0,0,U,2006-01-12,0,Unknown,21,88881,,0
14036,2,1989-02-10,0,0,C,2006-01-12,2,Unknown,21,10107,,0
14037,2,1959-10-29,0,0,A,2006-01-12,0,Unknown,25,88882,,0
14038,3,1954-01-01,0,0,A,2006-01-12,0,Unknown,25,88882,,0
14039,2,1975-08-22,1380,2,M,2006-01-13,2,Unknown,10,10107,,0
14040,4,1990-02-26,0,0,C,2006-01-13,2,Unknown,21,10107,,0
14041,2,1974-11-28,0,0,M,2006-01-13,2,Unknown,10,16807,,0
14042,2,1978-01-05,0,1,U,2006-01-16,0,Unknown,21,88881,,0
14043,4,1980-04-29,0,0,C,2006-01-16,2,Unknown,10,18707,,0
14044,4,1968-08-28,0,0,C,2006-01-16,0,Unknown,23,88883,,0
14045,3,1973-11-05,0,0,A,2006-01-17,0,Unknown,23,88883,,0
14046,3,1959-08-05,0,0,A,2006-01-17,0,Unknown,25,88882,,0
14047,4,1968-11-03,0,0,C,2006-01-18,2,Unknown,10,10207,,0
14048,4,1974-04-26,0,0,C,2006-01-18,0,Unknown,25,88882,,0
14049,2,1943-01-07,0,0,U,2006-01-19,0,Unknown,21,88881,,0
14050,2,1964-05-12,2051,0,C,2006-01-19,0,Unknown,21,88882,,0
14051,3,1959-08-14,1600,0,M,2006-01-19,0,Unknown,21,88881,,0
14052,2,1943-10-02,0,0,M,2006-01-20,2,Unknown,10,13607,,0
14053,2,2004-03-29,0,0,C,2006-01-23,2,Unknown,21,10107,,0
14054,4,1972-05-23,0,0,C,2006-01-23,2,Unknown,10,16607,,0
14055,2,1964-08-10,0,0,M,2006-01-23,2,Unknown,10,10507,,0
14056,2,1957-08-11,0,0,A,2006-01-23,0,Unknown,25,88882,,0
14057,3,1959-05-14,0,0,M,2006-01-24,2,Unknown,10,10307,,0
14058,2,1973-10-08,1257,0,U,2006-01-25,0,Unknown,21,88881,,0
14059,3,1942-03-23,0,0,M,2006-01-26,2,Unknown,10,10107,,0
14060,3,1976-04-02,0,2,M,2006-01-26,2,Unknown,10,18707,,0
14061,3,1975-05-04,0,2,M,2006-01-26,2,Unknown,10,13607,,0
14062,2,1956-11-16,0,0,C,2006-01-26,2,Unknown,10,16807,,0
14063,4,1980-08-26,0,0,P,2006-01-26,2,Unknown,10,17607,,0
14064,3,1960-12-08,0,2,D,2006-01-26,2,Unknown,10,10207,,0
14065,2,1959-07-06,3786,1,G,2006-01-26,0,Unknown,21,88881,,0
14066,2,1969-08-22,0,2,M,2006-01-27,2,Unknown,10,10107,,0
14067,4,1977-06-28,0,1,U,2006-01-27,2,Unknown,10,13507,,0
14068,2,1968-12-09,5508,0,C,2006-01-27,2,Unknown,10,18319,,0
14069,2,1997-10-16,0,0,C,2006-01-27,2,Unknown,21,14707,,0
14070,3,1972-02-09,0,2,M,2006-01-30,2,Unknown,10,10207,,0
14071,2,1962-06-11,0,0,A,2006-01-30,0,Unknown,23,88883,,0
14072,2,1948-02-29,0,0,A,2006-01-30,0,Unknown,21,88882,,0
14073,2,1966-09-30,0,2,U,2006-01-31,0,Unknown,21,88881,,0
14074,3,1967-04-13,0,0,A,2006-01-31,0,Unknown,21,88882,,0
14075,2,1993-07-12,0,0,C,2006-01-31,2,Unknown,21,10107,,0
14076,4,1973-06-22,0,0,U,2006-01-31,0,Unknown,21,10107,,0
14077,4,1983-04-01,0,0,C,2006-01-31,2,Unknown,10,10907,,0
14078,4,1976-09-06,0,1,U,2006-02-01,2,Unknown,10,10107,,0
14079,2,1970-10-19,0,0,A,2006-02-01,0,Unknown,23,88883,,0
14080,4,1953-08-20,0,0,C,2006-02-01,0,Unknown,21,88882,,0
14081,4,1993-05-27,0,0,C,2006-02-02,2,Unknown,21,10107,,0
14082,2,1972-10-05,0,0,M,2006-02-02,0,DV,21,14707,2006-04-03,1
14083,2,1972-06-24,2042,1,F,2006-02-02,2,Unknown,10,14607,,0
14084,3,1958-11-14,0,0,A,2006-02-02,0,Unknown,25,88882,,0
14085,2,1975-08-22,2092,1,M,2006-02-03,2,Unknown,10,14607,,0
14086,4,1970-12-23,0,1,U,2006-02-03,2,Unknown,10,13607,,0
14087,4,1979-03-19,0,0,C,2006-02-03,2,Unknown,10,10807,,0
14088,3,1953-04-05,0,0,A,2006-02-06,0,Unknown,25,88882,,0
14089,4,1989-02-14,0,0,C,2006-02-06,2,Unknown,21,10107,,0
14090,2,1933-08-31,0,0,M,2006-02-06,0,Unknown,10,10107,,0
14091,2,1981-05-06,1514,0,C,2006-02-06,2,Unknown,10,11907,,0
14092,4,1984-03-02,1760,0,U,2006-02-06,2,Unknown,10,10207,,0
14093,2,1982-10-30,1170,0,P,2006-02-08,0,Unknown,21,88881,,0
14094,2,1962-06-28,0,0,M,2006-02-08,2,Unknown,10,15707,,0
14095,4,1978-06-25,0,0,C,2006-02-09,2,Unknown,10,16707,,0
14096,2,1973-04-11,0,0,A,2006-02-09,0,Unknown,23,88883,,0
14097,2,1975-01-13,0,0,C,2006-02-10,2,Unknown,10,13507,,0
14098,3,1955-03-27,0,0,M,2006-02-10,2,Unknown,10,17807,,0
14099,3,1971-04-24,0,0,A,2006-02-10,0,Unknown,23,88883,,0
14100,2,1960-01-09,0,0,A,2006-02-10,0,Unknown,23,88883,,0
14101,3,1946-03-08,0,0,A,2006-02-10,0,Unknown,21,88882,,0
14102,3,1955-12-08,0,0,A,2006-02-10,0,Unknown,23,88883,,0
14103,4,1990-05-09,0,0,C,2006-02-13,2,Unknown,21,10107,,0
14104,3,1973-09-17,0,0,A,2006-02-14,0,Unknown,23,88883,,0
14105,2,2005-11-01,0,0,C,2006-02-14,2,Unknown,21,10107,,0
14106,4,2000-12-17,0,0,C,2006-02-14,2,Unknown,21,10107,,0
14107,4,1992-08-17,0,0,C,2006-02-15,2,Unknown,21,10107,,0
14108,3,1949-11-10,0,0,A,2006-02-16,0,Unknown,25,88882,,0
14109,2,1990-11-13,0,0,C,2006-02-16,2,Unknown,21,10107,,0
14110,3,1966-05-05,0,0,A,2006-02-17,0,Unknown,23,88883,,0
14111,2,1965-03-08,0,0,A,2006-02-17,2,Unknown,10,13607,,0
14112,2,1969-06-02,0,0,M,2006-02-17,2,Unknown,10,13807,,0
14113,4,2002-02-04,0,0,C,2006-02-20,2,Unknown,21,10107,,0
14114,3,1963-04-02,0,1,D,2006-02-20,2,Unknown,10,16707,,0
14115,2,1992-04-09,0,0,C,2006-02-20,2,Unknown,21,14707,,0
14116,2,1972-03-03,0,0,A,2006-02-21,0,Unknown,21,88882,,0
14117,2,1977-08-09,0,0,U,2006-02-22,0,Unknown,21,88881,,0
14118,3,1972-01-03,0,0,A,2006-02-22,0,Unknown,23,88883,,0
14119,3,1946-10-16,0,0,A,2006-02-22,0,Unknown,23,88883,,0
14120,3,1949-11-25,0,0,A,2006-02-22,0,Unknown,21,88882,,0
14121,3,1945-03-13,731,0,B,2006-02-23,0,Unknown,21,88881,,0
14122,2,1981-09-19,0,0,C,2006-02-23,2,Unknown,10,10107,,0
14123,4,1977-06-24,1602,0,P,2006-02-23,2,Unknown,10,18707,,0
14124,2,1946-07-03,0,0,A,2006-02-24,0,Unknown,21,88882,,0
14125,2,1968-02-05,0,0,M,2006-02-24,2,Unknown,10,14707,,0
14126,2,1972-11-08,1778,0,U,2006-02-27,0,Unknown,21,88881,,0
14127,4,1969-10-01,0,0,C,2006-02-27,2,Unknown,10,13507,,0
14128,2,1973-03-22,0,0,M,2006-02-27,2,Unknown,10,13907,,0
14129,3,1945-03-26,2250,0,M,2006-03-02,0,Unknown,21,88881,,0
14130,4,1968-03-09,0,2,C,2006-03-02,2,Unknown,10,10107,,0
14131,3,1968-10-12,0,2,M,2006-03-02,2,Unknown,10,16707,,0
14132,2,1982-02-20,0,0,M,2006-03-02,2,Unknown,10,16807,,0
14133,2,1976-02-07,0,1,M,2006-03-02,2,Unknown,10,13907,,0
14134,3,1953-11-11,0,0,A,2006-03-02,0,Unknown,21,88882,,0
14135,2,1962-01-21,0,3,M,2006-03-03,0,Unknown,10,17607,,0
14136,2,1981-07-21,1400,1,U,2006-03-03,2,Unknown,10,14707,,0
14137,2,1978-11-17,1502,0,P,2006-03-06,0,Unknown,21,88881,,0
14138,2,1965-01-05,1350,2,G,2006-03-06,0,Unknown,21,88881,,0
14139,4,1964-07-25,0,0,C,2006-03-06,0,Unknown,21,88882,,0
14140,4,1976-05-15,3608,3,C,2006-03-06,2,Unknown,10,10107,,0
14141,2,1972-08-20,0,0,U,2006-03-06,2,Unknown,10,10207,,0
14142,3,1971-12-10,0,0,A,2006-03-08,0,Unknown,21,88882,,0
14143,3,1948-07-03,0,0,A,2006-03-08,0,Unknown,25,88882,,0
14144,4,1970-05-23,0,0,U,2006-03-10,2,Unknown,10,10107,,0
14145,2,1962-05-03,4439,3,M,2006-03-10,2,Unknown,10,13607,,0
14146,3,1961-06-11,0,0,M,2006-03-10,2,Unknown,10,14707,,0
14147,3,1919-10-24,0,0,M,2006-03-13,2,Unknown,10,10107,,0
14148,2,1975-03-05,0,2,M,2006-03-13,2,Unknown,10,10307,,0
14149,3,1972-07-24,0,1,M,2006-03-13,2,Unknown,10,13907,,0
14150,2,1941-11-06,3907,0,D,2006-03-14,2,Unknown,10,10107,,0
14151,4,1981-05-09,0,0,U,2006-03-14,2,Unknown,10,10807,,0
14152,3,1952-06-22,0,0,A,2006-03-14,0,Unknown,21,88882,,0
14153,2,1949-12-02,0,0,M,2006-03-15,2,Unknown,10,18319,,0
14154,2,2004-10-25,0,0,C,2006-03-16,2,Unknown,21,10107,,0
14155,2,1955-10-16,0,0,U,2006-03-16,2,Unknown,10,13607,,0
14156,2,1980-09-15,0,0,U,2006-03-16,2,Unknown,10,10807,,0
14157,2,1945-02-05,0,0,A,2006-03-16,0,Unknown,23,88883,,0
14158,2,1949-01-20,0,0,A,2006-03-16,0,Unknown,25,88882,,0
14159,2,1979-05-07,0,0,C,2006-03-17,2,Unknown,10,13507,,0
14160,3,1947-03-16,0,1,M,2006-03-17,2,Unknown,10,13507,,0
14161,3,1944-11-10,0,0,A,2006-03-17,0,Unknown,21,88882,,0
14162,2,1962-01-01,1260,2,M,2006-03-20,0,Unknown,21,88881,,0
14163,4,1969-05-04,0,0,C,2006-03-20,2,Unknown,10,10107,,0
14164,2,1967-09-18,0,0,A,2006-03-20,0,Unknown,25,88882,,0
14165,3,1960-11-02,0,0,A,2006-03-20,0,Unknown,21,88882,,0
14166,3,1916-06-28,0,0,V,2006-03-21,2,Unknown,10,11307,,0
14167,4,1998-01-22,0,0,C,2006-03-21,2,Unknown,21,10107,,0
14168,3,1982-06-12,1400,0,M,2006-03-21,2,Unknown,10,13507,,0
14169,3,1965-12-14,0,0,M,2006-03-21,2,Unknown,10,11907,,0
14170,3,1958-04-04,0,0,M,2006-03-21,2,Unknown,10,14707,,0
14171,3,1969-02-21,0,0,A,2006-03-21,0,Unknown,21,88882,,0
14172,3,1946-06-14,0,0,A,2006-03-21,0,Unknown,25,88882,,0
14173,2,1966-03-19,0,0,M,2006-03-22,2,Unknown,10,13807,,0
14174,3,1971-10-13,0,0,M,2006-03-22,2,Unknown,10,10207,,0
14175,2,1972-06-30,0,0,U,2006-03-22,2,Unknown,10,10207,,0
14176,3,1977-09-24,986,0,M,2006-03-22,0,Unknown,21,88882,,0
14177,3,1960-01-24,0,0,A,2006-03-22,0,Unknown,25,88882,,0
14178,2,1934-11-11,0,0,U,2006-03-23,0,Unknown,21,88881,,0
14179,4,1966-04-26,0,0,C,2006-03-23,0,Unknown,25,88882,,0
14180,3,1963-09-14,0,0,M,2006-03-23,2,Unknown,10,13907,,0
14181,2,1954-11-30,0,0,M,2006-03-24,2,Unknown,10,18707,,0
14182,4,1997-11-07,0,0,C,2006-03-24,2,Unknown,21,10107,,0
14183,3,1946-02-13,0,0,A,2006-03-24,0,Unknown,21,88882,,0
14184,3,1973-09-18,0,2,C,2006-03-27,2,Unknown,10,16807,,0
14185,3,1978-06-17,0,0,M,2006-03-28,2,Unknown,10,18707,,0
14186,2,1978-07-16,1650,2,U,2006-03-28,2,Unknown,10,13607,,0
14187,2,1964-03-28,0,0,M,2006-03-28,2,Unknown,10,14607,,0
14188,2,1970-02-12,0,0,A,2006-03-28,0,Unknown,21,88882,,0
14189,4,1966-11-15,0,1,C,2006-03-29,2,Unknown,10,10307,,0
14190,4,1970-09-23,0,0,U,2006-03-29,2,Unknown,10,16807,,0
14191,2,1942-12-13,0,0,A,2006-03-29,0,Unknown,21,88882,,0
14192,3,1980-04-25,0,0,M,2006-03-30,2,Unknown,10,16807,,0
14193,2,1988-05-22,0,0,C,2006-03-30,2,Unknown,21,10807,,0
14194,3,1966-07-24,0,0,M,2006-03-30,2,Unknown,10,14707,,0
14195,2,1947-10-27,0,0,A,2006-03-30,0,Unknown,21,88882,,0
14196,2,2001-06-27,0,0,C,2006-03-31,2,Unknown,21,10107,,0
14197,2,1961-08-30,4333,2,B,2006-03-31,2,Unknown,10,10507,,0
14198,3,1973-06-15,0,0,M,2006-04-03,2,Unknown,10,15707,,0
14199,2,1976-04-21,0,0,M,2006-04-04,2,Unknown,10,16807,,0
14200,2,1980-11-12,0,0,C,2006-04-04,2,Unknown,10,15607,,0
14201,2,1976-12-11,0,0,U,2006-04-04,0,DV,21,10507,2006-10-10,1
14202,4,2005-03-12,0,0,C,2006-04-04,2,Unknown,21,10107,,0
14203,2,1980-03-14,0,0,U,2006-04-04,2,Unknown,10,16807,,0
14204,2,2005-09-28,0,0,C,2006-04-05,2,Unknown,21,10107,,0
14205,4,1979-03-04,1630,0,U,2006-04-06,2,Unknown,10,10107,,0
14206,2,1981-08-01,0,0,M,2006-04-06,2,Unknown,10,10207,,0
14207,2,1943-07-14,0,0,A,2006-04-06,0,Unknown,23,88883,,0
14208,4,1988-02-06,0,0,A,2006-04-07,0,Unknown,10,10107,,0
14209,2,1980-07-18,0,1,M,2006-04-07,2,Unknown,10,10107,,0
14210,2,1952-02-05,0,0,M,2006-04-07,2,Unknown,10,13907,,0
14211,2,1980-11-01,0,0,C,2006-04-07,2,Unknown,10,18319,,0
14212,4,1981-06-24,0,0,C,2006-04-10,2,Unknown,10,10107,,0
14213,3,1942-05-27,1926,0,M,2006-04-11,0,Unknown,21,88882,,0
14214,3,1943-04-26,2673,0,V,2006-04-11,0,Unknown,25,88882,,0
14215,3,1972-07-28,0,0,M,2006-04-11,2,Unknown,10,10507,,0
14216,4,1984-07-07,0,0,C,2006-04-11,2,Unknown,10,14707,,0
14217,2,1952-03-26,0,2,M,2006-04-12,2,Unknown,10,10107,,0
14218,2,1980-11-18,1855,0,C,2006-04-12,2,Unknown,10,13507,,0
14219,2,1954-02-20,0,0,C,2006-04-12,2,Unknown,10,13907,,0
14220,2,1971-06-05,1800,2,M,2006-04-13,0,Unknown,21,88881,,0
14221,2,1944-08-27,0,0,V,2006-04-13,2,Unknown,10,10107,,0
14222,3,1963-08-28,0,0,M,2006-04-13,2,Unknown,10,10807,,0
14223,4,1982-10-19,1416,0,C,2006-04-13,2,Unknown,10,14707,,0
14224,3,1938-06-29,1934,0,M,2006-04-14,0,Unknown,25,88882,,0
14225,2,1977-03-13,1535,0,M,2006-04-14,2,Unknown,10,13507,,0
14226,2,1977-06-09,2030,0,C,2006-04-18,2,Unknown,10,11907,,0
14227,2,1965-05-14,2200,2,U,2006-04-18,2,Unknown,10,14707,,0
14228,2,2004-08-29,0,0,C,2006-04-19,2,Unknown,21,10907,,0
14229,2,1978-05-15,0,1,M,2006-04-19,2,Unknown,10,16807,,0
14230,2,1940-05-08,1124,0,M,2006-04-20,0,Unknown,21,88881,,0
14231,4,1983-08-04,1401,0,C,2006-04-20,2,Unknown,10,13607,,0
14232,3,1929-10-05,4955,0,V,2006-04-21,0,Unknown,25,88882,,0
14233,4,1978-06-17,0,0,P,2006-04-21,0,Unknown,21,88881,,0
14234,2,1978-12-21,0,1,M,2006-04-21,2,Unknown,10,16807,,0
14235,3,1952-02-02,2251,0,B,2006-04-24,0,Unknown,25,88882,,0
14236,3,1963-02-03,1106,0,M,2006-04-24,0,Unknown,21,88882,,0
14237,3,1950-02-21,0,0,G,2006-04-26,0,Unknown,21,88881,,0
14238,4,1975-03-13,0,0,C,2006-04-28,2,Unknown,10,17607,,0
14239,2,1975-11-08,0,0,P,2006-04-28,2,Unknown,10,13807,,0
14240,2,1936-02-04,4000,0,M,2006-05-02,0,Unknown,25,88882,,0
14241,3,1964-05-21,0,2,M,2006-05-02,2,Unknown,10,10107,,0
14242,2,1951-10-28,2058,0,M,2006-05-03,0,Unknown,21,88882,,0
14243,2,1977-04-29,0,0,U,2006-05-03,2,Unknown,10,18707,,0
14244,2,1940-04-14,2199,0,M,2006-05-04,0,Unknown,25,88882,,0
14245,4,1965-09-08,0,0,U,2006-05-04,0,Unknown,21,88881,,0
14246,3,1947-10-18,0,0,D,2006-05-04,2,Unknown,10,18707,,0
14247,2,1964-07-24,0,1,M,2006-05-04,2,Unknown,10,10207,,0
14248,3,1953-02-20,0,0,M,2006-05-05,2,Unknown,10,10907,,0
14249,2,1958-10-14,1250,1,G,2006-05-05,0,Unknown,21,88881,,0
14250,2,1973-01-27,0,0,U,2006-05-09,2,Unknown,10,18707,,0
14251,2,1956-03-13,0,2,M,2006-05-09,2,Unknown,10,16707,,0
14252,2,1975-10-02,1120,1,U,2006-05-09,2,Unknown,10,10907,,0
14253,4,1959-06-25,1600,2,U,2006-05-10,0,Unknown,21,88881,,0
14254,3,1969-08-06,0,3,C,2006-05-10,2,Unknown,10,10107,,0
14255,2,1979-05-26,1619,0,U,2006-05-10,2,Unknown,10,13507,,0
14256,2,1964-05-11,0,0,M,2006-05-10,2,Unknown,10,13907,,0
14257,2,1941-05-20,1200,0,F,2006-05-10,0,Unknown,21,88881,,0
14258,2,1965-03-23,2774,3,G,2006-05-11,2,Unknown,10,10207,,0
14259,4,1981-06-07,1450,0,C,2006-05-11,2,Unknown,10,13507,,0
14260,2,1982-05-08,0,0,C,2006-05-11,2,Unknown,10,13507,,0
14261,4,1978-02-14,0,0,U,2006-05-11,2,Unknown,10,13507,,0
14262,2,1976-02-15,0,0,C,2006-05-11,2,Unknown,10,13507,,0
14263,2,1974-05-30,0,0,U,2006-05-12,0,Unknown,21,88881,,0
14264,2,1968-09-13,0,0,U,2006-05-15,2,Unknown,10,16807,,0
14265,3,1966-05-20,0,2,M,2006-05-15,2,Unknown,10,10807,,0
14266,2,1976-11-04,0,0,U,2006-05-16,2,Unknown,10,11907,,0
14267,2,1973-10-22,1437,1,U,2006-05-16,2,Unknown,10,10807,,0
14268,3,1960-03-26,2366,2,B,2006-05-17,0,Unknown,25,88882,,0
14269,3,1971-07-30,2000,2,P,2006-05-17,0,Unknown,25,88882,,0
14270,2,1954-08-07,0,2,U,2006-05-17,2,Unknown,10,10107,,0
14271,4,1959-09-24,0,1,C,2006-05-17,2,Unknown,10,10107,,0
14272,3,1970-11-21,0,2,M,2006-05-17,2,Unknown,10,13907,,0
14273,4,1961-01-13,1188,2,U,2006-05-18,0,Unknown,23,88883,,0
14274,2,1966-02-22,0,3,M,2006-05-18,2,Unknown,10,18707,,0
14275,3,1960-04-17,0,0,M,2006-05-18,2,Unknown,10,13907,,0
14276,3,1938-08-17,4417,0,V,2006-05-19,0,Unknown,25,88882,,0
14277,3,1973-05-01,0,2,M,2006-05-19,2,Unknown,10,10107,,0
14278,4,1964-04-10,1711,0,U,2006-05-22,0,Unknown,25,88882,,0
14279,3,1968-04-27,0,2,M,2006-05-22,2,Unknown,10,10807,,0
14280,4,1975-05-09,0,0,U,2006-05-22,2,Unknown,10,14707,,0
14281,3,1969-09-08,1407,0,M,2006-05-23,0,Unknown,23,88883,,0
14282,3,1976-08-06,0,0,M,2006-05-23,2,Unknown,10,10207,,0
14283,3,1949-12-16,3275,0,M,2006-05-26,0,Unknown,23,88883,,0
14284,3,1977-07-01,0,0,M,2006-05-26,2,Unknown,10,12149,,0
14285,3,1969-10-20,0,0,S,2006-05-26,2,Unknown,10,16607,,0
14286,2,1952-04-11,0,0,C,2006-05-26,0,DV,21,18707,2006-09-19,1
14287,2,1969-03-29,0,0,S,2006-05-26,0,Unknown,10,16807,,0
14288,2,1983-11-10,1700,0,U,2006-05-26,2,Unknown,10,10207,,0
14289,2,1980-09-27,0,0,C,2006-05-26,2,Unknown,10,10507,,0
14290,2,1977-01-29,1720,0,P,2006-05-29,2,Unknown,10,18707,,0
14291,3,1964-09-28,0,0,M,2006-05-30,2,Unknown,10,14707,,0
14292,3,1975-10-30,2119,0,M,2006-05-31,2,Unknown,10,15707,,0
14293,2,1969-11-15,0,0,U,2006-05-31,2,Unknown,10,10107,,0
14294,4,1976-03-28,0,0,U,2006-05-31,2,Unknown,10,10107,,0
14295,2,1955-04-02,2478,0,C,2006-05-31,0,Unknown,24,88884,,0
14296,4,1964-06-26,1915,1,A,2006-06-02,0,Unknown,10,11307,,0
14297,3,1938-05-31,0,0,M,2006-06-02,2,Unknown,10,15607,,0
14298,2,1956-12-23,3000,1,M,2006-06-06,2,Unknown,10,10107,,0
14299,2,1961-06-29,0,0,M,2006-06-06,2,Unknown,10,10107,,0
14300,2,1965-05-12,0,0,C,2006-06-06,2,Unknown,10,16707,,0
14301,3,1969-06-10,0,1,M,2006-06-06,2,Unknown,10,13907,,0
14302,2,1974-12-20,0,0,U,2006-06-06,2,Unknown,10,10207,,0
14303,4,1979-07-13,1764,0,P,2006-06-06,2,Unknown,10,14707,,0
14304,2,1967-05-01,1500,0,M,2006-06-07,0,Unknown,21,88882,,0
14305,3,1963-04-09,2312,0,M,2006-06-07,0,Unknown,21,88882,,0
14306,2,1999-05-11,0,0,C,2006-06-07,2,Unknown,21,10107,,0
14307,2,1954-07-28,2053,0,E,2006-06-07,2,Unknown,10,18319,,0
14308,4,1979-10-28,2534,0,U,2006-06-07,2,Unknown,10,18319,,0
14309,2,1977-04-15,0,0,M,2006-06-07,2,Unknown,10,14707,,0
14310,3,1959-11-18,0,0,G,2006-06-07,0,Unknown,21,88881,,0
14311,2,1961-03-19,2600,0,M,2006-06-08,0,Unknown,21,88882,,0
14312,3,1939-11-26,0,0,M,2006-06-08,2,Unknown,10,17807,,0
14313,4,1945-08-08,3261,0,M,2006-06-09,0,Unknown,25,88882,,0
14314,4,1971-01-23,0,0,U,2006-06-09,2,Unknown,10,16807,,0
14315,2,1969-04-29,2540,0,D,2006-06-09,2,Unknown,10,18319,,0
14316,3,1971-03-24,1593,2,B,2006-06-09,0,Unknown,21,88881,,0
14317,3,1937-11-30,2357,0,M,2006-06-12,0,Unknown,21,88882,,0
14318,4,1971-06-30,0,0,C,2006-06-12,2,Unknown,10,14707,,0
14319,3,1964-05-02,1147,0,M,2006-06-13,0,Unknown,23,88883,,0
14320,2,2005-07-05,0,0,C,2006-06-13,2,Unknown,21,10107,,0
14321,2,1964-05-23,0,1,M,2006-06-13,2,Unknown,10,10107,,0
14322,2,1964-03-18,3407,0,M,2006-06-14,0,Unknown,21,88882,,0
14323,2,1969-09-05,1496,0,M,2006-06-15,0,Unknown,21,88882,,0
14324,2,1971-12-17,0,1,U,2006-06-15,2,Unknown,10,16707,,0
14325,2,1987-10-02,0,0,C,2006-06-19,2,Unknown,10,10107,,0
14326,2,1966-10-09,0,0,M,2006-06-19,2,Unknown,10,10107,,0
14327,2,2006-01-23,0,0,C,2006-06-19,2,Unknown,21,10107,,0
14328,4,1970-06-19,0,2,U,2006-06-19,2,Unknown,10,16807,,0
14329,2,1972-12-31,1600,2,M,2006-06-19,0,Unknown,21,88881,,0
14330,4,1953-05-09,1789,0,D,2006-06-20,0,Unknown,23,88883,,0
14331,4,1980-02-07,0,0,P,2006-06-20,2,Unknown,10,13907,,0
14332,3,1945-02-27,0,0,M,2006-06-20,2,Unknown,10,17807,,0
14333,4,1980-07-31,1940,1,U,2006-06-20,2,Unknown,10,18319,,0
14334,2,1993-01-19,0,0,C,2006-06-21,2,Unknown,21,10107,,0
14335,4,1974-01-26,0,0,U,2006-06-21,2,Unknown,10,10107,,0
14336,2,1970-04-27,0,0,M,2006-06-21,2,Unknown,10,14607,,0
14337,4,1980-08-14,1415,0,C,2006-06-21,2,Unknown,10,13907,,0
14338,2,1971-06-11,0,0,C,2006-06-22,2,Unknown,10,15707,,0
14339,3,1966-02-15,1300,3,F,2006-06-22,2,Unknown,10,10807,,0
14340,3,1968-01-26,1471,3,B,2006-06-26,0,Unknown,25,88882,,0
14341,3,1982-03-24,0,0,M,2006-06-26,0,Unknown,21,88881,,0
14342,2,1967-08-16,1240,0,M,2006-06-26,0,Unknown,21,88881,,0
14343,3,1965-06-09,2000,2,M,2006-06-26,2,Unknown,10,10107,,0
14344,3,1966-01-18,0,3,M,2006-06-27,2,Unknown,10,13607,,0
14345,2,1960-07-14,2150,2,M,2006-06-27,0,Unknown,21,88881,,0
14346,3,1971-01-03,0,1,M,2006-06-28,2,Unknown,10,13507,,0
14347,2,1947-01-24,0,0,M,2006-06-28,2,Unknown,10,14707,,0
14348,4,1990-02-09,0,0,C,2006-06-29,2,Unknown,21,10107,,0
14349,2,1976-02-15,0,0,M,2006-06-29,2,Unknown,10,10107,,0
14350,3,1958-04-27,1743,0,M,2006-06-29,2,Unknown,10,18319,,0
14351,3,1953-03-28,1005,0,M,2006-06-29,2,Unknown,10,18319,,0
14352,4,1965-12-26,0,0,A,2006-06-29,2,Unknown,10,12149,,0
14353,3,1958-03-25,437,0,M,2006-06-30,0,Unknown,21,88882,,0
14354,3,1954-05-21,0,0,M,2006-06-30,2,Unknown,10,13507,,0
14355,4,1989-07-12,0,0,C,2006-07-03,2,Unknown,21,10107,,0
14356,3,1959-12-08,0,0,M,2006-07-04,2,Unknown,10,10107,,0
14357,4,1981-10-19,2200,0,U,2006-07-04,2,Unknown,10,13507,,0
14358,2,1972-08-30,0,2,M,2006-07-04,2,Unknown,10,16807,,0
14359,3,1963-11-26,1920,0,M,2006-07-05,0,Unknown,21,88882,,0
14360,2,1973-05-21,0,1,C,2006-07-05,2,Unknown,10,16807,,0
14361,2,1980-10-14,0,0,M,2006-07-06,2,Unknown,10,10207,,0
14362,4,2001-12-20,0,0,C,2006-07-07,2,Unknown,21,10907,,0
14363,4,2001-12-17,0,0,A,2006-07-10,2,Unknown,21,10107,,0
14364,3,1953-08-16,0,0,D,2006-07-10,2,Unknown,10,17807,,0
14365,2,1965-02-14,0,0,M,2006-07-10,2,Unknown,10,18707,,0
14366,3,1957-08-21,2214,2,G,2006-07-10,0,Unknown,21,88881,,0
14367,2,1965-08-27,1300,0,U,2006-07-11,0,Unknown,21,88881,,0
14368,2,1957-12-14,1295,2,U,2006-07-11,0,Unknown,21,88881,,0
14369,2,1961-04-28,0,0,C,2006-07-11,2,Unknown,10,15707,,0
14370,4,1970-01-10,2724,0,C,2006-07-11,2,Unknown,10,10107,,0
14371,2,1977-11-06,0,0,U,2006-07-12,2,Unknown,10,10107,,0
14372,4,1971-09-30,0,0,C,2006-07-12,2,Unknown,10,10107,,0
14373,2,1945-03-30,1904,0,M,2006-07-17,0,Unknown,21,88882,,0
14374,2,1963-03-25,0,0,M,2006-07-17,2,Unknown,10,18707,,0
14375,3,1953-03-01,3474,0,D,2006-07-18,0,Unknown,25,88882,,0
14376,2,1966-05-26,2268,3,U,2006-07-19,0,Unknown,23,88883,,0
14377,2,1969-02-17,0,0,C,2006-07-19,2,Unknown,10,13907,,0
14378,4,1983-10-15,0,0,C,2006-07-20,2,Unknown,10,12149,,0
14379,3,1962-05-02,1557,2,M,2006-07-21,0,Unknown,25,88882,,0
14380,2,1977-12-10,1280,0,C,2006-07-21,2,Unknown,10,15707,,0
14381,4,1997-04-05,0,2,C,2006-07-21,2,Unknown,21,10107,,0
14382,3,1967-10-27,4788,0,B,2006-07-24,0,Unknown,21,88882,,0
14383,2,1956-03-14,0,0,U,2006-07-25,2,Unknown,10,11907,,0
14384,2,1967-07-12,0,0,M,2006-07-26,2,Unknown,10,11907,,0
14385,3,1960-08-16,0,1,D,2006-07-26,2,Unknown,10,17607,,0
14386,2,1977-05-28,0,0,M,2006-07-26,2,Unknown,10,13507,,0
14387,4,1974-07-12,1404,0,U,2006-07-26,2,Unknown,10,18707,,0
14388,4,1975-11-16,0,0,C,2006-07-28,2,Unknown,10,10807,,0
14389,4,1984-02-02,0,0,C,2006-07-28,2,Unknown,10,10207,,0
14390,4,1980-02-26,0,0,U,2006-07-28,2,Unknown,10,14707,,0
14391,4,1983-04-14,1359,0,C,2006-07-31,0,Unknown,10,11307,,0
14392,2,1970-08-10,3006,2,M,2006-07-31,0,Unknown,23,88883,,0
14393,3,1971-03-01,0,0,M,2006-07-31,2,Unknown,10,16607,,0
14394,2,1972-02-09,0,0,C,2006-08-03,2,Unknown,10,12149,,0
14395,3,1986-11-14,0,0,A,2006-08-03,2,Unknown,10,12149,,0
14396,4,1979-07-12,1738,0,U,2006-08-07,0,Unknown,21,88882,,0
14397,4,1970-05-21,0,0,C,2006-08-07,2,Unknown,10,17807,,0
14398,3,1973-04-04,1500,2,E,2006-08-09,2,Unknown,10,10507,,0
14399,2,1969-07-29,3600,1,P,2006-08-10,0,Unknown,21,88881,,0
14400,2,1937-07-29,1596,0,C,2006-08-10,0,Unknown,25,88882,,0
14401,4,1986-01-05,0,0,C,2006-08-10,2,Unknown,10,13507,,0
14402,4,1984-01-25,0,0,U,2006-08-10,2,Unknown,10,14707,,0
14403,2,1960-06-18,3414,0,B,2006-08-14,0,Unknown,23,88883,,0
14404,2,2006-01-25,0,0,C,2006-08-14,2,Unknown,21,10107,,0
14405,2,1980-07-15,0,1,P,2006-08-14,2,Unknown,10,10807,,0
14406,3,1955-08-11,2845,3,M,2006-08-16,0,Unknown,25,88882,,0
14407,2,1982-07-04,0,0,U,2006-08-16,2,Unknown,10,10107,,0
14408,3,1981-01-24,0,2,M,2006-08-16,2,Unknown,10,10107,,0
14409,2,1944-09-20,2551,2,M,2006-08-17,0,Unknown,25,88882,,0
14410,4,2001-12-01,0,0,C,2006-08-17,2,Unknown,21,10107,,0
14411,2,1973-01-07,0,0,C,2006-08-17,2,Unknown,10,12149,,0
14412,2,1974-09-10,0,0,U,2006-08-21,2,Unknown,10,10107,,0
14413,3,1964-04-09,1925,3,M,2006-08-22,0,Unknown,25,88882,,0
14414,2,1979-09-08,0,2,M,2006-08-22,2,Unknown,10,10207,,0
14415,2,1974-04-20,0,0,C,2006-08-22,2,Unknown,10,10207,,0
14416,3,1956-06-17,1800,0,M,2006-08-23,0,Unknown,21,88882,,0
14417,4,1982-03-23,1500,0,C,2006-08-23,0,Unknown,10,10107,,0
14418,4,1983-11-14,1450,0,U,2006-08-23,2,Unknown,10,13507,,0
14419,2,1965-01-02,0,0,A,2006-08-23,2,Unknown,10,16707,,0
14420,4,1969-01-22,0,0,C,2006-08-23,2,Unknown,10,16707,,0
14421,3,1960-06-02,0,1,M,2006-08-24,2,Unknown,10,10107,,0
14422,2,1956-10-26,0,3,M,2006-08-24,2,Unknown,10,10107,,0
14423,2,1979-12-19,1500,0,C,2006-08-24,2,Unknown,10,17807,,0
14424,3,1977-07-04,0,2,M,2006-08-24,2,Unknown,10,17607,,0
14425,3,1949-03-29,0,0,M,2006-08-24,2,Unknown,10,17607,,0
14426,2,1951-09-08,0,1,M,2006-08-25,2,Unknown,10,17607,,0
14427,3,1969-04-21,0,2,M,2006-08-25,2,Unknown,10,10507,,0
14428,2,1971-01-29,1459,0,C,2006-08-28,0,Unknown,23,88883,,0
14429,2,1948-09-26,0,0,M,2006-08-28,2,Unknown,10,10107,,0
14430,2,1964-03-23,4070,2,M,2006-08-28,2,Unknown,10,12149,,0
14431,3,1925-01-14,0,0,V,2006-08-29,2,Unknown,10,18319,,0
14432,2,1977-09-20,1650,0,P,2006-08-30,2,Unknown,10,16807,,0
14433,2,1980-03-25,0,0,C,2006-08-30,2,Unknown,10,10207,,0
14434,4,1978-07-05,0,0,U,2006-08-31,2,Unknown,10,18707,,0
14435,4,1975-10-25,2088,0,C,2006-08-31,2,Unknown,10,10107,,0
14436,4,1984-06-30,1426,0,C,2006-09-01,2,Unknown,10,15707,,0
14437,3,1982-01-29,0,0,M,2006-09-01,2,Unknown,10,10107,,0
14438,2,1961-08-20,2500,0,U,2006-09-04,0,Unknown,23,88883,,0
14439,3,1941-09-13,2459,0,V,2006-09-04,0,Unknown,23,88883,,0
14440,4,1978-03-06,0,0,U,2006-09-04,0,Unknown,10,13507,,0
14441,3,1969-04-19,2349,0,M,2006-09-05,0,Unknown,23,88883,,0
14442,4,2002-11-11,0,0,C,2006-09-05,2,Unknown,21,10107,,0
14443,2,1961-04-23,2184,0,U,2006-09-07,0,Unknown,23,88883,,0
14444,3,1953-05-04,0,0,M,2006-09-07,2,Unknown,10,17807,,0
14445,2,1970-07-02,1300,0,U,2006-09-08,0,Unknown,21,88881,,0
14446,3,1974-03-04,1425,2,M,2006-09-08,0,Unknown,23,88883,,0
14447,4,1981-03-05,0,0,U,2006-09-08,2,Unknown,10,15707,,0
14448,4,1983-07-27,0,0,C,2006-09-08,2,Unknown,10,13507,,0
14449,2,1970-08-03,0,1,M,2006-09-08,2,Unknown,10,14607,,0
14450,3,1979-04-21,0,1,M,2006-09-08,2,Unknown,10,16707,,0
14451,3,1982-03-01,1064,0,U,2006-09-11,0,Unknown,21,88881,,0
14452,4,1982-02-15,0,0,U,2006-09-11,2,Unknown,10,13807,,0
14453,2,1955-02-05,3312,1,M,2006-09-12,0,Unknown,25,88882,,0
14454,2,1981-05-16,0,0,C,2006-09-12,2,Unknown,10,16707,,0
14455,2,1973-07-22,0,2,M,2006-09-12,2,Unknown,10,10807,,0
14456,2,1989-02-02,0,0,C,2006-09-12,2,Unknown,21,10907,,0
14457,4,1977-09-30,0,0,C,2006-09-13,2,Unknown,10,16807,,0
14458,4,1982-05-21,0,0,C,2006-09-13,2,Unknown,10,10907,,0
14459,2,1979-02-16,0,0,U,2006-09-14,2,Unknown,10,10107,,0
14460,2,2005-06-06,0,0,C,2006-09-15,2,Unknown,21,10107,,0
14461,3,1966-04-19,0,2,M,2006-09-18,0,Unknown,10,10107,,0
14462,4,1980-05-04,0,0,C,2006-09-19,2,Unknown,10,13607,,0
14463,3,1968-11-08,2982,0,B,2006-09-20,0,Unknown,25,88882,,0
14464,2,1966-01-17,0,3,U,2006-09-20,2,Unknown,10,17499,,0
14465,2,1965-11-05,1438,1,M,2006-09-21,0,Unknown,23,88883,,0
14466,2,1975-12-09,0,1,M,2006-09-21,2,Unknown,10,10107,,0
14467,4,1998-02-16,0,0,C,2006-09-21,2,Unknown,21,10107,,0
14468,3,1970-11-25,1740,2,M,2006-09-21,2,Unknown,10,10107,,0
14469,4,1980-03-06,1412,0,C,2006-09-21,2,Unknown,10,17807,,0
14470,2,1979-09-24,0,0,C,2006-09-21,2,Unknown,10,17807,,0
14471,2,1971-08-01,0,0,U,2006-09-21,2,Unknown,10,10207,,0
14472,3,1945-12-07,3289,0,M,2006-09-22,0,Unknown,21,88882,,0
14473,2,1981-08-18,0,0,U,2006-09-22,2,Unknown,10,10207,,0
14474,3,1974-10-04,809,0,M,2006-09-25,0,Unknown,23,88883,,0
14475,2,1962-10-27,3416,0,M,2006-09-25,0,Unknown,21,88882,,0
14476,3,1943-01-31,856,0,M,2006-09-25,0,Unknown,21,88882,,0
14477,2,1964-05-13,5155,3,M,2006-09-25,0,Unknown,25,88882,,0
14478,2,1978-01-14,0,0,P,2006-09-25,2,Unknown,10,10807,,0
14479,2,1975-08-20,1534,2,P,2006-09-25,2,Unknown,10,10807,,0
14480,4,1955-11-27,2673,0,U,2006-09-26,0,Unknown,25,88882,,0
14481,4,1984-11-28,0,0,C,2006-09-26,0,Unknown,21,88882,,0
14482,2,1978-09-13,0,0,U,2006-09-26,2,Unknown,10,10107,,0
14483,4,1959-09-28,1250,2,P,2006-09-26,2,Unknown,10,13807,,0
14484,3,1975-09-27,0,0,U,2006-09-26,2,Unknown,10,10807,,0
14485,3,1945-12-27,1576,0,M,2006-09-26,0,Unknown,21,88881,,0
14486,2,1954-08-15,4234,1,M,2006-09-27,0,Unknown,25,88882,,0
14487,4,1974-09-17,0,0,U,2006-09-27,2,Unknown,10,16807,,0
14488,3,1959-12-22,0,0,D,2006-09-27,2,Unknown,10,10807,,0
14489,2,1949-07-06,1889,0,M,2006-09-27,2,Unknown,21,88881,,0
14490,3,1972-12-03,2027,3,M,2006-09-28,0,Unknown,25,88882,,0
14491,2,1948-06-18,1877,0,M,2006-09-28,0,Unknown,25,88882,,0
14492,3,1967-12-19,1704,0,M,2006-09-28,0,Unknown,21,88882,,0
14493,4,1983-08-20,0,0,C,2006-09-28,2,Unknown,10,13507,,0
14494,2,1981-04-30,0,0,C,2006-09-28,2,Unknown,10,13807,,0
14495,2,1978-04-10,0,0,C,2006-09-28,2,Unknown,10,18707,,0
14496,2,1980-05-10,0,0,C,2006-09-28,2,Unknown,10,17807,,0
14497,2,1959-05-06,2412,2,G,2006-09-28,2,Unknown,10,10207,,0
14498,4,1954-12-10,1804,1,U,2006-09-29,0,Unknown,25,88882,,0
14499,3,1982-10-28,1200,0,M,2006-09-29,2,Unknown,10,10107,,0
14500,3,1977-03-09,0,0,M,2006-09-29,2,Unknown,10,14607,,0
14501,3,1963-03-04,0,2,M,2006-10-02,0,Unknown,25,88882,,0
14502,4,1982-05-04,0,0,U,2006-10-02,2,Unknown,10,10107,,0
14503,3,1950-09-23,469,1,M,2006-10-02,0,Unknown,21,88881,,0
14504,3,1945-08-02,0,0,M,2006-10-03,0,Unknown,25,88882,,0
14505,4,2004-01-11,0,0,C,2006-10-03,2,Unknown,21,10107,,0
14506,2,1979-03-13,1200,1,P,2006-10-03,2,Unknown,10,10507,,0
14507,2,1977-01-19,0,0,M,2006-10-03,2,Unknown,10,18707,,0
14508,3,1979-01-21,0,0,M,2006-10-03,2,Unknown,10,13907,,0
14509,2,1981-11-25,1408,0,C,2006-10-04,2,Unknown,10,88881,,0
14510,3,1949-01-28,0,0,M,2006-10-04,0,Unknown,21,11307,,0
14511,3,1966-06-08,3211,2,B,2006-10-04,0,Unknown,23,88883,,0
14512,3,1979-02-11,0,2,M,2006-10-04,2,Unknown,10,13507,,0
14513,4,1955-05-14,0,1,A,2006-10-04,2,Unknown,10,18319,,0
14514,3,1948-01-01,900,0,V,2006-10-04,0,Unknown,21,88881,,0
14515,2,1979-08-22,0,0,C,2006-10-05,2,Unknown,10,10107,,0
14516,3,1977-01-21,0,0,M,2006-10-05,2,Unknown,10,10907,,0
14517,2,1981-02-11,1600,1,U,2006-10-06,2,Unknown,10,17607,,0
14518,4,1981-04-02,1306,0,C,2006-10-06,2,Unknown,10,13607,,0
14519,3,1956-01-21,2035,0,M,2006-10-09,0,Unknown,25,88882,,0
14520,3,1950-05-17,0,0,M,2006-10-09,0,Unknown,21,88882,,0
14521,2,1950-10-11,4283,1,M,2006-10-09,0,Unknown,25,88882,,0
14522,2,1972-05-07,0,0,U,2006-10-09,2,Unknown,10,10207,,0
14523,4,2006-04-25,0,0,C,2006-10-09,2,Unknown,21,10107,,0
14524,2,1954-09-21,0,0,A,2006-10-09,2,Unknown,10,17499,,0
14525,2,1998-09-30,0,0,C,2006-10-10,2,Unknown,21,11307,,0
14526,2,1953-09-27,2309,0,M,2006-10-11,0,Unknown,21,88882,,0
14527,3,1973-04-30,1461,2,G,2006-10-11,0,Unknown,21,88881,,0
14528,4,1971-07-09,1560,1,C,2006-10-11,2,Unknown,10,10107,,0
14529,2,1976-08-17,0,0,C,2006-10-11,2,Unknown,10,10107,,0
14530,2,1957-01-21,0,0,M,2006-10-11,2,Unknown,10,17607,,0
14531,2,1979-10-06,0,0,M,2006-10-12,2,Unknown,10,10107,,0
14532,2,1974-11-18,0,0,C,2006-10-12,2,Unknown,10,10107,,0
14533,3,1980-11-09,1670,0,M,2006-10-12,2,Unknown,10,13507,,0
14534,2,1978-12-06,1659,0,U,2006-10-12,0,Unknown,24,88884,,0
14535,3,1953-09-08,3700,0,M,2006-10-13,0,Unknown,23,88883,,0
14536,2,1971-04-07,2000,1,G,2006-10-13,0,Unknown,21,88881,,0
14537,4,1981-03-21,1413,0,C,2006-10-13,2,Unknown,10,13507,,0
14538,2,1990-09-12,0,0,C,2006-10-13,2,Unknown,21,10907,,0
14539,4,1977-10-11,0,0,C,2006-10-13,2,Unknown,10,10807,,0
14540,2,1950-05-13,907,1,M,2006-10-13,0,Unknown,21,88881,,0
14541,3,1944-01-10,2358,0,D,2006-10-16,0,Unknown,25,88882,,0
14542,2,1942-10-20,4282,0,M,2006-10-16,0,Unknown,21,88882,,0
14543,2,1975-12-25,0,1,M,2006-10-16,2,Unknown,10,17607,,0
14544,2,1965-05-16,2385,0,M,2006-10-17,0,Unknown,21,88882,,0
14545,2,1964-12-25,2612,0,G,2006-10-17,2,Unknown,10,13507,,0
14546,4,1972-02-04,0,0,A,2006-10-17,2,Unknown,10,17499,,0
14547,3,1943-11-06,2263,0,D,2006-10-18,0,Unknown,25,88882,,0
14548,2,1962-12-27,2155,2,C,2006-10-18,0,Unknown,21,88881,,0
14549,2,1982-05-17,1390,0,U,2006-10-18,2,Unknown,10,10207,,0
14550,4,1977-12-25,1842,0,C,2006-10-19,0,Unknown,10,11307,,0
14551,2,1968-08-31,2904,0,M,2006-10-20,0,Unknown,21,88882,,0
14552,2,1937-03-19,2526,0,M,2006-10-20,0,Unknown,21,88882,,0
14553,3,1973-01-22,1729,2,M,2006-10-23,0,Unknown,25,88882,,0
14554,3,1966-01-30,1560,0,M,2006-10-23,0,Unknown,21,88882,,0
14555,2,1982-02-01,0,0,C,2006-10-23,2,Unknown,10,10107,,0
14556,2,1971-09-22,1600,2,F,2006-10-23,0,Unknown,21,88881,,0
14557,2,1962-11-12,1100,0,P,2006-10-24,0,Unknown,21,88881,,0
14558,3,1969-02-15,6622,0,M,2006-10-24,0,Unknown,23,88883,,0
14559,3,1964-05-05,2165,3,M,2006-10-25,0,Unknown,25,88882,,0
14560,2,1959-07-07,0,3,D,2006-10-25,2,DV,21,10807,2007-03-27,1
14561,2,1968-05-09,1441,1,U,2006-10-25,2,Unknown,10,18707,,0
14562,2,1949-05-21,1135,0,M,2006-10-26,0,Unknown,21,88882,,0
14563,2,1979-12-05,1530,0,P,2006-10-26,2,Unknown,10,17607,,0
14564,3,1969-02-06,0,0,M,2006-10-26,2,Unknown,10,13907,,0
14565,2,1979-04-05,0,0,M,2006-10-26,2,Unknown,10,13807,,0
14566,4,1970-05-24,0,0,P,2006-10-26,2,Unknown,10,18707,,0
14567,3,1952-09-16,2512,0,M,2006-10-27,0,Unknown,25,88882,,0
14568,2,1947-04-30,2043,0,B,2006-10-27,0,Unknown,21,88882,,0
14569,2,1947-06-10,1405,0,M,2006-10-27,0,Unknown,21,88882,,0
14570,3,1953-04-29,0,0,M,2006-10-27,2,Unknown,10,14607,,0
14571,2,1974-01-17,1500,0,M,2006-10-30,0,Unknown,21,88882,,0
14572,4,1946-01-29,2244,0,M,2006-10-30,0,Unknown,25,88882,,0
14573,3,1946-03-12,1371,0,M,2006-10-30,0,Unknown,23,88883,,0
14574,2,1966-03-11,2550,0,M,2006-10-30,0,Unknown,21,88882,,0
14575,4,1978-12-28,0,0,P,2006-10-30,2,Unknown,10,17807,,0
14576,3,1962-09-26,1277,0,M,2006-10-31,0,Unknown,21,88882,,0
14577,4,1937-04-10,2425,0,M,2006-10-31,0,Unknown,21,88882,,0
14578,2,1962-06-28,3205,0,M,2006-10-31,0,Unknown,23,88883,,0
14579,4,1955-10-13,1462,0,C,2006-10-31,0,Unknown,25,88882,,0
14580,2,1942-04-21,3873,0,M,2006-11-02,0,Unknown,23,88883,,0
14581,2,1967-07-09,2400,2,S,2006-11-02,0,Unknown,25,88882,,0
14582,4,1957-06-02,0,0,C,2006-11-02,2,Unknown,10,10107,,0
14583,2,1954-04-30,0,0,M,2006-11-03,2,Unknown,10,17499,,0
14584,2,1961-08-29,0,0,D,2006-11-03,2,Unknown,10,13907,,0
14585,3,1963-07-18,1669,2,M,2006-11-06,0,Unknown,25,88882,,0
14586,2,1974-05-16,0,0,A,2006-11-06,0,Unknown,10,10107,,0
14587,4,1979-03-05,0,1,U,2006-11-06,2,Unknown,10,13607,,0
14588,4,1978-06-21,0,0,C,2006-11-06,2,Unknown,10,16607,,0
14589,2,1964-06-12,2514,0,C,2006-11-06,2,Unknown,10,18319,,0
14590,4,1976-11-15,2999,1,U,2006-11-07,2,Unknown,10,12149,,0
14591,2,1961-01-02,0,0,M,2006-11-07,2,Unknown,10,13807,,0
14592,2,1964-12-08,2262,1,P,2006-11-08,0,Unknown,21,88881,,0
14593,2,1965-02-14,2436,0,M,2006-11-08,0,Unknown,23,88883,,0
14594,2,1970-03-04,0,0,C,2006-11-08,2,Unknown,10,10907,,0
14595,3,1961-07-28,0,3,M,2006-11-09,2,Unknown,10,10107,,0
14596,4,1984-05-25,1350,0,C,2006-11-09,2,Unknown,10,11907,,0
14597,2,1959-02-12,0,1,M,2006-11-09,2,Unknown,10,17499,,0
14598,2,1960-01-26,0,0,A,2006-11-09,2,Unknown,10,17499,,0
14599,2,1979-03-12,0,0,M,2006-11-10,2,Unknown,10,10107,,0
14600,4,1983-04-19,0,0,P,2006-11-10,2,Unknown,10,17807,,0
14601,2,1957-02-09,0,2,M,2006-11-10,2,Unknown,10,15607,,0
14602,2,1981-05-23,1036,0,C,2006-11-10,2,Unknown,10,18707,,0
14603,2,1983-03-16,0,0,U,2006-11-13,2,Unknown,10,10107,,0
14604,2,1939-03-13,2259,0,M,2006-11-14,0,Unknown,25,88882,,0
14605,3,1950-06-02,0,0,V,2006-11-14,2,Unknown,10,13907,,0
14606,2,1950-09-07,1860,0,M,2006-11-15,0,Unknown,21,88882,,0
14607,4,1982-08-15,1408,0,U,2006-11-15,2,Unknown,10,11307,,0
14608,4,1981-11-13,1539,0,U,2006-11-15,2,Unknown,10,10207,,0
14609,3,1970-07-31,0,3,M,2006-11-15,2,Unknown,10,10807,,0
14610,3,1949-06-30,0,0,D,2006-11-15,2,Unknown,10,14707,,0
14611,3,1967-02-23,0,2,M,2006-11-16,2,Unknown,10,10107,,0
14612,3,1981-04-18,1444,0,F,2006-11-16,2,Unknown,10,14707,,0
14613,2,1940-02-10,1375,0,M,2006-11-17,0,Unknown,21,88882,,0
14614,4,1995-09-12,0,0,C,2006-11-17,2,Unknown,21,10107,,0
14615,3,1951-05-12,0,0,U,2006-11-20,2,Unknown,10,10107,,0
14616,4,1972-05-23,0,1,U,2006-11-20,2,Unknown,10,18707,,0
14617,3,1963-09-25,0,4,M,2006-11-20,2,Unknown,10,18707,,0
14618,3,1923-01-12,0,0,M,2006-11-20,2,Unknown,10,17807,,0
14619,2,1958-07-24,2100,0,B,2006-11-21,0,Unknown,21,88882,,0
14620,3,1972-06-08,0,3,M,2006-11-21,2,Unknown,10,13607,,0
14621,2,1978-10-12,1600,0,E,2006-11-22,0,Unknown,21,88881,,0
14622,2,1967-09-27,2016,2,G,2006-11-22,0,Unknown,21,88881,,0
14623,2,1963-09-20,0,2,M,2006-11-22,2,Unknown,10,10107,,0
14624,4,1953-11-03,5263,3,D,2006-11-23,0,Unknown,25,88882,,0
14625,2,1958-12-29,2170,0,M,2006-11-23,0,Unknown,21,88882,,0
14626,2,1997-03-08,0,0,C,2006-11-23,2,Unknown,21,10107,,0
14627,2,1972-03-03,3184,0,P,2006-11-24,0,Unknown,10,88881,,0
14628,2,1946-08-18,1744,0,M,2006-11-24,0,Unknown,21,88882,,0
14629,3,1951-10-06,0,0,M,2006-11-24,2,Unknown,10,16607,,0
14630,4,1968-07-18,0,0,C,2006-11-24,2,Unknown,10,17807,,0
14631,2,1952-12-24,0,1,M,2006-11-27,2,Unknown,10,10107,,0
14632,2,1989-10-28,0,0,C,2006-11-27,2,Unknown,21,10107,,0
14633,2,1980-08-19,1200,0,C,2006-11-28,0,Unknown,10,88881,,0
14634,4,1976-09-07,0,1,U,2006-11-28,2,Unknown,10,10207,,0
14635,2,1974-05-21,1460,0,M,2006-11-29,0,Unknown,23,88883,,0
14636,3,1965-12-15,1158,0,M,2006-11-29,0,Unknown,21,88882,,0
14637,2,1956-09-12,1500,2,M,2006-11-29,0,Unknown,25,88882,,0
14638,2,1946-02-23,2877,0,U,2006-11-30,0,Unknown,25,88882,,0
14639,3,1980-04-26,0,2,M,2006-11-30,2,Unknown,10,10807,,0
14640,3,1962-07-08,2860,3,M,2006-11-30,2,Unknown,10,16807,,0
14641,4,1975-01-22,0,0,U,2006-11-30,2,Unknown,10,17807,,0
14642,2,1943-11-01,9115,0,M,2006-12-01,0,Unknown,21,88882,,0
14643,2,1941-10-12,0,2,U,2006-12-01,2,Unknown,10,17499,,0
14644,2,1953-07-24,0,0,C,2006-12-01,2,Unknown,10,10107,,0
14645,4,1979-10-06,0,0,C,2006-12-04,2,Unknown,10,10107,,0
14646,2,1951-07-19,0,0,M,2006-12-04,2,Unknown,10,18707,,0
14647,2,1966-08-19,0,0,M,2006-12-04,2,Unknown,10,10507,,0
14648,2,1970-01-14,0,2,M,2006-12-05,2,Unknown,10,13807,,0
14649,3,1967-07-06,1485,2,M,2006-12-05,2,Unknown,10,11907,,0
14650,4,1980-01-08,1550,0,U,2006-12-05,2,Unknown,10,13507,,0
14651,2,1968-08-01,0,2,M,2006-12-05,2,Unknown,10,16607,,0
14652,2,1976-08-27,1911,1,U,2006-12-05,2,Unknown,10,12149,,0
14653,4,1979-12-27,1452,0,U,2006-12-06,2,Unknown,10,10107,,0
14654,2,1954-12-05,1800,0,M,2006-12-07,0,Unknown,21,88881,,0
14655,2,1972-01-27,1369,0,C,2006-12-07,0,Unknown,21,88881,,0
14656,3,1961-04-30,0,1,M,2006-12-08,2,Unknown,10,10507,,0
14657,2,1973-09-27,0,0,C,2006-12-08,2,Unknown,21,10807,,0
14658,4,1971-07-04,0,2,U,2006-12-08,2,Unknown,10,10207,,0
14659,2,1955-09-09,0,0,A,2006-12-08,2,Unknown,10,12149,,0
14660,4,1983-05-14,1300,0,A,2006-12-11,0,Unknown,10,11307,,0
14661,3,1954-08-26,0,2,V,2006-12-11,2,Unknown,10,13907,,0
14662,2,1954-04-04,0,2,M,2006-12-11,2,Unknown,10,16607,,0
14663,3,1971-08-06,0,1,C,2006-12-11,2,Unknown,10,17807,,0
14664,4,1975-08-30,0,0,C,2006-12-12,2,Unknown,10,10107,,0
14665,2,1945-01-03,0,0,M,2006-12-12,2,Unknown,10,15607,,0
14666,2,1978-11-20,1810,0,U,2006-12-12,2,Unknown,10,10907,,0
14667,3,1953-02-02,1577,0,M,2006-12-13,0,Unknown,25,88882,,0
14668,3,1957-12-24,2276,0,M,2006-12-13,0,Unknown,21,88882,,0
14669,2,1966-05-05,1491,1,C,2006-12-14,0,Unknown,21,88881,,0
14670,3,1971-04-14,0,2,M,2006-12-14,2,Unknown,10,10207,,0
14671,3,1982-07-28,1415,1,G,2006-12-18,2,Unknown,10,16807,,0
14672,4,1981-08-15,0,0,C,2006-12-18,2,Unknown,10,18707,,0
14673,2,1978-01-04,0,0,C,2006-12-18,2,Unknown,10,16607,,0
14674,4,1982-09-08,0,0,C,2006-12-19,2,Unknown,10,10107,,0
14675,2,1965-01-11,0,1,C,2006-12-19,2,Unknown,10,17807,,0
14676,3,1973-01-24,2171,0,M,2006-12-21,0,Unknown,23,88883,,0
14677,2,1974-12-28,1340,0,P,2006-12-21,2,Unknown,10,14607,,0
14678,2,1976-07-26,0,0,C,2006-12-21,2,Unknown,10,17807,,0
14679,3,1962-08-01,1882,3,U,2006-12-21,2,Unknown,10,13507,,0
14680,4,1977-06-30,0,0,U,2006-12-21,2,Unknown,10,10107,,0
14681,4,1979-05-12,0,0,A,2006-12-22,2,Unknown,10,12149,,0
14682,4,2005-09-14,0,0,C,2006-12-22,2,Unknown,21,10107,,0
14683,2,1971-11-04,0,0,A,2006-12-22,2,Unknown,10,17499,,0
14684,4,1978-07-27,0,1,C,2006-12-26,2,Unknown,10,13507,,0
14685,2,1976-01-24,0,0,P,2006-12-26,2,Unknown,10,17807,,0
14686,3,1965-11-08,2022,2,D,2006-12-27,0,Unknown,23,88883,,0
14687,3,1960-05-04,497,0,M,2006-12-27,0,Unknown,21,88882,,0
14688,3,1970-07-31,1539,0,U,2006-12-27,0,Unknown,21,88882,,0
14689,3,1963-01-25,0,3,M,2006-12-27,2,Unknown,10,17807,,0
14690,4,2002-11-06,0,0,C,2006-12-27,2,Unknown,21,10107,,0
14691,2,1965-09-16,1741,0,D,2006-12-27,2,Unknown,10,10107,,0
14692,2,1959-06-12,3888,0,B,2006-12-28,0,Unknown,21,88882,,0
14693,2,1980-03-04,0,1,U,2006-12-28,2,Unknown,10,10207,,0
14694,2,1959-04-25,2711,0,M,2006-12-29,0,Unknown,23,88883,,0
14695,2,1951-11-25,2963,2,M,2006-12-29,0,Unknown,25,88882,,0
14696,4,1991-07-25,0,0,C,2006-12-29,2,Unknown,21,10107,,0
14697,4,1980-03-26,1450,0,C,2006-12-29,2,Unknown,10,10207,,0
14698,2,1968-09-23,2520,2,G,2007-01-02,0,Unknown,21,88881,,0
14699,3,1972-12-23,1726,3,M,2007-01-03,0,Unknown,25,88882,,0
14700,2,1954-02-16,10976,0,B,2007-01-03,0,Unknown,21,88882,,0
14701,2,1974-08-14,0,0,U,2007-01-03,2,Unknown,10,10107,,0
14702,2,1971-11-12,0,0,M,2007-01-03,2,Unknown,10,14707,,0
14703,2,1978-05-22,1268,0,U,2007-01-04,2,Unknown,10,88881,,0
14704,2,1954-03-09,0,1,D,2007-01-04,2,Unknown,10,16607,,0
14705,4,1978-06-16,0,0,C,2007-01-04,2,Unknown,10,14707,,0
14706,2,1933-05-06,0,0,C,2007-01-05,2,Unknown,10,17607,,0
14707,4,1982-01-07,0,0,C,2007-01-05,2,Unknown,10,17607,,0
14708,2,1972-07-04,0,0,M,2007-01-05,2,DV,21,10207,2007-04-23,1
14709,4,1995-02-09,0,0,C,2007-01-05,2,Unknown,21,10107,,0
14710,4,2006-12-16,0,0,C,2007-01-05,2,Unknown,21,10107,,0
14711,2,1951-12-14,6924,0,M,2007-01-06,0,Unknown,21,88882,,0
14712,2,1973-06-13,1300,4,U,2007-01-08,0,Unknown,25,88882,,0
14713,2,1974-05-21,0,0,C,2007-01-08,2,Unknown,10,17607,,0
14714,4,1970-09-21,1118,0,U,2007-01-09,0,Unknown,21,88882,,0
14715,4,1982-02-03,0,0,C,2007-01-09,2,Unknown,10,18707,,0
14716,4,1965-09-27,0,0,C,2007-01-09,2,Unknown,10,17607,,0
14717,3,1963-02-11,0,2,M,2007-01-09,2,Unknown,10,15607,,0
14718,2,1952-07-21,2406,1,B,2007-01-10,0,Unknown,25,88882,,0
14719,3,1964-05-07,0,0,C,2007-01-10,2,Unknown,10,16807,,0
14720,2,1967-09-13,0,2,M,2007-01-10,2,Unknown,10,13607,,0
14721,2,1961-02-20,2000,0,M,2007-01-11,0,Unknown,21,88881,,0
14722,2,1979-03-10,1699,1,P,2007-01-12,2,Unknown,10,10107,,0
14723,4,1973-01-12,1696,1,U,2007-01-15,0,Unknown,10,11307,,0
14724,2,1959-08-27,0,0,D,2007-01-16,2,Unknown,10,17607,,0
14725,2,1974-04-24,0,1,M,2007-01-16,2,Unknown,10,10207,,0
14726,3,1956-02-29,0,0,M,2007-01-16,2,Unknown,10,17807,,0
14727,2,1977-02-22,1209,0,U,2007-01-17,0,Unknown,21,88881,,0
14728,2,2001-11-28,0,0,C,2007-01-17,2,Unknown,21,10107,,0
14729,2,1964-05-24,1615,0,M,2007-01-18,0,Unknown,21,88882,,0
14730,2,1963-12-07,0,0,U,2007-01-18,2,Unknown,10,13807,,0
14731,3,1951-04-07,0,0,G,2007-01-19,0,Unknown,21,88881,,0
14732,3,1973-05-25,1013,0,M,2007-01-19,0,Unknown,23,88883,,0
14733,2,1960-03-02,2133,1,D,2007-01-19,0,Unknown,25,88882,,0
14734,2,1974-06-02,0,2,M,2007-01-22,2,Unknown,10,10807,,0
14735,2,1967-02-25,1777,2,M,2007-01-23,0,Unknown,23,88883,,0
14736,4,1981-04-15,0,0,U,2007-01-23,2,Unknown,10,14607,,0
14737,3,1968-04-14,1472,2,M,2007-01-23,2,Unknown,10,13907,,0
14738,4,1978-04-20,0,1,U,2007-01-23,2,Unknown,10,10807,,0
14739,2,1979-10-24,0,0,U,2007-01-24,2,Unknown,10,14607,,0
14740,3,1951-03-12,0,0,D,2007-01-24,2,Unknown,10,16807,,0
14741,2,1953-06-06,2652,0,B,2007-01-25,0,Unknown,21,88882,,0
14742,2,1961-10-07,1200,0,U,2007-01-25,0,Unknown,21,88881,,0
14743,3,1976-07-10,0,0,M,2007-01-25,2,Unknown,10,10107,,0
14744,2,1954-08-24,0,0,A,2007-01-25,2,Unknown,10,17499,,0
14745,4,2006-01-20,0,0,C,2007-01-26,2,Unknown,21,10107,,0
14746,2,1991-10-28,0,0,C,2007-01-26,2,Unknown,21,10107,,0
14747,3,1977-06-03,1700,0,M,2007-01-26,2,Unknown,10,13807,,0
14748,4,1995-10-06,0,0,C,2007-01-29,2,Unknown,21,10107,,0
14749,2,2005-09-15,0,0,C,2007-01-29,2,Unknown,21,10107,,0
14750,2,1968-03-23,1011,0,U,2007-01-30,0,Unknown,23,88883,,0
14751,4,1981-09-18,1582,0,U,2007-01-30,2,Unknown,10,10107,,0
14752,3,1967-07-26,2676,1,U,2007-01-31,0,Unknown,21,88881,,0
14753,4,1971-09-17,0,0,A,2007-01-31,2,Unknown,10,10107,,0
14754,2,1997-10-28,0,0,C,2007-02-01,2,Unknown,21,10107,,0
14755,4,1983-09-02,0,0,C,2007-02-02,2,Unknown,10,10207,,0
14756,3,1948-06-28,2644,0,U,2007-02-05,0,Unknown,23,88883,,0
14757,3,1971-09-02,1900,2,M,2007-02-05,0,Unknown,25,88882,,0
14758,2,2002-07-29,0,0,C,2007-02-05,2,Unknown,21,10107,,0
14759,2,1931-08-26,830,0,M,2007-02-06,0,Unknown,21,88882,,0
14760,3,1951-06-04,1123,0,M,2007-02-06,0,Unknown,25,88882,,0
14761,4,1989-01-24,0,0,C,2007-02-08,0,Unknown,23,88883,,0
14762,2,1953-11-29,2470,0,M,2007-02-08,0,Unknown,21,88882,,0
14763,2,1989-10-20,0,0,C,2007-02-08,2,Unknown,21,10107,,0
14764,4,1997-12-25,0,0,C,2007-02-08,2,Unknown,21,10107,,0
14765,2,1977-12-24,0,0,P,2007-02-08,2,Unknown,10,11907,,0
14766,4,1985-10-03,0,0,C,2007-02-08,2,Unknown,10,13507,,0
14767,2,1977-11-30,0,1,P,2007-02-08,2,Unknown,10,15607,,0
14768,2,1968-02-06,895,0,M,2007-02-09,0,Unknown,21,88882,,0
14769,2,1963-01-19,0,0,U,2007-02-09,2,Unknown,10,16607,,0
14770,3,1973-03-22,0,2,M,2007-02-09,2,Unknown,10,18707,,0
14771,4,1981-01-18,1246,0,U,2007-02-12,2,Unknown,10,11307,,0
14772,3,1943-11-16,0,0,M,2007-02-12,2,Unknown,10,16807,,0
14773,3,1951-03-24,0,1,D,2007-02-12,2,Unknown,10,10207,,0
14774,2,1952-08-14,5883,0,G,2007-02-12,2,Unknown,10,18319,,0
14775,2,1957-01-20,0,0,A,2007-02-12,2,Unknown,10,18319,,0
14776,2,1967-05-07,590,2,M,2007-02-12,0,Unknown,21,88881,,0
14777,2,1984-02-27,0,0,U,2007-02-13,2,Unknown,10,10207,,0
14778,4,1989-12-30,0,0,C,2007-02-14,2,Unknown,21,10107,,0
14779,2,1978-10-01,0,0,P,2007-02-14,2,Unknown,10,11907,,0
14780,2,1954-05-26,0,0,M,2007-02-14,2,Unknown,10,17607,,0
14781,2,1954-08-17,1575,0,M,2007-02-15,0,Unknown,21,88882,,0
14782,4,1992-07-02,0,0,C,2007-02-15,2,Unknown,21,10107,,0
14783,3,1978-08-19,0,0,M,2007-02-15,2,Unknown,10,10107,,0
14784,2,1978-04-10,1261,0,M,2007-02-15,2,Unknown,10,18707,,0
14785,2,1972-05-19,0,2,C,2007-02-15,2,Unknown,10,18707,,0
14786,3,1975-02-02,0,0,M,2007-02-15,2,Unknown,10,17807,,0
14787,4,1955-12-12,0,2,C,2007-02-16,2,Unknown,10,10107,,0
14788,3,1952-06-16,0,0,M,2007-02-19,0,Unknown,21,88881,,0
14789,4,2006-09-26,0,0,C,2007-02-19,2,Unknown,21,10107,,0
14790,2,1962-09-03,4818,1,M,2007-02-19,2,Unknown,10,18319,,0
14791,2,1981-05-27,1650,0,U,2007-02-19,2,Unknown,10,14707,,0
14792,4,1967-01-23,2598,3,M,2007-02-20,0,Unknown,23,88883,,0
14793,4,1977-12-22,1669,0,P,2007-02-20,0,Unknown,21,88881,,0
14794,2,1978-02-28,0,0,U,2007-02-20,2,Unknown,10,17807,,0
14795,3,1969-07-27,1677,2,B,2007-02-21,0,Unknown,25,88882,,0
14796,2,1958-04-26,2447,0,U,2007-02-21,0,Unknown,21,88882,,0
14797,2,1963-08-09,1376,0,M,2007-02-21,0,Unknown,21,88882,,0
14798,4,1999-11-26,0,0,C,2007-02-21,2,Unknown,21,10107,,0
14799,3,1951-01-01,3780,1,M,2007-02-22,0,Unknown,25,88882,,0
14800,3,1952-03-09,0,0,M,2007-02-22,2,Unknown,10,10907,,0
14801,4,1979-05-29,0,0,C,2007-02-22,2,Unknown,10,10207,,0
14802,3,1955-08-13,0,0,M,2007-02-22,2,Unknown,10,13507,,0
14803,2,1990-06-30,0,0,C,2007-02-23,2,Unknown,21,10107,,0
14804,2,1972-10-27,0,0,P,2007-02-23,2,Unknown,10,10807,,0
14805,2,1978-05-02,1906,0,P,2007-02-23,2,Unknown,10,13507,,0
14806,3,1967-07-13,2160,2,E,2007-02-26,0,Unknown,21,88881,,0
14807,2,1970-11-12,0,0,C,2007-02-26,2,Unknown,10,10107,,0
14808,2,1970-09-26,0,0,C,2007-02-26,2,Unknown,10,11907,,0
14809,2,1976-05-06,0,2,M,2007-02-26,2,Unknown,10,16707,,0
14810,4,1974-01-30,1461,1,P,2007-02-27,0,Unknown,21,88881,,0
14811,2,1981-02-20,1391,0,M,2007-02-27,0,Unknown,21,88881,,0
14812,4,1983-11-14,0,0,C,2007-03-01,2,Unknown,10,10107,,0
14813,4,1984-01-03,1415,0,U,2007-03-02,2,Unknown,10,15607,,0
14814,2,1970-09-16,0,0,C,2007-03-02,2,Unknown,10,10107,,0
14815,2,1979-04-20,0,0,U,2007-03-02,2,Unknown,10,10207,,0
14816,3,1954-03-15,2226,0,M,2007-03-05,0,Unknown,23,88883,,0
14817,2,1950-11-30,1849,0,U,2007-03-05,0,Unknown,21,88881,,0
14818,2,1959-03-12,0,0,A,2007-03-05,2,Unknown,10,12149,,0
14819,2,1951-07-05,2169,1,U,2007-03-05,0,Unknown,21,88881,,0
14820,3,1958-12-14,1822,0,M,2007-03-06,0,Unknown,21,88882,,0
14821,2,1948-01-30,3252,0,M,2007-03-07,0,Unknown,25,88882,,0
14822,4,1968-02-10,0,0,C,2007-03-07,2,Unknown,10,13507,,0
14823,4,1974-06-17,0,1,P,2007-03-07,2,Unknown,10,10207,,0
14824,2,1983-02-23,1550,0,C,2007-03-08,2,Unknown,10,10207,,0
14825,3,1972-12-16,0,0,D,2007-03-08,2,Unknown,10,16607,,0
14826,2,1970-07-29,2090,2,M,2007-03-09,0,Unknown,21,88881,,0
14827,4,1961-08-06,0,1,C,2007-03-09,2,Unknown,10,10107,,0
14828,2,1989-12-15,0,0,C,2007-03-09,2,Unknown,21,10107,,0
14829,3,1960-01-29,861,4,M,2007-03-12,0,Unknown,21,88881,,0
14830,3,1978-06-07,2995,0,M,2007-03-12,0,Unknown,10,11307,,0
14831,3,1965-10-22,1257,2,M,2007-03-12,0,Unknown,25,88882,,0
14832,4,1993-02-24,0,0,C,2007-03-12,2,Unknown,21,10107,,0
14833,4,1978-11-08,1500,0,U,2007-03-12,2,Unknown,10,16607,,0
14834,2,1967-12-04,0,2,C,2007-03-12,2,Unknown,10,13607,,0
14835,3,1956-08-02,0,4,M,2007-03-13,2,Unknown,10,18707,,0
14836,4,1972-01-19,0,0,C,2007-03-13,2,Unknown,10,17807,,0
14837,2,1974-10-20,2016,0,M,2007-03-14,0,Unknown,21,88881,,0
14838,4,1984-03-06,0,0,C,2007-03-14,2,Unknown,10,13807,,0
14839,2,1955-09-11,0,0,A,2007-03-14,2,Unknown,10,12149,,0
14840,2,1949-12-28,0,0,A,2007-03-15,2,Unknown,10,10107,,0
14841,3,1961-02-26,1950,3,M,2007-03-15,2,Unknown,10,16807,,0
14842,2,1954-05-14,0,0,M,2007-03-15,2,Unknown,10,13807,,0
14843,3,1974-06-24,0,2,M,2007-03-16,2,Unknown,10,16707,,0
14844,2,1975-08-04,1625,0,P,2007-03-16,2,Unknown,10,13607,,0
14845,4,1978-02-27,0,0,C,2007-03-16,2,Unknown,10,10507,,0
14846,2,1970-04-20,0,0,A,2007-03-16,2,Unknown,10,17499,,0
14847,2,1958-10-23,2307,0,M,2007-03-19,0,Unknown,21,88882,,0
14848,2,1943-09-19,2245,0,B,2007-03-19,0,Unknown,21,88881,,0
14849,4,1968-03-07,464,3,M,2007-03-19,0,Unknown,23,88883,,0
14850,2,1958-01-12,0,0,A,2007-03-19,2,Unknown,10,12149,,0
14851,3,1972-04-26,0,3,S,2007-03-19,2,Unknown,10,10907,,0
14852,4,1970-03-26,0,0,A,2007-03-19,2,Unknown,10,17499,,0
14853,3,1983-10-29,0,0,M,2007-03-19,2,Unknown,10,14707,,0
14854,2,1960-06-24,3192,0,M,2007-03-20,0,Unknown,21,88882,,0
14855,2,1978-08-14,0,0,U,2007-03-22,2,Unknown,10,10107,,0
14856,4,1976-06-21,1490,0,C,2007-03-22,2,Unknown,10,10107,,0
14857,2,1974-07-02,1520,1,U,2007-03-22,0,Unknown,21,88881,,0
14858,4,1999-05-11,0,0,C,2007-03-23,2,Unknown,21,10107,,0
14859,2,1982-05-20,0,0,C,2007-03-23,2,Unknown,10,10107,,0
14860,3,1978-07-20,0,1,M,2007-03-23,2,Unknown,10,12149,,0
14861,2,1979-01-22,0,0,A,2007-03-26,2,Unknown,10,10107,,0
14862,4,1981-10-21,1712,0,U,2007-03-27,2,Unknown,10,11307,,0
14863,2,1971-01-17,2001,0,U,2007-03-27,0,Unknown,23,88883,,0
14864,3,1966-10-09,0,0,A,2007-03-27,2,Unknown,10,17499,,0
14865,2,1974-04-13,0,4,U,2007-03-27,2,Unknown,10,10107,,0
14866,4,2007-01-18,0,0,C,2007-03-27,2,Unknown,21,10107,,0
14867,2,1972-08-10,0,0,M,2007-03-28,2,Unknown,10,18707,,0
14868,4,1981-12-19,0,0,U,2007-03-28,2,Unknown,10,15607,,0
14869,4,1966-08-28,0,0,C,2007-03-28,2,Unknown,10,15607,,0
14870,3,1972-09-10,967,2,M,2007-03-28,0,Unknown,21,88881,,0
14871,2,1972-01-26,3500,0,C,2007-03-29,0,Unknown,23,88883,,0
14872,2,1978-09-19,1507,1,U,2007-03-29,2,Unknown,10,13807,,0
14873,3,1964-12-08,0,0,M,2007-03-29,2,Unknown,10,14707,,0
14874,2,1940-02-10,2284,0,M,2007-03-30,0,Unknown,21,88882,,0
14875,2,1950-02-03,1960,0,M,2007-03-30,0,Unknown,21,88882,,0
14876,3,1951-04-23,0,0,M,2007-04-02,0,Unknown,21,88882,,0
14877,2,1961-10-20,0,0,A,2007-04-02,0,Unknown,10,11307,,0
14878,2,2005-11-07,0,0,C,2007-04-02,2,Unknown,21,10107,,0
14879,2,1979-11-13,0,0,U,2007-04-03,2,Unknown,10,16807,,0
14880,2,1980-11-04,0,0,C,2007-04-03,2,Unknown,10,16707,,0
14881,4,1983-06-09,0,0,C,2007-04-03,2,Unknown,21,13507,,0
14882,2,1962-05-17,0,2,U,2007-04-04,2,Unknown,10,16807,,0
14883,4,1967-10-08,0,0,U,2007-04-05,2,Unknown,10,10107,,0
14884,4,1982-06-06,1663,0,U,2007-04-05,2,Unknown,10,10207,,0
14885,2,1965-04-19,0,0,C,2007-04-05,2,Unknown,10,14707,,0
14886,3,1963-08-20,967,3,G,2007-04-06,0,Unknown,21,88881,,0
14887,3,1945-04-22,694,0,M,2007-04-06,0,Unknown,21,88881,,0
14888,3,1977-12-12,0,2,M,2007-04-06,2,Unknown,10,13807,,0
14889,2,1980-01-04,0,0,C,2007-04-06,2,Unknown,10,13507,,0
14890,2,1974-03-23,0,0,M,2007-04-06,2,Unknown,10,13507,,0
14891,3,1962-12-17,0,2,D,2007-04-06,2,Unknown,10,10207,,0
14892,2,1967-10-19,0,0,M,2007-04-06,2,Unknown,10,14707,,0
14893,2,2006-02-06,0,0,C,2007-04-06,2,Unknown,21,10107,,0
14894,4,1944-02-15,1501,2,M,2007-04-10,0,Unknown,25,88882,,0
14895,4,1968-11-29,0,0,A,2007-04-10,2,Unknown,10,17499,,0
14896,2,1978-01-28,1237,1,U,2007-04-10,2,Unknown,10,16807,,0
14897,3,1978-05-08,1250,2,G,2007-04-11,0,Unknown,21,88881,,0
14898,4,1953-11-14,2841,1,C,2007-04-11,0,Unknown,25,88882,,0
14899,4,1975-02-01,0,0,P,2007-04-12,0,Unknown,21,88881,,0
14900,3,1979-06-16,0,0,M,2007-04-12,2,Unknown,10,13507,,0
14901,2,1971-09-04,0,0,C,2007-04-12,2,Unknown,10,10207,,0
14902,2,1957-03-06,1825,0,U,2007-04-13,0,Unknown,21,88881,,0
14903,4,1983-05-22,0,0,P,2007-04-13,2,Unknown,10,10807,,0
14904,2,1990-03-21,0,0,C,2007-04-13,2,Unknown,21,10907,,0
14905,2,1946-10-30,1980,0,E,2007-04-13,0,Unknown,21,88881,,0
14906,2,1935-09-29,8000,0,B,2007-04-16,0,Unknown,21,88881,,0
14907,4,1978-03-23,0,0,U,2007-04-16,2,Unknown,10,10207,,0
14908,2,1962-04-28,0,3,M,2007-04-17,2,Unknown,10,13507,,0
14909,2,1948-02-01,2500,0,G,2007-04-18,0,Unknown,21,88881,,0
14910,2,1972-07-27,0,0,M,2007-04-18,2,Unknown,10,15607,,0
14911,3,1939-08-22,700,0,G,2007-04-19,2,Unknown,10,16807,,0
14912,3,1978-09-16,0,0,M,2007-04-19,2,Unknown,10,10207,,0
14913,2,1947-05-21,1900,0,G,2007-04-19,0,Unknown,21,88881,,0
14914,3,1962-08-08,1510,2,M,2007-04-20,0,Unknown,25,88882,,0
14915,4,1976-01-11,0,0,C,2007-04-20,2,Unknown,10,10107,,0
14916,2,1962-08-05,0,0,M,2007-04-20,2,Unknown,10,11907,,0
14917,2,1952-11-14,0,0,A,2007-04-20,2,Unknown,10,17499,,0
14918,2,1962-07-31,0,0,A,2007-04-20,2,Unknown,10,17499,,0
14919,2,1964-06-21,2248,0,M,2007-04-23,0,Unknown,21,88882,,0
14920,4,1987-09-09,0,1,U,2007-04-23,2,Unknown,10,10207,,0
14921,2,1974-05-17,0,0,C,2007-04-23,2,Unknown,10,18707,,0
14922,3,1980-11-04,1764,1,B,2007-04-24,2,Unknown,10,88881,,0
14923,2,1977-08-27,0,0,U,2007-04-24,2,Unknown,10,10107,,0
14924,2,1951-11-20,0,1,M,2007-04-24,2,Unknown,10,10207,,0
14925,4,1981-05-09,0,0,C,2007-04-25,2,Unknown,10,17807,,0
14926,4,1956-07-23,2640,0,U,2007-04-26,0,Unknown,21,88882,,0
14927,3,1980-10-13,1900,0,M,2007-04-26,2,Unknown,10,16607,,0
14928,3,1978-05-12,0,2,M,2007-04-27,2,Unknown,10,17807,,0
14929,2,1962-03-21,2494,0,U,2007-04-30,0,Unknown,21,88882,,0
14930,2,1982-09-14,0,0,U,2007-04-30,2,Unknown,10,10507,,0
14931,2,1962-03-08,0,0,A,2007-04-30,2,Unknown,10,16807,,0
14932,3,1955-10-27,0,1,M,2007-04-30,2,Unknown,10,17607,,0
14933,3,1968-08-13,1417,0,M,2007-05-02,0,Unknown,21,88882,,0
14934,4,1978-01-27,0,0,C,2007-05-03,2,Unknown,10,10907,,0
14935,2,1973-08-16,0,0,A,2007-05-03,2,Unknown,10,10807,,0
14936,2,1936-10-11,3050,0,M,2007-05-04,0,Unknown,21,88882,,0
14937,4,1968-09-04,0,0,A,2007-05-04,2,Unknown,10,11907,,0
14938,4,1981-08-08,0,0,A,2007-05-04,2,Unknown,10,11907,,0
14939,2,1954-07-04,0,0,A,2007-05-04,2,Unknown,10,17807,,0
14940,2,1969-05-25,2202,0,M,2007-05-07,0,Unknown,23,88883,,0
14941,4,1983-07-29,0,0,A,2007-05-07,2,Unknown,10,16607,,0
14942,4,1979-01-22,0,0,A,2007-05-07,2,Unknown,10,17607,,0
14943,4,1977-08-30,0,0,A,2007-05-09,0,Unknown,10,11307,,0
14944,4,1976-12-09,1700,0,C,2007-05-09,0,Unknown,21,88881,,0
14945,2,1965-02-11,2870,2,U,2007-05-09,0,Unknown,25,88882,,0
14946,4,1977-03-02,0,0,A,2007-05-09,2,Unknown,10,14607,,0
14947,4,1959-10-04,1534,3,U,2007-05-09,2,Unknown,10,14607,,0
14948,2,1980-04-12,2333,0,C,2007-05-10,2,Unknown,10,10207,,0
14949,2,1937-10-05,0,0,A,2007-05-10,2,Unknown,10,16807,,0
14950,3,1961-08-20,0,0,A,2007-05-10,2,Unknown,10,17607,,0
14951,3,1969-09-18,0,0,A,2007-05-10,2,Unknown,10,17807,,0
14952,2,1978-01-23,2203,0,P,2007-05-10,2,Unknown,10,10107,,0
14953,2,1964-11-03,0,0,A,2007-05-11,2,Unknown,10,13807,,0
14954,3,1951-09-07,0,0,M,2007-05-14,0,Unknown,21,88882,,0
14955,3,1945-01-10,695,0,M,2007-05-14,0,Unknown,21,88882,,0
14956,3,1969-11-22,0,0,A,2007-05-14,2,Unknown,10,14607,,0
14957,2,1958-10-22,1600,0,E,2007-05-16,0,Unknown,21,88881,,0
14958,3,1952-06-26,2014,0,M,2007-05-18,0,Unknown,25,88882,,0
14959,2,1975-03-22,1265,0,M,2007-05-18,0,Unknown,21,88882,,0
14960,2,2007-01-10,0,0,A,2007-05-18,2,Unknown,21,10107,,0
14961,2,1965-02-18,1705,2,U,2007-05-18,2,Unknown,10,17807,,0
14962,3,1964-05-24,0,0,A,2007-05-18,2,Unknown,10,15607,,0
14963,3,1951-12-05,0,0,A,2007-05-18,2,Unknown,10,14707,,0
14964,2,2006-09-08,0,0,A,2007-05-21,2,Unknown,21,10107,,0
14965,3,1961-10-19,0,0,A,2007-05-22,2,Unknown,10,15607,,0
14966,2,1970-03-24,0,0,A,2007-05-22,2,Unknown,10,14607,,0
14967,3,1961-04-20,1771,1,M,2007-05-24,0,Unknown,25,88882,,0
14968,2,1967-04-11,1452,1,G,2007-05-24,0,Unknown,21,88881,,0
14969,2,1991-08-21,0,0,A,2007-05-24,2,Unknown,21,10107,,0
14970,3,1970-03-16,0,0,A,2007-05-24,2,Unknown,10,18707,,0
14971,4,1990-07-24,0,0,A,2007-05-25,2,Unknown,21,10107,,0
14972,3,1941-10-01,0,0,A,1982-03-30,0,Unknown,21,0,,0
14973,3,1948-01-01,0,0,A,1982-04-05,0,Unknown,21,0,,0
14974,3,1945-02-14,0,0,A,1982-04-27,0,Unknown,21,0,,0
14975,3,1947-05-01,0,0,A,1982-05-05,0,Unknown,21,0,,0
14976,3,1932-08-14,0,0,A,1982-06-16,0,Unknown,21,0,,0
14977,2,1941-07-03,0,0,A,1982-06-08,0,DA,21,0,1998-06-23,1
14978,3,,0,0,A,1982-09-15,0,Unknown,21,0,,0
14979,3,,0,0,A,1982-06-22,0,Unknown,21,0,,0
14980,2,1944-10-14,0,0,A,1982-07-15,0,Unknown,21,0,,0
14981,3,1938-05-01,0,0,A,1982-09-13,0,DA,21,0,1994-07-28,1
14982,3,1947-04-16,0,0,A,1982-09-22,0,Unknown,21,0,,0
14983,3,1949-06-17,1981,0,M,1982-11-23,0,Unknown,21,0,,0
14984,2,1942-05-12,0,0,A,1982-11-26,0,Unknown,21,0,,0
14985,3,,0,0,A,1983-01-21,0,Unknown,21,0,,0
14986,3,,0,0,A,1983-02-08,0,Unknown,21,0,,0
14987,3,1940-01-11,0,1,S,1983-03-09,0,Unknown,10,18707,,0
14988,2,1932-10-16,1396,0,E,1983-04-11,2,Unknown,21,16807,,0
14989,3,1950-11-07,0,0,M,1983-06-09,0,Unknown,21,0,,0
14990,2,1929-01-28,0,0,A,1983-08-18,0,Unknown,21,0,,0
14991,3,1942-03-05,0,0,A,1983-09-06,0,Unknown,21,0,,0
14992,3,1940-03-28,0,0,A,1983-09-08,0,Unknown,21,0,,0
14993,2,1946-07-02,0,0,A,1983-09-09,0,DA,21,0,1994-07-11,1
14994,3,1951-05-11,0,0,M,1983-09-12,0,Unknown,10,11307,,0
14995,2,1938-02-25,0,0,A,1983-10-03,0,Unknown,21,0,,0
14996,3,1959-12-25,0,0,A,1983-10-05,0,Unknown,21,0,,0
14997,3,1934-01-16,0,0,M,1983-11-04,2,Unknown,21,0,,0
14998,3,1935-03-14,0,0,A,1983-11-14,0,DV,21,0,2000-10-11,1
14999,3,1940-11-01,2498,0,G,1983-12-08,2,Unknown,10,0,,0
15000,3,1944-12-31,0,0,M,1983-12-16,2,Unknown,10,0,,0
15001,3,1949-10-01,0,0,A,1982-02-25,0,Unknown,21,0,,0
15002,2,1955-01-16,0,0,A,1982-03-01,0,Unknown,21,0,,0
15003,3,,0,0,A,1982-09-21,0,DV,10,0,1996-11-29,1
15004,2,1957-03-01,0,0,A,1983-03-29,0,Unknown,21,0,,0
15005,2,,0,0,A,1983-04-06,0,Unknown,21,0,,0
15006,3,,0,0,A,1983-03-22,0,Unknown,21,0,,0
15007,2,1952-03-16,0,0,A,1983-05-09,0,Unknown,21,0,,0
15008,3,1960-04-19,0,0,A,1983-07-18,0,Unknown,21,0,,0
15009,2,1952-09-18,0,0,M,1983-05-17,2,Unknown,10,0,,0
15010,3,1937-03-19,0,0,A,1983-06-08,0,Unknown,21,0,,0
15011,3,1945-09-11,0,0,A,1983-06-27,0,Unknown,21,0,,0
15012,3,1947-06-01,0,0,A,1983-08-23,0,Unknown,21,0,,0
15013,3,1957-04-07,0,0,A,1983-08-11,0,Unknown,21,0,,0
15014,3,1961-05-25,1077,2,M,1983-12-12,0,Unknown,21,0,,0
15015,3,1950-12-03,1527,0,M,1983-12-27,0,Unknown,21,0,,0
15016,3,1938-05-16,0,0,A,1982-05-12,0,Unknown,10,11307,,0
15017,2,1947-10-03,0,0,A,1983-08-17,0,DV,21,11307,2003-12-15,1
15018,3,1948-08-01,0,0,A,1981-08-11,0,Unknown,21,0,,0
15019,3,1953-05-25,0,1,M,1980-02-27,2,Unknown,10,10307,,0
15020,2,1951-10-04,0,0,A,1980-01-29,0,Unknown,10,0,,0
15021,2,1944-06-12,0,0,A,1981-05-07,0,Unknown,10,0,,0
15022,2,1941-03-19,0,0,A,1982-11-17,0,Unknown,10,0,,0
